asiento_id,empresa_id,entry_date,entry_type,source_table,source_id
ASI_000001,EMP_0001,2023-10-11,FACTURA_COMPRA,fin_facturas_compra,FC_00001
ASI_000002,EMP_0001,2023-11-13,FACTURA_COMPRA,fin_facturas_compra,FC_00002
ASI_000003,EMP_0001,2023-12-16,FACTURA_COMPRA,fin_facturas_compra,FC_00003
ASI_000004,EMP_0001,2023-12-24,FACTURA_COMPRA,fin_facturas_compra,FC_00004
ASI_000005,EMP_0001,2023-10-15,FACTURA_COMPRA,fin_facturas_compra,FC_00005
ASI_000006,EMP_0001,2024-05-27,FACTURA_COMPRA,fin_facturas_compra,FC_00006
ASI_000007,EMP_0001,2023-07-18,FACTURA_COMPRA,fin_facturas_compra,FC_00007
ASI_000008,EMP_0001,2023-07-23,FACTURA_COMPRA,fin_facturas_compra,FC_00008
ASI_000009,EMP_0001,2023-08-27,FACTURA_COMPRA,fin_facturas_compra,FC_00009
ASI_000010,EMP_0001,2024-05-29,FACTURA_COMPRA,fin_facturas_compra,FC_00010
ASI_000011,EMP_0001,2023-10-26,FACTURA_COMPRA,fin_facturas_compra,FC_00011
ASI_000012,EMP_0001,2023-11-12,FACTURA_COMPRA,fin_facturas_compra,FC_00012
ASI_000013,EMP_0001,2023-12-27,FACTURA_COMPRA,fin_facturas_compra,FC_00013
ASI_000014,EMP_0001,2023-12-19,FACTURA_COMPRA,fin_facturas_compra,FC_00014
ASI_000015,EMP_0001,2023-10-26,FACTURA_COMPRA,fin_facturas_compra,FC_00015
ASI_000016,EMP_0001,2023-10-12,FACTURA_COMPRA,fin_facturas_compra,FC_00016
ASI_000017,EMP_0001,2023-11-24,FACTURA_COMPRA,fin_facturas_compra,FC_00017
ASI_000018,EMP_0001,2023-12-20,FACTURA_COMPRA,fin_facturas_compra,FC_00018
ASI_000019,EMP_0001,2023-12-11,FACTURA_COMPRA,fin_facturas_compra,FC_00019
ASI_000020,EMP_0001,2023-10-15,FACTURA_COMPRA,fin_facturas_compra,FC_00020
ASI_000021,EMP_0001,2023-08-13,FACTURA_COMPRA,fin_facturas_compra,FC_00021
ASI_000022,EMP_0001,2023-10-17,FACTURA_COMPRA,fin_facturas_compra,FC_00022
ASI_000023,EMP_0001,2023-11-02,FACTURA_COMPRA,fin_facturas_compra,FC_00023
ASI_000024,EMP_0001,2023-11-19,FACTURA_COMPRA,fin_facturas_compra,FC_00024
ASI_000025,EMP_0001,2023-12-04,FACTURA_COMPRA,fin_facturas_compra,FC_00025
ASI_000026,EMP_0001,2023-08-28,FACTURA_COMPRA,fin_facturas_compra,FC_00026
ASI_000027,EMP_0001,2024-05-24,FACTURA_COMPRA,fin_facturas_compra,FC_00027
ASI_000028,EMP_0001,2023-07-28,FACTURA_COMPRA,fin_facturas_compra,FC_00028
ASI_000029,EMP_0001,2023-07-19,FACTURA_COMPRA,fin_facturas_compra,FC_00029
ASI_000030,EMP_0001,2023-09-01,FACTURA_COMPRA,fin_facturas_compra,FC_00030
ASI_000031,EMP_0001,2024-05-18,FACTURA_COMPRA,fin_facturas_compra,FC_00031
ASI_000032,EMP_0001,2023-10-19,FACTURA_COMPRA,fin_facturas_compra,FC_00032
ASI_000033,EMP_0001,2023-11-28,FACTURA_COMPRA,fin_facturas_compra,FC_00033
ASI_000034,EMP_0001,2023-12-27,FACTURA_COMPRA,fin_facturas_compra,FC_00034
ASI_000035,EMP_0001,2023-12-20,FACTURA_COMPRA,fin_facturas_compra,FC_00035
ASI_000036,EMP_0001,2023-11-04,FACTURA_COMPRA,fin_facturas_compra,FC_00036
ASI_000037,EMP_0001,2023-10-29,FACTURA_COMPRA,fin_facturas_compra,FC_00037
ASI_000038,EMP_0001,2023-11-17,FACTURA_COMPRA,fin_facturas_compra,FC_00038
ASI_000039,EMP_0001,2023-12-28,FACTURA_COMPRA,fin_facturas_compra,FC_00039
ASI_000040,EMP_0001,2023-12-28,FACTURA_COMPRA,fin_facturas_compra,FC_00040
ASI_000041,EMP_0001,2023-10-25,FACTURA_COMPRA,fin_facturas_compra,FC_00041
ASI_000042,EMP_0001,2023-08-24,FACTURA_COMPRA,fin_facturas_compra,FC_00042
ASI_000043,EMP_0001,2023-10-13,FACTURA_COMPRA,fin_facturas_compra,FC_00043
ASI_000044,EMP_0001,2023-10-10,FACTURA_COMPRA,fin_facturas_compra,FC_00044
ASI_000045,EMP_0001,2023-11-10,FACTURA_COMPRA,fin_facturas_compra,FC_00045
ASI_000046,EMP_0001,2023-11-25,FACTURA_COMPRA,fin_facturas_compra,FC_00046
ASI_000047,EMP_0001,2023-08-30,FACTURA_COMPRA,fin_facturas_compra,FC_00047
ASI_000048,EMP_0001,2023-10-13,FACTURA_COMPRA,fin_facturas_compra,FC_00048
ASI_000049,EMP_0001,2023-11-27,FACTURA_COMPRA,fin_facturas_compra,FC_00049
ASI_000050,EMP_0001,2023-12-22,FACTURA_COMPRA,fin_facturas_compra,FC_00050
ASI_000051,EMP_0001,2023-12-12,FACTURA_COMPRA,fin_facturas_compra,FC_00051
ASI_000052,EMP_0001,2023-10-26,FACTURA_COMPRA,fin_facturas_compra,FC_00052
ASI_000053,EMP_0001,2023-10-18,FACTURA_COMPRA,fin_facturas_compra,FC_00053
ASI_000054,EMP_0001,2023-11-14,FACTURA_COMPRA,fin_facturas_compra,FC_00054
ASI_000055,EMP_0001,2023-12-24,FACTURA_COMPRA,fin_facturas_compra,FC_00055
ASI_000056,EMP_0001,2023-12-18,FACTURA_COMPRA,fin_facturas_compra,FC_00056
ASI_000057,EMP_0001,2023-10-30,FACTURA_COMPRA,fin_facturas_compra,FC_00057
ASI_000058,EMP_0001,2023-10-06,FACTURA_COMPRA,fin_facturas_compra,FC_00058
ASI_000059,EMP_0001,2023-11-12,FACTURA_COMPRA,fin_facturas_compra,FC_00059
ASI_000060,EMP_0001,2024-01-03,FACTURA_COMPRA,fin_facturas_compra,FC_00060
ASI_000061,EMP_0001,2023-12-17,FACTURA_COMPRA,fin_facturas_compra,FC_00061
ASI_000062,EMP_0001,2023-10-14,FACTURA_COMPRA,fin_facturas_compra,FC_00062
ASI_000063,EMP_0001,2024-10-27,FACTURA_COMPRA,fin_facturas_compra,FC_00063
ASI_000064,EMP_0001,2024-11-27,FACTURA_COMPRA,fin_facturas_compra,FC_00064
ASI_000065,EMP_0001,2024-12-10,FACTURA_COMPRA,fin_facturas_compra,FC_00065
ASI_000066,EMP_0001,2024-12-16,FACTURA_COMPRA,fin_facturas_compra,FC_00066
ASI_000067,EMP_0001,2024-10-23,FACTURA_COMPRA,fin_facturas_compra,FC_00067
ASI_000068,EMP_0001,2024-08-13,FACTURA_COMPRA,fin_facturas_compra,FC_00068
ASI_000069,EMP_0001,2024-10-27,FACTURA_COMPRA,fin_facturas_compra,FC_00069
ASI_000070,EMP_0001,2024-10-16,FACTURA_COMPRA,fin_facturas_compra,FC_00070
ASI_000071,EMP_0001,2024-11-23,FACTURA_COMPRA,fin_facturas_compra,FC_00071
ASI_000072,EMP_0001,2024-11-16,FACTURA_COMPRA,fin_facturas_compra,FC_00072
ASI_000073,EMP_0001,2024-08-28,FACTURA_COMPRA,fin_facturas_compra,FC_00073
ASI_000074,EMP_0001,2024-08-23,FACTURA_COMPRA,fin_facturas_compra,FC_00074
ASI_000075,EMP_0001,2024-11-02,FACTURA_COMPRA,fin_facturas_compra,FC_00075
ASI_000076,EMP_0001,2024-10-26,FACTURA_COMPRA,fin_facturas_compra,FC_00076
ASI_000077,EMP_0001,2024-11-14,FACTURA_COMPRA,fin_facturas_compra,FC_00077
ASI_000078,EMP_0001,2024-11-16,FACTURA_COMPRA,fin_facturas_compra,FC_00078
ASI_000079,EMP_0001,2024-08-08,FACTURA_COMPRA,fin_facturas_compra,FC_00079
ASI_000080,EMP_0001,2025-05-30,FACTURA_COMPRA,fin_facturas_compra,FC_00080
ASI_000081,EMP_0001,2024-07-20,FACTURA_COMPRA,fin_facturas_compra,FC_00081
ASI_000082,EMP_0001,2024-07-18,FACTURA_COMPRA,fin_facturas_compra,FC_00082
ASI_000083,EMP_0001,2024-08-26,FACTURA_COMPRA,fin_facturas_compra,FC_00083
ASI_000084,EMP_0001,2025-05-30,FACTURA_COMPRA,fin_facturas_compra,FC_00084
ASI_000085,EMP_0001,2024-08-19,FACTURA_COMPRA,fin_facturas_compra,FC_00085
ASI_000086,EMP_0001,2024-10-09,FACTURA_COMPRA,fin_facturas_compra,FC_00086
ASI_000087,EMP_0001,2024-10-11,FACTURA_COMPRA,fin_facturas_compra,FC_00087
ASI_000088,EMP_0001,2024-12-02,FACTURA_COMPRA,fin_facturas_compra,FC_00088
ASI_000089,EMP_0001,2024-11-07,FACTURA_COMPRA,fin_facturas_compra,FC_00089
ASI_000090,EMP_0001,2024-08-19,FACTURA_COMPRA,fin_facturas_compra,FC_00090
ASI_000091,EMP_0001,2024-08-20,FACTURA_COMPRA,fin_facturas_compra,FC_00091
ASI_000092,EMP_0001,2024-10-11,FACTURA_COMPRA,fin_facturas_compra,FC_00092
ASI_000093,EMP_0001,2024-10-31,FACTURA_COMPRA,fin_facturas_compra,FC_00093
ASI_000094,EMP_0001,2024-11-10,FACTURA_COMPRA,fin_facturas_compra,FC_00094
ASI_000095,EMP_0001,2024-11-11,FACTURA_COMPRA,fin_facturas_compra,FC_00095
ASI_000096,EMP_0001,2024-08-26,FACTURA_COMPRA,fin_facturas_compra,FC_00096
ASI_000097,EMP_0001,2024-10-09,FACTURA_COMPRA,fin_facturas_compra,FC_00097
ASI_000098,EMP_0001,2024-11-27,FACTURA_COMPRA,fin_facturas_compra,FC_00098
ASI_000099,EMP_0001,2024-12-25,FACTURA_COMPRA,fin_facturas_compra,FC_00099
ASI_000100,EMP_0001,2024-12-30,FACTURA_COMPRA,fin_facturas_compra,FC_00100
ASI_000101,EMP_0001,2024-10-13,FACTURA_COMPRA,fin_facturas_compra,FC_00101
ASI_000102,EMP_0001,2024-10-19,FACTURA_COMPRA,fin_facturas_compra,FC_00102
ASI_000103,EMP_0001,2024-11-07,FACTURA_COMPRA,fin_facturas_compra,FC_00103
ASI_000104,EMP_0001,2024-12-09,FACTURA_COMPRA,fin_facturas_compra,FC_00104
ASI_000105,EMP_0001,2024-12-26,FACTURA_COMPRA,fin_facturas_compra,FC_00105
ASI_000106,EMP_0001,2024-10-24,FACTURA_COMPRA,fin_facturas_compra,FC_00106
ASI_000107,EMP_0001,2025-05-22,FACTURA_COMPRA,fin_facturas_compra,FC_00107
ASI_000108,EMP_0001,2024-07-30,FACTURA_COMPRA,fin_facturas_compra,FC_00108
ASI_000109,EMP_0001,2024-07-25,FACTURA_COMPRA,fin_facturas_compra,FC_00109
ASI_000110,EMP_0001,2024-08-11,FACTURA_COMPRA,fin_facturas_compra,FC_00110
ASI_000111,EMP_0001,2025-05-30,FACTURA_COMPRA,fin_facturas_compra,FC_00111
ASI_000112,EMP_0001,2024-08-13,FACTURA_COMPRA,fin_facturas_compra,FC_00112
ASI_000113,EMP_0001,2024-10-17,FACTURA_COMPRA,fin_facturas_compra,FC_00113
ASI_000114,EMP_0001,2024-10-25,FACTURA_COMPRA,fin_facturas_compra,FC_00114
ASI_000115,EMP_0001,2024-11-23,FACTURA_COMPRA,fin_facturas_compra,FC_00115
ASI_000116,EMP_0001,2024-11-27,FACTURA_COMPRA,fin_facturas_compra,FC_00116
ASI_000117,EMP_0001,2024-08-29,FACTURA_COMPRA,fin_facturas_compra,FC_00117
ASI_000118,EMP_0001,2024-10-24,FACTURA_COMPRA,fin_facturas_compra,FC_00118
ASI_000119,EMP_0001,2024-11-21,FACTURA_COMPRA,fin_facturas_compra,FC_00119
ASI_000120,EMP_0001,2025-01-01,FACTURA_COMPRA,fin_facturas_compra,FC_00120
ASI_000121,EMP_0001,2024-12-30,FACTURA_COMPRA,fin_facturas_compra,FC_00121
ASI_000122,EMP_0001,2024-10-16,FACTURA_COMPRA,fin_facturas_compra,FC_00122
ASI_000123,EMP_0001,2024-08-26,FACTURA_COMPRA,fin_facturas_compra,FC_00123
ASI_000124,EMP_0001,2024-10-23,FACTURA_COMPRA,fin_facturas_compra,FC_00124
ASI_000125,EMP_0001,2024-10-29,FACTURA_COMPRA,fin_facturas_compra,FC_00125
ASI_000126,EMP_0001,2024-11-13,FACTURA_COMPRA,fin_facturas_compra,FC_00126
ASI_000127,EMP_0001,2024-11-13,FACTURA_COMPRA,fin_facturas_compra,FC_00127
ASI_000128,EMP_0001,2024-08-24,FACTURA_COMPRA,fin_facturas_compra,FC_00128
ASI_000129,EMP_0001,2023-08-19,FACTURA_COMPRA,fin_facturas_compra,FC_00129
ASI_000130,EMP_0001,2023-08-30,FACTURA_COMPRA,fin_facturas_compra,FC_00130
ASI_000131,EMP_0001,2023-08-26,FACTURA_COMPRA,fin_facturas_compra,FC_00131
ASI_000132,EMP_0001,2024-08-31,FACTURA_COMPRA,fin_facturas_compra,FC_00132
ASI_000133,EMP_0001,2024-08-15,FACTURA_COMPRA,fin_facturas_compra,FC_00133
ASI_000134,EMP_0001,2024-08-14,FACTURA_COMPRA,fin_facturas_compra,FC_00134
ASI_000135,EMP_0001,2025-07-10,FACTURA_COMPRA,fin_facturas_compra,FC_00135
ASI_000136,EMP_0001,2025-07-12,FACTURA_COMPRA,fin_facturas_compra,FC_00136
ASI_000137,EMP_0001,2025-08-26,FACTURA_COMPRA,fin_facturas_compra,FC_00137
ASI_000138,EMP_0001,2025-08-29,FACTURA_COMPRA,fin_facturas_compra,FC_00138
ASI_000139,EMP_0001,2025-09-05,FACTURA_COMPRA,fin_facturas_compra,FC_00139
ASI_000140,EMP_0001,2025-09-02,FACTURA_COMPRA,fin_facturas_compra,FC_00140
ASI_000141,EMP_0001,2025-09-18,FACTURA_COMPRA,fin_facturas_compra,FC_00141
ASI_000142,EMP_0001,2025-09-21,FACTURA_COMPRA,fin_facturas_compra,FC_00142
ASI_000143,EMP_0001,2025-10-10,FACTURA_COMPRA,fin_facturas_compra,FC_00143
ASI_000144,EMP_0001,2025-10-13,FACTURA_COMPRA,fin_facturas_compra,FC_00144
ASI_000145,EMP_0001,2025-10-12,FACTURA_COMPRA,fin_facturas_compra,FC_00145
ASI_000146,EMP_0001,2025-10-11,FACTURA_COMPRA,fin_facturas_compra,FC_00146
ASI_000147,EMP_0001,2025-11-14,FACTURA_COMPRA,fin_facturas_compra,FC_00147
ASI_000148,EMP_0001,2025-11-14,FACTURA_COMPRA,fin_facturas_compra,FC_00148
ASI_000149,EMP_0001,2024-06-20,FACTURA_VENTA,fin_facturas_venta,FV_00001
ASI_000150,EMP_0001,2024-02-08,FACTURA_VENTA,fin_facturas_venta,FV_00002
ASI_000151,EMP_0001,2024-03-07,FACTURA_VENTA,fin_facturas_venta,FV_00003
ASI_000152,EMP_0001,2024-04-24,FACTURA_VENTA,fin_facturas_venta,FV_00004
ASI_000153,EMP_0001,2024-08-06,FACTURA_VENTA,fin_facturas_venta,FV_00005
ASI_000154,EMP_0001,2024-08-06,FACTURA_VENTA,fin_facturas_venta,FV_00006
ASI_000155,EMP_0001,2024-05-13,FACTURA_VENTA,fin_facturas_venta,FV_00007
ASI_000156,EMP_0001,2024-06-16,FACTURA_VENTA,fin_facturas_venta,FV_00008
ASI_000157,EMP_0001,2024-09-04,FACTURA_VENTA,fin_facturas_venta,FV_00009
ASI_000158,EMP_0001,2024-01-09,FACTURA_VENTA,fin_facturas_venta,FV_00010
ASI_000159,EMP_0001,2024-05-01,FACTURA_VENTA,fin_facturas_venta,FV_00011
ASI_000160,EMP_0001,2024-07-31,FACTURA_VENTA,fin_facturas_venta,FV_00012
ASI_000161,EMP_0001,2024-08-26,FACTURA_VENTA,fin_facturas_venta,FV_00013
ASI_000162,EMP_0001,2024-05-09,FACTURA_VENTA,fin_facturas_venta,FV_00014
ASI_000163,EMP_0001,2024-06-07,FACTURA_VENTA,fin_facturas_venta,FV_00015
ASI_000164,EMP_0001,2024-08-19,FACTURA_VENTA,fin_facturas_venta,FV_00016
ASI_000165,EMP_0001,2024-06-25,FACTURA_VENTA,fin_facturas_venta,FV_00017
ASI_000166,EMP_0001,2024-06-21,FACTURA_VENTA,fin_facturas_venta,FV_00018
ASI_000167,EMP_0001,2024-09-28,FACTURA_VENTA,fin_facturas_venta,FV_00019
ASI_000168,EMP_0001,2024-06-07,FACTURA_VENTA,fin_facturas_venta,FV_00020
ASI_000169,EMP_0001,2024-07-17,FACTURA_VENTA,fin_facturas_venta,FV_00021
ASI_000170,EMP_0001,2024-09-26,FACTURA_VENTA,fin_facturas_venta,FV_00022
ASI_000171,EMP_0001,2025-06-11,FACTURA_VENTA,fin_facturas_venta,FV_00023
ASI_000172,EMP_0001,2025-05-18,FACTURA_VENTA,fin_facturas_venta,FV_00024
ASI_000173,EMP_0001,2025-06-25,FACTURA_VENTA,fin_facturas_venta,FV_00025
ASI_000174,EMP_0001,2025-08-15,FACTURA_VENTA,fin_facturas_venta,FV_00026
ASI_000175,EMP_0001,2025-05-23,FACTURA_VENTA,fin_facturas_venta,FV_00027
ASI_000176,EMP_0001,2025-08-18,FACTURA_VENTA,fin_facturas_venta,FV_00028
ASI_000177,EMP_0001,2025-01-21,FACTURA_VENTA,fin_facturas_venta,FV_00029
ASI_000178,EMP_0001,2025-06-04,FACTURA_VENTA,fin_facturas_venta,FV_00030
ASI_000179,EMP_0001,2025-06-29,FACTURA_VENTA,fin_facturas_venta,FV_00031
ASI_000180,EMP_0001,2025-09-10,FACTURA_VENTA,fin_facturas_venta,FV_00032
ASI_000181,EMP_0001,2025-04-28,FACTURA_VENTA,fin_facturas_venta,FV_00033
ASI_000182,EMP_0001,2025-07-25,FACTURA_VENTA,fin_facturas_venta,FV_00034
ASI_000183,EMP_0001,2025-06-03,FACTURA_VENTA,fin_facturas_venta,FV_00035
ASI_000184,EMP_0001,2025-09-25,FACTURA_VENTA,fin_facturas_venta,FV_00036
ASI_000185,EMP_0001,2025-06-17,FACTURA_VENTA,fin_facturas_venta,FV_00037
ASI_000186,EMP_0001,2025-10-14,FACTURA_VENTA,fin_facturas_venta,FV_00038
ASI_000187,EMP_0001,2025-01-22,FACTURA_VENTA,fin_facturas_venta,FV_00039
ASI_000188,EMP_0001,2025-05-15,FACTURA_VENTA,fin_facturas_venta,FV_00040
ASI_000189,EMP_0001,2025-07-22,FACTURA_VENTA,fin_facturas_venta,FV_00041
ASI_000190,EMP_0001,2025-09-12,FACTURA_VENTA,fin_facturas_venta,FV_00042
ASI_000191,EMP_0001,2025-06-30,FACTURA_VENTA,fin_facturas_venta,FV_00043
ASI_000192,EMP_0001,2025-05-19,FACTURA_VENTA,fin_facturas_venta,FV_00044
ASI_000193,EMP_0001,2025-07-12,FACTURA_VENTA,fin_facturas_venta,FV_00045
ASI_000194,EMP_0001,2025-09-05,FACTURA_VENTA,fin_facturas_venta,FV_00046
ASI_000195,EMP_0001,2024-06-18,COSTO_VENTA,erp_despachos_venta,DESP_00001
ASI_000196,EMP_0001,2024-02-06,COSTO_VENTA,erp_despachos_venta,DESP_00002
ASI_000197,EMP_0001,2024-03-06,COSTO_VENTA,erp_despachos_venta,DESP_00003
ASI_000198,EMP_0001,2024-04-24,COSTO_VENTA,erp_despachos_venta,DESP_00004
ASI_000199,EMP_0001,2024-08-06,COSTO_VENTA,erp_despachos_venta,DESP_00005
ASI_000200,EMP_0001,2024-08-04,COSTO_VENTA,erp_despachos_venta,DESP_00006
ASI_000201,EMP_0001,2024-05-13,COSTO_VENTA,erp_despachos_venta,DESP_00007
ASI_000202,EMP_0001,2024-06-15,COSTO_VENTA,erp_despachos_venta,DESP_00008
ASI_000203,EMP_0001,2024-09-02,COSTO_VENTA,erp_despachos_venta,DESP_00009
ASI_000204,EMP_0001,2024-01-08,COSTO_VENTA,erp_despachos_venta,DESP_00010
ASI_000205,EMP_0001,2024-04-30,COSTO_VENTA,erp_despachos_venta,DESP_00011
ASI_000206,EMP_0001,2024-07-31,COSTO_VENTA,erp_despachos_venta,DESP_00012
ASI_000207,EMP_0001,2024-08-26,COSTO_VENTA,erp_despachos_venta,DESP_00013
ASI_000208,EMP_0001,2024-05-07,COSTO_VENTA,erp_despachos_venta,DESP_00014
ASI_000209,EMP_0001,2024-06-06,COSTO_VENTA,erp_despachos_venta,DESP_00015
ASI_000210,EMP_0001,2024-08-17,COSTO_VENTA,erp_despachos_venta,DESP_00016
ASI_000211,EMP_0001,2024-06-24,COSTO_VENTA,erp_despachos_venta,DESP_00017
ASI_000212,EMP_0001,2024-06-21,COSTO_VENTA,erp_despachos_venta,DESP_00018
ASI_000213,EMP_0001,2024-09-28,COSTO_VENTA,erp_despachos_venta,DESP_00019
ASI_000214,EMP_0001,2024-06-06,COSTO_VENTA,erp_despachos_venta,DESP_00020
ASI_000215,EMP_0001,2024-07-16,COSTO_VENTA,erp_despachos_venta,DESP_00021
ASI_000216,EMP_0001,2024-09-24,COSTO_VENTA,erp_despachos_venta,DESP_00022
ASI_000217,EMP_0001,2025-06-09,COSTO_VENTA,erp_despachos_venta,DESP_00023
ASI_000218,EMP_0001,2025-05-17,COSTO_VENTA,erp_despachos_venta,DESP_00024
ASI_000219,EMP_0001,2025-06-24,COSTO_VENTA,erp_despachos_venta,DESP_00025
ASI_000220,EMP_0001,2025-08-14,COSTO_VENTA,erp_despachos_venta,DESP_00026
ASI_000221,EMP_0001,2025-05-21,COSTO_VENTA,erp_despachos_venta,DESP_00027
ASI_000222,EMP_0001,2025-08-18,COSTO_VENTA,erp_despachos_venta,DESP_00028
ASI_000223,EMP_0001,2025-01-21,COSTO_VENTA,erp_despachos_venta,DESP_00029
ASI_000224,EMP_0001,2025-06-02,COSTO_VENTA,erp_despachos_venta,DESP_00030
ASI_000225,EMP_0001,2025-06-29,COSTO_VENTA,erp_despachos_venta,DESP_00031
ASI_000226,EMP_0001,2025-09-10,COSTO_VENTA,erp_despachos_venta,DESP_00032
ASI_000227,EMP_0001,2025-04-26,COSTO_VENTA,erp_despachos_venta,DESP_00033
ASI_000228,EMP_0001,2025-07-25,COSTO_VENTA,erp_despachos_venta,DESP_00034
ASI_000229,EMP_0001,2025-06-03,COSTO_VENTA,erp_despachos_venta,DESP_00035
ASI_000230,EMP_0001,2025-09-23,COSTO_VENTA,erp_despachos_venta,DESP_00036
ASI_000231,EMP_0001,2025-06-15,COSTO_VENTA,erp_despachos_venta,DESP_00037
ASI_000232,EMP_0001,2025-10-13,COSTO_VENTA,erp_despachos_venta,DESP_00038
ASI_000233,EMP_0001,2025-01-21,COSTO_VENTA,erp_despachos_venta,DESP_00039
ASI_000234,EMP_0001,2025-05-15,COSTO_VENTA,erp_despachos_venta,DESP_00040
ASI_000235,EMP_0001,2025-07-22,COSTO_VENTA,erp_despachos_venta,DESP_00041
ASI_000236,EMP_0001,2025-09-11,COSTO_VENTA,erp_despachos_venta,DESP_00042
ASI_000237,EMP_0001,2025-06-30,COSTO_VENTA,erp_despachos_venta,DESP_00043
ASI_000238,EMP_0001,2025-05-19,COSTO_VENTA,erp_despachos_venta,DESP_00044
ASI_000239,EMP_0001,2025-07-10,COSTO_VENTA,erp_despachos_venta,DESP_00045
ASI_000240,EMP_0001,2025-09-04,COSTO_VENTA,erp_despachos_venta,DESP_00046
ASI_000241,EMP_0001,2024-09-09,COBRANZA,fin_cobranzas,COB_00001
ASI_000242,EMP_0001,2024-03-16,COBRANZA,fin_cobranzas,COB_00002
ASI_000243,EMP_0001,2024-05-06,COBRANZA,fin_cobranzas,COB_00003
ASI_000244,EMP_0001,2024-07-10,COBRANZA,fin_cobranzas,COB_00004
ASI_000245,EMP_0001,2024-10-28,COBRANZA,fin_cobranzas,COB_00005
ASI_000246,EMP_0001,2024-10-04,COBRANZA,fin_cobranzas,COB_00006
ASI_000247,EMP_0001,2024-07-16,COBRANZA,fin_cobranzas,COB_00007
ASI_000248,EMP_0001,2024-08-11,COBRANZA,fin_cobranzas,COB_00008
ASI_000249,EMP_0001,2024-11-09,COBRANZA,fin_cobranzas,COB_00009
ASI_000250,EMP_0001,2024-03-07,COBRANZA,fin_cobranzas,COB_00010
ASI_000251,EMP_0001,2024-07-09,COBRANZA,fin_cobranzas,COB_00011
ASI_000252,EMP_0001,2024-08-25,COBRANZA,fin_cobranzas,COB_00012
ASI_000253,EMP_0001,2024-11-14,COBRANZA,fin_cobranzas,COB_00013
ASI_000254,EMP_0001,2024-07-15,COBRANZA,fin_cobranzas,COB_00014
ASI_000255,EMP_0001,2024-08-05,COBRANZA,fin_cobranzas,COB_00015
ASI_000256,EMP_0001,2024-10-23,COBRANZA,fin_cobranzas,COB_00016
ASI_000257,EMP_0001,2024-07-23,COBRANZA,fin_cobranzas,COB_00017
ASI_000258,EMP_0001,2024-09-03,COBRANZA,fin_cobranzas,COB_00018
ASI_000259,EMP_0001,2024-10-28,COBRANZA,fin_cobranzas,COB_00019
ASI_000260,EMP_0001,2024-07-13,COBRANZA,fin_cobranzas,COB_00020
ASI_000261,EMP_0001,2024-10-04,COBRANZA,fin_cobranzas,COB_00021
ASI_000262,EMP_0001,2024-10-23,COBRANZA,fin_cobranzas,COB_00022
ASI_000263,EMP_0001,2025-09-08,COBRANZA,fin_cobranzas,COB_00023
ASI_000264,EMP_0001,2025-07-30,COBRANZA,fin_cobranzas,COB_00024
ASI_000265,EMP_0001,2025-08-17,COBRANZA,fin_cobranzas,COB_00025
ASI_000266,EMP_0001,2025-11-13,COBRANZA,fin_cobranzas,COB_00026
ASI_000267,EMP_0001,2025-08-06,COBRANZA,fin_cobranzas,COB_00027
ASI_000268,EMP_0001,2025-11-13,COBRANZA,fin_cobranzas,COB_00028
ASI_000269,EMP_0001,2025-05-01,COBRANZA,fin_cobranzas,COB_00029
ASI_000270,EMP_0001,2025-08-15,COBRANZA,fin_cobranzas,COB_00030
ASI_000271,EMP_0001,2025-08-21,COBRANZA,fin_cobranzas,COB_00031
ASI_000272,EMP_0001,2025-11-30,COBRANZA,fin_cobranzas,COB_00032
ASI_000273,EMP_0001,2025-06-17,COBRANZA,fin_cobranzas,COB_00033
ASI_000274,EMP_0001,2025-09-20,COBRANZA,fin_cobranzas,COB_00034
ASI_000275,EMP_0001,2025-08-27,COBRANZA,fin_cobranzas,COB_00035
ASI_000276,EMP_0001,2025-12-27,COBRANZA,fin_cobranzas,COB_00036
ASI_000277,EMP_0001,2025-09-05,COBRANZA,fin_cobranzas,COB_00037
ASI_000278,EMP_0001,2026-01-05,COBRANZA,fin_cobranzas,COB_00038
ASI_000279,EMP_0001,2025-04-12,COBRANZA,fin_cobranzas,COB_00039
ASI_000280,EMP_0001,2025-07-30,COBRANZA,fin_cobranzas,COB_00040
ASI_000281,EMP_0001,2025-09-28,COBRANZA,fin_cobranzas,COB_00041
ASI_000282,EMP_0001,2025-10-29,COBRANZA,fin_cobranzas,COB_00042
ASI_000283,EMP_0001,2025-09-05,COBRANZA,fin_cobranzas,COB_00043
ASI_000284,EMP_0001,2025-07-23,COBRANZA,fin_cobranzas,COB_00044
ASI_000285,EMP_0001,2025-09-20,COBRANZA,fin_cobranzas,COB_00045
ASI_000286,EMP_0001,2025-11-14,COBRANZA,fin_cobranzas,COB_00046
ASI_000287,EMP_0001,2023-11-27,PAGO_PROVEEDOR,fin_pagos,PAG_00001
ASI_000288,EMP_0001,2023-12-29,PAGO_PROVEEDOR,fin_pagos,PAG_00002
ASI_000289,EMP_0001,2024-01-29,PAGO_PROVEEDOR,fin_pagos,PAG_00003
ASI_000290,EMP_0001,2024-02-17,PAGO_PROVEEDOR,fin_pagos,PAG_00004
ASI_000291,EMP_0001,2023-12-24,PAGO_PROVEEDOR,fin_pagos,PAG_00005
ASI_000292,EMP_0001,2024-07-14,PAGO_PROVEEDOR,fin_pagos,PAG_00006
ASI_000293,EMP_0001,2023-09-02,PAGO_PROVEEDOR,fin_pagos,PAG_00007
ASI_000294,EMP_0001,2023-09-11,PAGO_PROVEEDOR,fin_pagos,PAG_00008
ASI_000295,EMP_0001,2023-10-16,PAGO_PROVEEDOR,fin_pagos,PAG_00009
ASI_000296,EMP_0001,2024-08-08,PAGO_PROVEEDOR,fin_pagos,PAG_00010
ASI_000297,EMP_0001,2023-12-11,PAGO_PROVEEDOR,fin_pagos,PAG_00011
ASI_000298,EMP_0001,2023-12-31,PAGO_PROVEEDOR,fin_pagos,PAG_00012
ASI_000299,EMP_0001,2024-02-17,PAGO_PROVEEDOR,fin_pagos,PAG_00013
ASI_000300,EMP_0001,2024-02-07,PAGO_PROVEEDOR,fin_pagos,PAG_00014
ASI_000301,EMP_0001,2024-01-01,PAGO_PROVEEDOR,fin_pagos,PAG_00015
ASI_000302,EMP_0001,2023-11-29,PAGO_PROVEEDOR,fin_pagos,PAG_00016
ASI_000303,EMP_0001,2024-01-08,PAGO_PROVEEDOR,fin_pagos,PAG_00017
ASI_000304,EMP_0001,2024-02-14,PAGO_PROVEEDOR,fin_pagos,PAG_00018
ASI_000305,EMP_0001,2024-01-30,PAGO_PROVEEDOR,fin_pagos,PAG_00019
ASI_000306,EMP_0001,2023-12-13,PAGO_PROVEEDOR,fin_pagos,PAG_00020
ASI_000307,EMP_0001,2023-10-07,PAGO_PROVEEDOR,fin_pagos,PAG_00021
ASI_000308,EMP_0001,2023-12-01,PAGO_PROVEEDOR,fin_pagos,PAG_00022
ASI_000309,EMP_0001,2023-12-14,PAGO_PROVEEDOR,fin_pagos,PAG_00023
ASI_000310,EMP_0001,2024-01-09,PAGO_PROVEEDOR,fin_pagos,PAG_00024
ASI_000311,EMP_0001,2024-01-16,PAGO_PROVEEDOR,fin_pagos,PAG_00025
ASI_000312,EMP_0001,2023-11-02,PAGO_PROVEEDOR,fin_pagos,PAG_00026
ASI_000313,EMP_0001,2024-07-14,PAGO_PROVEEDOR,fin_pagos,PAG_00027
ASI_000314,EMP_0001,2023-09-20,PAGO_PROVEEDOR,fin_pagos,PAG_00028
ASI_000315,EMP_0001,2023-09-12,PAGO_PROVEEDOR,fin_pagos,PAG_00029
ASI_000316,EMP_0001,2023-10-22,PAGO_PROVEEDOR,fin_pagos,PAG_00030
ASI_000317,EMP_0001,2024-07-19,PAGO_PROVEEDOR,fin_pagos,PAG_00031
ASI_000318,EMP_0001,2023-12-12,PAGO_PROVEEDOR,fin_pagos,PAG_00032
ASI_000319,EMP_0001,2024-01-11,PAGO_PROVEEDOR,fin_pagos,PAG_00033
ASI_000320,EMP_0001,2024-02-08,PAGO_PROVEEDOR,fin_pagos,PAG_00034
ASI_000321,EMP_0001,2024-02-14,PAGO_PROVEEDOR,fin_pagos,PAG_00035
ASI_000322,EMP_0001,2024-01-07,PAGO_PROVEEDOR,fin_pagos,PAG_00036
ASI_000323,EMP_0001,2023-12-21,PAGO_PROVEEDOR,fin_pagos,PAG_00037
ASI_000324,EMP_0001,2023-12-30,PAGO_PROVEEDOR,fin_pagos,PAG_00038
ASI_000325,EMP_0001,2024-02-22,PAGO_PROVEEDOR,fin_pagos,PAG_00039
ASI_000326,EMP_0001,2024-02-15,PAGO_PROVEEDOR,fin_pagos,PAG_00040
ASI_000327,EMP_0001,2023-12-22,PAGO_PROVEEDOR,fin_pagos,PAG_00041
ASI_000328,EMP_0001,2023-10-16,PAGO_PROVEEDOR,fin_pagos,PAG_00042
ASI_000329,EMP_0001,2023-12-05,PAGO_PROVEEDOR,fin_pagos,PAG_00043
ASI_000330,EMP_0001,2023-11-30,PAGO_PROVEEDOR,fin_pagos,PAG_00044
ASI_000331,EMP_0001,2023-12-28,PAGO_PROVEEDOR,fin_pagos,PAG_00045
ASI_000332,EMP_0001,2024-01-11,PAGO_PROVEEDOR,fin_pagos,PAG_00046
ASI_000333,EMP_0001,2023-10-31,PAGO_PROVEEDOR,fin_pagos,PAG_00047
ASI_000334,EMP_0001,2023-12-05,PAGO_PROVEEDOR,fin_pagos,PAG_00048
ASI_000335,EMP_0001,2024-01-19,PAGO_PROVEEDOR,fin_pagos,PAG_00049
ASI_000336,EMP_0001,2024-02-09,PAGO_PROVEEDOR,fin_pagos,PAG_00050
ASI_000337,EMP_0001,2024-01-31,PAGO_PROVEEDOR,fin_pagos,PAG_00051
ASI_000338,EMP_0001,2023-12-23,PAGO_PROVEEDOR,fin_pagos,PAG_00052
ASI_000339,EMP_0001,2023-12-11,PAGO_PROVEEDOR,fin_pagos,PAG_00053
ASI_000340,EMP_0001,2023-12-30,PAGO_PROVEEDOR,fin_pagos,PAG_00054
ASI_000341,EMP_0001,2024-02-15,PAGO_PROVEEDOR,fin_pagos,PAG_00055
ASI_000342,EMP_0001,2024-01-30,PAGO_PROVEEDOR,fin_pagos,PAG_00056
ASI_000343,EMP_0001,2024-01-08,PAGO_PROVEEDOR,fin_pagos,PAG_00057
ASI_000344,EMP_0001,2023-11-29,PAGO_PROVEEDOR,fin_pagos,PAG_00058
ASI_000345,EMP_0001,2023-12-24,PAGO_PROVEEDOR,fin_pagos,PAG_00059
ASI_000346,EMP_0001,2024-02-24,PAGO_PROVEEDOR,fin_pagos,PAG_00060
ASI_000347,EMP_0001,2024-02-11,PAGO_PROVEEDOR,fin_pagos,PAG_00061
ASI_000348,EMP_0001,2023-12-18,PAGO_PROVEEDOR,fin_pagos,PAG_00062
ASI_000349,EMP_0001,2024-12-17,PAGO_PROVEEDOR,fin_pagos,PAG_00063
ASI_000350,EMP_0001,2025-02-05,PAGO_PROVEEDOR,fin_pagos,PAG_00064
ASI_000351,EMP_0001,2025-02-04,PAGO_PROVEEDOR,fin_pagos,PAG_00065
ASI_000352,EMP_0001,2025-02-09,PAGO_PROVEEDOR,fin_pagos,PAG_00066
ASI_000353,EMP_0001,2024-12-29,PAGO_PROVEEDOR,fin_pagos,PAG_00067
ASI_000354,EMP_0001,2024-09-26,PAGO_PROVEEDOR,fin_pagos,PAG_00068
ASI_000355,EMP_0001,2024-12-10,PAGO_PROVEEDOR,fin_pagos,PAG_00069
ASI_000356,EMP_0001,2024-11-27,PAGO_PROVEEDOR,fin_pagos,PAG_00070
ASI_000357,EMP_0001,2025-01-18,PAGO_PROVEEDOR,fin_pagos,PAG_00071
ASI_000358,EMP_0001,2025-01-17,PAGO_PROVEEDOR,fin_pagos,PAG_00072
ASI_000359,EMP_0001,2024-10-27,PAGO_PROVEEDOR,fin_pagos,PAG_00073
ASI_000360,EMP_0001,2024-10-07,PAGO_PROVEEDOR,fin_pagos,PAG_00074
ASI_000361,EMP_0001,2024-12-30,PAGO_PROVEEDOR,fin_pagos,PAG_00075
ASI_000362,EMP_0001,2024-12-08,PAGO_PROVEEDOR,fin_pagos,PAG_00076
ASI_000363,EMP_0001,2025-01-18,PAGO_PROVEEDOR,fin_pagos,PAG_00077
ASI_000364,EMP_0001,2025-01-26,PAGO_PROVEEDOR,fin_pagos,PAG_00078
ASI_000365,EMP_0001,2024-10-16,PAGO_PROVEEDOR,fin_pagos,PAG_00079
ASI_000366,EMP_0001,2025-08-11,PAGO_PROVEEDOR,fin_pagos,PAG_00080
ASI_000367,EMP_0001,2024-09-05,PAGO_PROVEEDOR,fin_pagos,PAG_00081
ASI_000368,EMP_0001,2024-09-08,PAGO_PROVEEDOR,fin_pagos,PAG_00082
ASI_000369,EMP_0001,2024-10-07,PAGO_PROVEEDOR,fin_pagos,PAG_00083
ASI_000370,EMP_0001,2025-08-13,PAGO_PROVEEDOR,fin_pagos,PAG_00084
ASI_000371,EMP_0001,2024-10-08,PAGO_PROVEEDOR,fin_pagos,PAG_00085
ASI_000372,EMP_0001,2024-11-29,PAGO_PROVEEDOR,fin_pagos,PAG_00086
ASI_000373,EMP_0001,2024-12-01,PAGO_PROVEEDOR,fin_pagos,PAG_00087
ASI_000374,EMP_0001,2025-02-07,PAGO_PROVEEDOR,fin_pagos,PAG_00088
ASI_000375,EMP_0001,2025-01-01,PAGO_PROVEEDOR,fin_pagos,PAG_00089
ASI_000376,EMP_0001,2024-10-28,PAGO_PROVEEDOR,fin_pagos,PAG_00090
ASI_000377,EMP_0001,2024-10-07,PAGO_PROVEEDOR,fin_pagos,PAG_00091
ASI_000378,EMP_0001,2024-12-04,PAGO_PROVEEDOR,fin_pagos,PAG_00092
ASI_000379,EMP_0001,2025-01-16,PAGO_PROVEEDOR,fin_pagos,PAG_00093
ASI_000380,EMP_0001,2025-01-04,PAGO_PROVEEDOR,fin_pagos,PAG_00094
ASI_000381,EMP_0001,2025-01-21,PAGO_PROVEEDOR,fin_pagos,PAG_00095
ASI_000382,EMP_0001,2024-11-01,PAGO_PROVEEDOR,fin_pagos,PAG_00096
ASI_000383,EMP_0001,2024-12-01,PAGO_PROVEEDOR,fin_pagos,PAG_00097
ASI_000384,EMP_0001,2025-02-14,PAGO_PROVEEDOR,fin_pagos,PAG_00098
ASI_000385,EMP_0001,2025-02-17,PAGO_PROVEEDOR,fin_pagos,PAG_00099
ASI_000386,EMP_0001,2025-03-06,PAGO_PROVEEDOR,fin_pagos,PAG_00100
ASI_000387,EMP_0001,2024-12-11,PAGO_PROVEEDOR,fin_pagos,PAG_00101
ASI_000388,EMP_0001,2024-12-13,PAGO_PROVEEDOR,fin_pagos,PAG_00102
ASI_000389,EMP_0001,2025-01-25,PAGO_PROVEEDOR,fin_pagos,PAG_00103
ASI_000390,EMP_0001,2025-02-19,PAGO_PROVEEDOR,fin_pagos,PAG_00104
ASI_000391,EMP_0001,2025-02-20,PAGO_PROVEEDOR,fin_pagos,PAG_00105
ASI_000392,EMP_0001,2025-01-03,PAGO_PROVEEDOR,fin_pagos,PAG_00106
ASI_000393,EMP_0001,2025-08-07,PAGO_PROVEEDOR,fin_pagos,PAG_00107
ASI_000394,EMP_0001,2024-09-14,PAGO_PROVEEDOR,fin_pagos,PAG_00108
ASI_000395,EMP_0001,2024-09-10,PAGO_PROVEEDOR,fin_pagos,PAG_00109
ASI_000396,EMP_0001,2024-10-05,PAGO_PROVEEDOR,fin_pagos,PAG_00110
ASI_000397,EMP_0001,2025-08-15,PAGO_PROVEEDOR,fin_pagos,PAG_00111
ASI_000398,EMP_0001,2024-10-04,PAGO_PROVEEDOR,fin_pagos,PAG_00112
ASI_000399,EMP_0001,2024-12-11,PAGO_PROVEEDOR,fin_pagos,PAG_00113
ASI_000400,EMP_0001,2024-12-09,PAGO_PROVEEDOR,fin_pagos,PAG_00114
ASI_000401,EMP_0001,2025-01-19,PAGO_PROVEEDOR,fin_pagos,PAG_00115
ASI_000402,EMP_0001,2025-02-11,PAGO_PROVEEDOR,fin_pagos,PAG_00116
ASI_000403,EMP_0001,2024-11-04,PAGO_PROVEEDOR,fin_pagos,PAG_00117
ASI_000404,EMP_0001,2024-12-12,PAGO_PROVEEDOR,fin_pagos,PAG_00118
ASI_000405,EMP_0001,2025-01-28,PAGO_PROVEEDOR,fin_pagos,PAG_00119
ASI_000406,EMP_0001,2025-02-26,PAGO_PROVEEDOR,fin_pagos,PAG_00120
ASI_000407,EMP_0001,2025-03-10,PAGO_PROVEEDOR,fin_pagos,PAG_00121
ASI_000408,EMP_0001,2024-12-19,PAGO_PROVEEDOR,fin_pagos,PAG_00122
ASI_000409,EMP_0001,2024-10-18,PAGO_PROVEEDOR,fin_pagos,PAG_00123
ASI_000410,EMP_0001,2024-12-13,PAGO_PROVEEDOR,fin_pagos,PAG_00124
ASI_000411,EMP_0001,2025-01-07,PAGO_PROVEEDOR,fin_pagos,PAG_00125
ASI_000412,EMP_0001,2025-01-21,PAGO_PROVEEDOR,fin_pagos,PAG_00126
ASI_000413,EMP_0001,2025-01-17,PAGO_PROVEEDOR,fin_pagos,PAG_00127
ASI_000414,EMP_0001,2024-10-22,PAGO_PROVEEDOR,fin_pagos,PAG_00128
ASI_000415,EMP_0001,2023-09-17,PAGO_PROVEEDOR,fin_pagos,PAG_00129
ASI_000416,EMP_0001,2023-10-02,PAGO_PROVEEDOR,fin_pagos,PAG_00130
ASI_000417,EMP_0001,2023-10-02,PAGO_PROVEEDOR,fin_pagos,PAG_00131
ASI_000418,EMP_0001,2024-10-06,PAGO_PROVEEDOR,fin_pagos,PAG_00132
ASI_000419,EMP_0001,2024-09-11,PAGO_PROVEEDOR,fin_pagos,PAG_00133
ASI_000420,EMP_0001,2024-09-20,PAGO_PROVEEDOR,fin_pagos,PAG_00134
ASI_000421,EMP_0001,2025-09-30,PAGO_PROVEEDOR,fin_pagos,PAG_00135
ASI_000422,EMP_0001,2025-09-08,PAGO_PROVEEDOR,fin_pagos,PAG_00136
ASI_000423,EMP_0001,2025-11-13,PAGO_PROVEEDOR,fin_pagos,PAG_00137
ASI_000424,EMP_0001,2025-10-22,PAGO_PROVEEDOR,fin_pagos,PAG_00138
ASI_000425,EMP_0001,2025-10-31,PAGO_PROVEEDOR,fin_pagos,PAG_00139
ASI_000426,EMP_0001,2025-11-03,PAGO_PROVEEDOR,fin_pagos,PAG_00140
ASI_000427,EMP_0001,2025-12-17,PAGO_PROVEEDOR,fin_pagos,PAG_00141
ASI_000428,EMP_0001,2025-11-25,PAGO_PROVEEDOR,fin_pagos,PAG_00142
ASI_000429,EMP_0001,2025-12-29,PAGO_PROVEEDOR,fin_pagos,PAG_00143
ASI_000430,EMP_0001,2025-12-08,PAGO_PROVEEDOR,fin_pagos,PAG_00144
ASI_000431,EMP_0001,2025-12-10,PAGO_PROVEEDOR,fin_pagos,PAG_00145
ASI_000432,EMP_0001,2025-12-11,PAGO_PROVEEDOR,fin_pagos,PAG_00146
ASI_000433,EMP_0001,2026-02-16,PAGO_PROVEEDOR,fin_pagos,PAG_00147
ASI_000434,EMP_0001,2026-01-21,PAGO_PROVEEDOR,fin_pagos,PAG_00148
ASI_000435,EMP_0001,2023-07-01,DEVENGO_NOMINA,rrhh_liquidaciones,LIQ_000001
ASI_000436,EMP_0001,2023-07-01,DEVENGO_NOMINA,rrhh_liquidaciones,LIQ_000002
ASI_000437,EMP_0001,2023-07-01,DEVENGO_NOMINA,rrhh_liquidaciones,LIQ_000003
ASI_000438,EMP_0001,2023-07-01,DEVENGO_NOMINA,rrhh_liquidaciones,LIQ_000004
ASI_000439,EMP_0001,2023-07-01,DEVENGO_NOMINA,rrhh_liquidaciones,LIQ_000005
ASI_000440,EMP_0001,2023-07-01,DEVENGO_NOMINA,rrhh_liquidaciones,LIQ_000006
ASI_000441,EMP_0001,2023-07-01,DEVENGO_NOMINA,rrhh_liquidaciones,LIQ_000007
ASI_000442,EMP_0001,2023-07-01,DEVENGO_NOMINA,rrhh_liquidaciones,LIQ_000008
ASI_000443,EMP_0001,2023-07-01,DEVENGO_NOMINA,rrhh_liquidaciones,LIQ_000009
ASI_000444,EMP_0001,2023-07-01,DEVENGO_NOMINA,rrhh_liquidaciones,LIQ_000010
ASI_000445,EMP_0001,2023-07-01,DEVENGO_NOMINA,rrhh_liquidaciones,LIQ_000011
ASI_000446,EMP_0001,2023-07-01,DEVENGO_NOMINA,rrhh_liquidaciones,LIQ_000012
ASI_000447,EMP_0001,2023-07-01,DEVENGO_NOMINA,rrhh_liquidaciones,LIQ_000013
ASI_000448,EMP_0001,2023-07-01,DEVENGO_NOMINA,rrhh_liquidaciones,LIQ_000014
ASI_000449,EMP_0001,2023-07-01,DEVENGO_NOMINA,rrhh_liquidaciones,LIQ_000015
ASI_000450,EMP_0001,2023-07-01,DEVENGO_NOMINA,rrhh_liquidaciones,LIQ_000016
ASI_000451,EMP_0001,2023-07-01,DEVENGO_NOMINA,rrhh_liquidaciones,LIQ_000017
ASI_000452,EMP_0001,2023-07-01,DEVENGO_NOMINA,rrhh_liquidaciones,LIQ_000018
ASI_000453,EMP_0001,2023-07-01,DEVENGO_NOMINA,rrhh_liquidaciones,LIQ_000019
ASI_000454,EMP_0001,2023-07-01,DEVENGO_NOMINA,rrhh_liquidaciones,LIQ_000020
ASI_000455,EMP_0001,2023-07-01,DEVENGO_NOMINA,rrhh_liquidaciones,LIQ_000021
ASI_000456,EMP_0001,2023-07-01,DEVENGO_NOMINA,rrhh_liquidaciones,LIQ_000022
ASI_000457,EMP_0001,2023-07-01,DEVENGO_NOMINA,rrhh_liquidaciones,LIQ_000023
ASI_000458,EMP_0001,2023-07-01,DEVENGO_NOMINA,rrhh_liquidaciones,LIQ_000024
ASI_000459,EMP_0001,2023-08-01,DEVENGO_NOMINA,rrhh_liquidaciones,LIQ_000025
ASI_000460,EMP_0001,2023-08-01,DEVENGO_NOMINA,rrhh_liquidaciones,LIQ_000026
ASI_000461,EMP_0001,2023-08-01,DEVENGO_NOMINA,rrhh_liquidaciones,LIQ_000027
ASI_000462,EMP_0001,2023-08-01,DEVENGO_NOMINA,rrhh_liquidaciones,LIQ_000028
ASI_000463,EMP_0001,2023-08-01,DEVENGO_NOMINA,rrhh_liquidaciones,LIQ_000029
ASI_000464,EMP_0001,2023-08-01,DEVENGO_NOMINA,rrhh_liquidaciones,LIQ_000030
ASI_000465,EMP_0001,2023-08-01,DEVENGO_NOMINA,rrhh_liquidaciones,LIQ_000031
ASI_000466,EMP_0001,2023-08-01,DEVENGO_NOMINA,rrhh_liquidaciones,LIQ_000032
ASI_000467,EMP_0001,2023-08-01,DEVENGO_NOMINA,rrhh_liquidaciones,LIQ_000033
ASI_000468,EMP_0001,2023-08-01,DEVENGO_NOMINA,rrhh_liquidaciones,LIQ_000034
ASI_000469,EMP_0001,2023-08-01,DEVENGO_NOMINA,rrhh_liquidaciones,LIQ_000035
ASI_000470,EMP_0001,2023-08-01,DEVENGO_NOMINA,rrhh_liquidaciones,LIQ_000036
ASI_000471,EMP_0001,2023-08-01,DEVENGO_NOMINA,rrhh_liquidaciones,LIQ_000037
ASI_000472,EMP_0001,2023-08-01,DEVENGO_NOMINA,rrhh_liquidaciones,LIQ_000038
ASI_000473,EMP_0001,2023-08-01,DEVENGO_NOMINA,rrhh_liquidaciones,LIQ_000039
ASI_000474,EMP_0001,2023-08-01,DEVENGO_NOMINA,rrhh_liquidaciones,LIQ_000040
ASI_000475,EMP_0001,2023-08-01,DEVENGO_NOMINA,rrhh_liquidaciones,LIQ_000041
ASI_000476,EMP_0001,2023-08-01,DEVENGO_NOMINA,rrhh_liquidaciones,LIQ_000042
ASI_000477,EMP_0001,2023-08-01,DEVENGO_NOMINA,rrhh_liquidaciones,LIQ_000043
ASI_000478,EMP_0001,2023-08-01,DEVENGO_NOMINA,rrhh_liquidaciones,LIQ_000044
ASI_000479,EMP_0001,2023-08-01,DEVENGO_NOMINA,rrhh_liquidaciones,LIQ_000045
ASI_000480,EMP_0001,2023-08-01,DEVENGO_NOMINA,rrhh_liquidaciones,LIQ_000046
ASI_000481,EMP_0001,2023-08-01,DEVENGO_NOMINA,rrhh_liquidaciones,LIQ_000047
ASI_000482,EMP_0001,2023-08-01,DEVENGO_NOMINA,rrhh_liquidaciones,LIQ_000048
ASI_000483,EMP_0001,2023-09-01,DEVENGO_NOMINA,rrhh_liquidaciones,LIQ_000049
ASI_000484,EMP_0001,2023-09-01,DEVENGO_NOMINA,rrhh_liquidaciones,LIQ_000050
ASI_000485,EMP_0001,2023-09-01,DEVENGO_NOMINA,rrhh_liquidaciones,LIQ_000051
ASI_000486,EMP_0001,2023-09-01,DEVENGO_NOMINA,rrhh_liquidaciones,LIQ_000052
ASI_000487,EMP_0001,2023-09-01,DEVENGO_NOMINA,rrhh_liquidaciones,LIQ_000053
ASI_000488,EMP_0001,2023-09-01,DEVENGO_NOMINA,rrhh_liquidaciones,LIQ_000054
ASI_000489,EMP_0001,2023-09-01,DEVENGO_NOMINA,rrhh_liquidaciones,LIQ_000055
ASI_000490,EMP_0001,2023-09-01,DEVENGO_NOMINA,rrhh_liquidaciones,LIQ_000056
ASI_000491,EMP_0001,2023-09-01,DEVENGO_NOMINA,rrhh_liquidaciones,LIQ_000057
ASI_000492,EMP_0001,2023-09-01,DEVENGO_NOMINA,rrhh_liquidaciones,LIQ_000058
ASI_000493,EMP_0001,2023-09-01,DEVENGO_NOMINA,rrhh_liquidaciones,LIQ_000059
ASI_000494,EMP_0001,2023-09-01,DEVENGO_NOMINA,rrhh_liquidaciones,LIQ_000060
ASI_000495,EMP_0001,2023-09-01,DEVENGO_NOMINA,rrhh_liquidaciones,LIQ_000061
ASI_000496,EMP_0001,2023-09-01,DEVENGO_NOMINA,rrhh_liquidaciones,LIQ_000062
ASI_000497,EMP_0001,2023-09-01,DEVENGO_NOMINA,rrhh_liquidaciones,LIQ_000063
ASI_000498,EMP_0001,2023-09-01,DEVENGO_NOMINA,rrhh_liquidaciones,LIQ_000064
ASI_000499,EMP_0001,2023-09-01,DEVENGO_NOMINA,rrhh_liquidaciones,LIQ_000065
ASI_000500,EMP_0001,2023-09-01,DEVENGO_NOMINA,rrhh_liquidaciones,LIQ_000066
ASI_000501,EMP_0001,2023-09-01,DEVENGO_NOMINA,rrhh_liquidaciones,LIQ_000067
ASI_000502,EMP_0001,2023-09-01,DEVENGO_NOMINA,rrhh_liquidaciones,LIQ_000068
ASI_000503,EMP_0001,2023-09-01,DEVENGO_NOMINA,rrhh_liquidaciones,LIQ_000069
ASI_000504,EMP_0001,2023-09-01,DEVENGO_NOMINA,rrhh_liquidaciones,LIQ_000070
ASI_000505,EMP_0001,2023-09-01,DEVENGO_NOMINA,rrhh_liquidaciones,LIQ_000071
ASI_000506,EMP_0001,2023-09-01,DEVENGO_NOMINA,rrhh_liquidaciones,LIQ_000072
ASI_000507,EMP_0001,2023-10-01,DEVENGO_NOMINA,rrhh_liquidaciones,LIQ_000073
ASI_000508,EMP_0001,2023-10-01,DEVENGO_NOMINA,rrhh_liquidaciones,LIQ_000074
ASI_000509,EMP_0001,2023-10-01,DEVENGO_NOMINA,rrhh_liquidaciones,LIQ_000075
ASI_000510,EMP_0001,2023-10-01,DEVENGO_NOMINA,rrhh_liquidaciones,LIQ_000076
ASI_000511,EMP_0001,2023-10-01,DEVENGO_NOMINA,rrhh_liquidaciones,LIQ_000077
ASI_000512,EMP_0001,2023-10-01,DEVENGO_NOMINA,rrhh_liquidaciones,LIQ_000078
ASI_000513,EMP_0001,2023-10-01,DEVENGO_NOMINA,rrhh_liquidaciones,LIQ_000079
ASI_000514,EMP_0001,2023-10-01,DEVENGO_NOMINA,rrhh_liquidaciones,LIQ_000080
ASI_000515,EMP_0001,2023-10-01,DEVENGO_NOMINA,rrhh_liquidaciones,LIQ_000081
ASI_000516,EMP_0001,2023-10-01,DEVENGO_NOMINA,rrhh_liquidaciones,LIQ_000082
ASI_000517,EMP_0001,2023-10-01,DEVENGO_NOMINA,rrhh_liquidaciones,LIQ_000083
ASI_000518,EMP_0001,2023-10-01,DEVENGO_NOMINA,rrhh_liquidaciones,LIQ_000084
ASI_000519,EMP_0001,2023-10-01,DEVENGO_NOMINA,rrhh_liquidaciones,LIQ_000085
ASI_000520,EMP_0001,2023-10-01,DEVENGO_NOMINA,rrhh_liquidaciones,LIQ_000086
ASI_000521,EMP_0001,2023-10-01,DEVENGO_NOMINA,rrhh_liquidaciones,LIQ_000087
ASI_000522,EMP_0001,2023-10-01,DEVENGO_NOMINA,rrhh_liquidaciones,LIQ_000088
ASI_000523,EMP_0001,2023-10-01,DEVENGO_NOMINA,rrhh_liquidaciones,LIQ_000089
ASI_000524,EMP_0001,2023-10-01,DEVENGO_NOMINA,rrhh_liquidaciones,LIQ_000090
ASI_000525,EMP_0001,2023-10-01,DEVENGO_NOMINA,rrhh_liquidaciones,LIQ_000091
ASI_000526,EMP_0001,2023-10-01,DEVENGO_NOMINA,rrhh_liquidaciones,LIQ_000092
ASI_000527,EMP_0001,2023-10-01,DEVENGO_NOMINA,rrhh_liquidaciones,LIQ_000093
ASI_000528,EMP_0001,2023-10-01,DEVENGO_NOMINA,rrhh_liquidaciones,LIQ_000094
ASI_000529,EMP_0001,2023-10-01,DEVENGO_NOMINA,rrhh_liquidaciones,LIQ_000095
ASI_000530,EMP_0001,2023-10-01,DEVENGO_NOMINA,rrhh_liquidaciones,LIQ_000096
ASI_000531,EMP_0001,2023-11-01,DEVENGO_NOMINA,rrhh_liquidaciones,LIQ_000097
ASI_000532,EMP_0001,2023-11-01,DEVENGO_NOMINA,rrhh_liquidaciones,LIQ_000098
ASI_000533,EMP_0001,2023-11-01,DEVENGO_NOMINA,rrhh_liquidaciones,LIQ_000099
ASI_000534,EMP_0001,2023-11-01,DEVENGO_NOMINA,rrhh_liquidaciones,LIQ_000100
ASI_000535,EMP_0001,2023-11-01,DEVENGO_NOMINA,rrhh_liquidaciones,LIQ_000101
ASI_000536,EMP_0001,2023-11-01,DEVENGO_NOMINA,rrhh_liquidaciones,LIQ_000102
ASI_000537,EMP_0001,2023-11-01,DEVENGO_NOMINA,rrhh_liquidaciones,LIQ_000103
ASI_000538,EMP_0001,2023-11-01,DEVENGO_NOMINA,rrhh_liquidaciones,LIQ_000104
ASI_000539,EMP_0001,2023-11-01,DEVENGO_NOMINA,rrhh_liquidaciones,LIQ_000105
ASI_000540,EMP_0001,2023-11-01,DEVENGO_NOMINA,rrhh_liquidaciones,LIQ_000106
ASI_000541,EMP_0001,2023-11-01,DEVENGO_NOMINA,rrhh_liquidaciones,LIQ_000107
ASI_000542,EMP_0001,2023-11-01,DEVENGO_NOMINA,rrhh_liquidaciones,LIQ_000108
ASI_000543,EMP_0001,2023-11-01,DEVENGO_NOMINA,rrhh_liquidaciones,LIQ_000109
ASI_000544,EMP_0001,2023-11-01,DEVENGO_NOMINA,rrhh_liquidaciones,LIQ_000110
ASI_000545,EMP_0001,2023-11-01,DEVENGO_NOMINA,rrhh_liquidaciones,LIQ_000111
ASI_000546,EMP_0001,2023-11-01,DEVENGO_NOMINA,rrhh_liquidaciones,LIQ_000112
ASI_000547,EMP_0001,2023-11-01,DEVENGO_NOMINA,rrhh_liquidaciones,LIQ_000113
ASI_000548,EMP_0001,2023-11-01,DEVENGO_NOMINA,rrhh_liquidaciones,LIQ_000114
ASI_000549,EMP_0001,2023-11-01,DEVENGO_NOMINA,rrhh_liquidaciones,LIQ_000115
ASI_000550,EMP_0001,2023-11-01,DEVENGO_NOMINA,rrhh_liquidaciones,LIQ_000116
ASI_000551,EMP_0001,2023-11-01,DEVENGO_NOMINA,rrhh_liquidaciones,LIQ_000117
ASI_000552,EMP_0001,2023-11-01,DEVENGO_NOMINA,rrhh_liquidaciones,LIQ_000118
ASI_000553,EMP_0001,2023-11-01,DEVENGO_NOMINA,rrhh_liquidaciones,LIQ_000119
ASI_000554,EMP_0001,2023-11-01,DEVENGO_NOMINA,rrhh_liquidaciones,LIQ_000120
ASI_000555,EMP_0001,2023-12-01,DEVENGO_NOMINA,rrhh_liquidaciones,LIQ_000121
ASI_000556,EMP_0001,2023-12-01,DEVENGO_NOMINA,rrhh_liquidaciones,LIQ_000122
ASI_000557,EMP_0001,2023-12-01,DEVENGO_NOMINA,rrhh_liquidaciones,LIQ_000123
ASI_000558,EMP_0001,2023-12-01,DEVENGO_NOMINA,rrhh_liquidaciones,LIQ_000124
ASI_000559,EMP_0001,2023-12-01,DEVENGO_NOMINA,rrhh_liquidaciones,LIQ_000125
ASI_000560,EMP_0001,2023-12-01,DEVENGO_NOMINA,rrhh_liquidaciones,LIQ_000126
ASI_000561,EMP_0001,2023-12-01,DEVENGO_NOMINA,rrhh_liquidaciones,LIQ_000127
ASI_000562,EMP_0001,2023-12-01,DEVENGO_NOMINA,rrhh_liquidaciones,LIQ_000128
ASI_000563,EMP_0001,2023-12-01,DEVENGO_NOMINA,rrhh_liquidaciones,LIQ_000129
ASI_000564,EMP_0001,2023-12-01,DEVENGO_NOMINA,rrhh_liquidaciones,LIQ_000130
ASI_000565,EMP_0001,2023-12-01,DEVENGO_NOMINA,rrhh_liquidaciones,LIQ_000131
ASI_000566,EMP_0001,2023-12-01,DEVENGO_NOMINA,rrhh_liquidaciones,LIQ_000132
ASI_000567,EMP_0001,2023-12-01,DEVENGO_NOMINA,rrhh_liquidaciones,LIQ_000133
ASI_000568,EMP_0001,2023-12-01,DEVENGO_NOMINA,rrhh_liquidaciones,LIQ_000134
ASI_000569,EMP_0001,2023-12-01,DEVENGO_NOMINA,rrhh_liquidaciones,LIQ_000135
ASI_000570,EMP_0001,2023-12-01,DEVENGO_NOMINA,rrhh_liquidaciones,LIQ_000136
ASI_000571,EMP_0001,2023-12-01,DEVENGO_NOMINA,rrhh_liquidaciones,LIQ_000137
ASI_000572,EMP_0001,2023-12-01,DEVENGO_NOMINA,rrhh_liquidaciones,LIQ_000138
ASI_000573,EMP_0001,2023-12-01,DEVENGO_NOMINA,rrhh_liquidaciones,LIQ_000139
ASI_000574,EMP_0001,2023-12-01,DEVENGO_NOMINA,rrhh_liquidaciones,LIQ_000140
ASI_000575,EMP_0001,2023-12-01,DEVENGO_NOMINA,rrhh_liquidaciones,LIQ_000141
ASI_000576,EMP_0001,2023-12-01,DEVENGO_NOMINA,rrhh_liquidaciones,LIQ_000142
ASI_000577,EMP_0001,2023-12-01,DEVENGO_NOMINA,rrhh_liquidaciones,LIQ_000143
ASI_000578,EMP_0001,2023-12-01,DEVENGO_NOMINA,rrhh_liquidaciones,LIQ_000144
ASI_000579,EMP_0001,2024-01-01,DEVENGO_NOMINA,rrhh_liquidaciones,LIQ_000145
ASI_000580,EMP_0001,2024-01-01,DEVENGO_NOMINA,rrhh_liquidaciones,LIQ_000146
ASI_000581,EMP_0001,2024-01-01,DEVENGO_NOMINA,rrhh_liquidaciones,LIQ_000147
ASI_000582,EMP_0001,2024-01-01,DEVENGO_NOMINA,rrhh_liquidaciones,LIQ_000148
ASI_000583,EMP_0001,2024-01-01,DEVENGO_NOMINA,rrhh_liquidaciones,LIQ_000149
ASI_000584,EMP_0001,2024-01-01,DEVENGO_NOMINA,rrhh_liquidaciones,LIQ_000150
ASI_000585,EMP_0001,2024-01-01,DEVENGO_NOMINA,rrhh_liquidaciones,LIQ_000151
ASI_000586,EMP_0001,2024-01-01,DEVENGO_NOMINA,rrhh_liquidaciones,LIQ_000152
ASI_000587,EMP_0001,2024-01-01,DEVENGO_NOMINA,rrhh_liquidaciones,LIQ_000153
ASI_000588,EMP_0001,2024-01-01,DEVENGO_NOMINA,rrhh_liquidaciones,LIQ_000154
ASI_000589,EMP_0001,2024-01-01,DEVENGO_NOMINA,rrhh_liquidaciones,LIQ_000155
ASI_000590,EMP_0001,2024-01-01,DEVENGO_NOMINA,rrhh_liquidaciones,LIQ_000156
ASI_000591,EMP_0001,2024-01-01,DEVENGO_NOMINA,rrhh_liquidaciones,LIQ_000157
ASI_000592,EMP_0001,2024-01-01,DEVENGO_NOMINA,rrhh_liquidaciones,LIQ_000158
ASI_000593,EMP_0001,2024-01-01,DEVENGO_NOMINA,rrhh_liquidaciones,LIQ_000159
ASI_000594,EMP_0001,2024-01-01,DEVENGO_NOMINA,rrhh_liquidaciones,LIQ_000160
ASI_000595,EMP_0001,2024-01-01,DEVENGO_NOMINA,rrhh_liquidaciones,LIQ_000161
ASI_000596,EMP_0001,2024-01-01,DEVENGO_NOMINA,rrhh_liquidaciones,LIQ_000162
ASI_000597,EMP_0001,2024-01-01,DEVENGO_NOMINA,rrhh_liquidaciones,LIQ_000163
ASI_000598,EMP_0001,2024-01-01,DEVENGO_NOMINA,rrhh_liquidaciones,LIQ_000164
ASI_000599,EMP_0001,2024-01-01,DEVENGO_NOMINA,rrhh_liquidaciones,LIQ_000165
ASI_000600,EMP_0001,2024-01-01,DEVENGO_NOMINA,rrhh_liquidaciones,LIQ_000166
ASI_000601,EMP_0001,2024-01-01,DEVENGO_NOMINA,rrhh_liquidaciones,LIQ_000167
ASI_000602,EMP_0001,2024-01-01,DEVENGO_NOMINA,rrhh_liquidaciones,LIQ_000168
ASI_000603,EMP_0001,2024-02-01,DEVENGO_NOMINA,rrhh_liquidaciones,LIQ_000169
ASI_000604,EMP_0001,2024-02-01,DEVENGO_NOMINA,rrhh_liquidaciones,LIQ_000170
ASI_000605,EMP_0001,2024-02-01,DEVENGO_NOMINA,rrhh_liquidaciones,LIQ_000171
ASI_000606,EMP_0001,2024-02-01,DEVENGO_NOMINA,rrhh_liquidaciones,LIQ_000172
ASI_000607,EMP_0001,2024-02-01,DEVENGO_NOMINA,rrhh_liquidaciones,LIQ_000173
ASI_000608,EMP_0001,2024-02-01,DEVENGO_NOMINA,rrhh_liquidaciones,LIQ_000174
ASI_000609,EMP_0001,2024-02-01,DEVENGO_NOMINA,rrhh_liquidaciones,LIQ_000175
ASI_000610,EMP_0001,2024-02-01,DEVENGO_NOMINA,rrhh_liquidaciones,LIQ_000176
ASI_000611,EMP_0001,2024-02-01,DEVENGO_NOMINA,rrhh_liquidaciones,LIQ_000177
ASI_000612,EMP_0001,2024-02-01,DEVENGO_NOMINA,rrhh_liquidaciones,LIQ_000178
ASI_000613,EMP_0001,2024-02-01,DEVENGO_NOMINA,rrhh_liquidaciones,LIQ_000179
ASI_000614,EMP_0001,2024-02-01,DEVENGO_NOMINA,rrhh_liquidaciones,LIQ_000180
ASI_000615,EMP_0001,2024-02-01,DEVENGO_NOMINA,rrhh_liquidaciones,LIQ_000181
ASI_000616,EMP_0001,2024-02-01,DEVENGO_NOMINA,rrhh_liquidaciones,LIQ_000182
ASI_000617,EMP_0001,2024-02-01,DEVENGO_NOMINA,rrhh_liquidaciones,LIQ_000183
ASI_000618,EMP_0001,2024-02-01,DEVENGO_NOMINA,rrhh_liquidaciones,LIQ_000184
ASI_000619,EMP_0001,2024-02-01,DEVENGO_NOMINA,rrhh_liquidaciones,LIQ_000185
ASI_000620,EMP_0001,2024-02-01,DEVENGO_NOMINA,rrhh_liquidaciones,LIQ_000186
ASI_000621,EMP_0001,2024-02-01,DEVENGO_NOMINA,rrhh_liquidaciones,LIQ_000187
ASI_000622,EMP_0001,2024-02-01,DEVENGO_NOMINA,rrhh_liquidaciones,LIQ_000188
ASI_000623,EMP_0001,2024-02-01,DEVENGO_NOMINA,rrhh_liquidaciones,LIQ_000189
ASI_000624,EMP_0001,2024-02-01,DEVENGO_NOMINA,rrhh_liquidaciones,LIQ_000190
ASI_000625,EMP_0001,2024-02-01,DEVENGO_NOMINA,rrhh_liquidaciones,LIQ_000191
ASI_000626,EMP_0001,2024-02-01,DEVENGO_NOMINA,rrhh_liquidaciones,LIQ_000192
ASI_000627,EMP_0001,2024-03-01,DEVENGO_NOMINA,rrhh_liquidaciones,LIQ_000193
ASI_000628,EMP_0001,2024-03-01,DEVENGO_NOMINA,rrhh_liquidaciones,LIQ_000194
ASI_000629,EMP_0001,2024-03-01,DEVENGO_NOMINA,rrhh_liquidaciones,LIQ_000195
ASI_000630,EMP_0001,2024-03-01,DEVENGO_NOMINA,rrhh_liquidaciones,LIQ_000196
ASI_000631,EMP_0001,2024-03-01,DEVENGO_NOMINA,rrhh_liquidaciones,LIQ_000197
ASI_000632,EMP_0001,2024-03-01,DEVENGO_NOMINA,rrhh_liquidaciones,LIQ_000198
ASI_000633,EMP_0001,2024-03-01,DEVENGO_NOMINA,rrhh_liquidaciones,LIQ_000199
ASI_000634,EMP_0001,2024-03-01,DEVENGO_NOMINA,rrhh_liquidaciones,LIQ_000200
ASI_000635,EMP_0001,2024-03-01,DEVENGO_NOMINA,rrhh_liquidaciones,LIQ_000201
ASI_000636,EMP_0001,2024-03-01,DEVENGO_NOMINA,rrhh_liquidaciones,LIQ_000202
ASI_000637,EMP_0001,2024-03-01,DEVENGO_NOMINA,rrhh_liquidaciones,LIQ_000203
ASI_000638,EMP_0001,2024-03-01,DEVENGO_NOMINA,rrhh_liquidaciones,LIQ_000204
ASI_000639,EMP_0001,2024-03-01,DEVENGO_NOMINA,rrhh_liquidaciones,LIQ_000205
ASI_000640,EMP_0001,2024-03-01,DEVENGO_NOMINA,rrhh_liquidaciones,LIQ_000206
ASI_000641,EMP_0001,2024-03-01,DEVENGO_NOMINA,rrhh_liquidaciones,LIQ_000207
ASI_000642,EMP_0001,2024-03-01,DEVENGO_NOMINA,rrhh_liquidaciones,LIQ_000208
ASI_000643,EMP_0001,2024-03-01,DEVENGO_NOMINA,rrhh_liquidaciones,LIQ_000209
ASI_000644,EMP_0001,2024-03-01,DEVENGO_NOMINA,rrhh_liquidaciones,LIQ_000210
ASI_000645,EMP_0001,2024-03-01,DEVENGO_NOMINA,rrhh_liquidaciones,LIQ_000211
ASI_000646,EMP_0001,2024-03-01,DEVENGO_NOMINA,rrhh_liquidaciones,LIQ_000212
ASI_000647,EMP_0001,2024-03-01,DEVENGO_NOMINA,rrhh_liquidaciones,LIQ_000213
ASI_000648,EMP_0001,2024-03-01,DEVENGO_NOMINA,rrhh_liquidaciones,LIQ_000214
ASI_000649,EMP_0001,2024-03-01,DEVENGO_NOMINA,rrhh_liquidaciones,LIQ_000215
ASI_000650,EMP_0001,2024-03-01,DEVENGO_NOMINA,rrhh_liquidaciones,LIQ_000216
ASI_000651,EMP_0001,2024-04-01,DEVENGO_NOMINA,rrhh_liquidaciones,LIQ_000217
ASI_000652,EMP_0001,2024-04-01,DEVENGO_NOMINA,rrhh_liquidaciones,LIQ_000218
ASI_000653,EMP_0001,2024-04-01,DEVENGO_NOMINA,rrhh_liquidaciones,LIQ_000219
ASI_000654,EMP_0001,2024-04-01,DEVENGO_NOMINA,rrhh_liquidaciones,LIQ_000220
ASI_000655,EMP_0001,2024-04-01,DEVENGO_NOMINA,rrhh_liquidaciones,LIQ_000221
ASI_000656,EMP_0001,2024-04-01,DEVENGO_NOMINA,rrhh_liquidaciones,LIQ_000222
ASI_000657,EMP_0001,2024-04-01,DEVENGO_NOMINA,rrhh_liquidaciones,LIQ_000223
ASI_000658,EMP_0001,2024-04-01,DEVENGO_NOMINA,rrhh_liquidaciones,LIQ_000224
ASI_000659,EMP_0001,2024-04-01,DEVENGO_NOMINA,rrhh_liquidaciones,LIQ_000225
ASI_000660,EMP_0001,2024-04-01,DEVENGO_NOMINA,rrhh_liquidaciones,LIQ_000226
ASI_000661,EMP_0001,2024-04-01,DEVENGO_NOMINA,rrhh_liquidaciones,LIQ_000227
ASI_000662,EMP_0001,2024-04-01,DEVENGO_NOMINA,rrhh_liquidaciones,LIQ_000228
ASI_000663,EMP_0001,2024-04-01,DEVENGO_NOMINA,rrhh_liquidaciones,LIQ_000229
ASI_000664,EMP_0001,2024-04-01,DEVENGO_NOMINA,rrhh_liquidaciones,LIQ_000230
ASI_000665,EMP_0001,2024-04-01,DEVENGO_NOMINA,rrhh_liquidaciones,LIQ_000231
ASI_000666,EMP_0001,2024-04-01,DEVENGO_NOMINA,rrhh_liquidaciones,LIQ_000232
ASI_000667,EMP_0001,2024-04-01,DEVENGO_NOMINA,rrhh_liquidaciones,LIQ_000233
ASI_000668,EMP_0001,2024-04-01,DEVENGO_NOMINA,rrhh_liquidaciones,LIQ_000234
ASI_000669,EMP_0001,2024-04-01,DEVENGO_NOMINA,rrhh_liquidaciones,LIQ_000235
ASI_000670,EMP_0001,2024-04-01,DEVENGO_NOMINA,rrhh_liquidaciones,LIQ_000236
ASI_000671,EMP_0001,2024-04-01,DEVENGO_NOMINA,rrhh_liquidaciones,LIQ_000237
ASI_000672,EMP_0001,2024-04-01,DEVENGO_NOMINA,rrhh_liquidaciones,LIQ_000238
ASI_000673,EMP_0001,2024-04-01,DEVENGO_NOMINA,rrhh_liquidaciones,LIQ_000239
ASI_000674,EMP_0001,2024-04-01,DEVENGO_NOMINA,rrhh_liquidaciones,LIQ_000240
ASI_000675,EMP_0001,2024-05-01,DEVENGO_NOMINA,rrhh_liquidaciones,LIQ_000241
ASI_000676,EMP_0001,2024-05-01,DEVENGO_NOMINA,rrhh_liquidaciones,LIQ_000242
ASI_000677,EMP_0001,2024-05-01,DEVENGO_NOMINA,rrhh_liquidaciones,LIQ_000243
ASI_000678,EMP_0001,2024-05-01,DEVENGO_NOMINA,rrhh_liquidaciones,LIQ_000244
ASI_000679,EMP_0001,2024-05-01,DEVENGO_NOMINA,rrhh_liquidaciones,LIQ_000245
ASI_000680,EMP_0001,2024-05-01,DEVENGO_NOMINA,rrhh_liquidaciones,LIQ_000246
ASI_000681,EMP_0001,2024-05-01,DEVENGO_NOMINA,rrhh_liquidaciones,LIQ_000247
ASI_000682,EMP_0001,2024-05-01,DEVENGO_NOMINA,rrhh_liquidaciones,LIQ_000248
ASI_000683,EMP_0001,2024-05-01,DEVENGO_NOMINA,rrhh_liquidaciones,LIQ_000249
ASI_000684,EMP_0001,2024-05-01,DEVENGO_NOMINA,rrhh_liquidaciones,LIQ_000250
ASI_000685,EMP_0001,2024-05-01,DEVENGO_NOMINA,rrhh_liquidaciones,LIQ_000251
ASI_000686,EMP_0001,2024-05-01,DEVENGO_NOMINA,rrhh_liquidaciones,LIQ_000252
ASI_000687,EMP_0001,2024-05-01,DEVENGO_NOMINA,rrhh_liquidaciones,LIQ_000253
ASI_000688,EMP_0001,2024-05-01,DEVENGO_NOMINA,rrhh_liquidaciones,LIQ_000254
ASI_000689,EMP_0001,2024-05-01,DEVENGO_NOMINA,rrhh_liquidaciones,LIQ_000255
ASI_000690,EMP_0001,2024-05-01,DEVENGO_NOMINA,rrhh_liquidaciones,LIQ_000256
ASI_000691,EMP_0001,2024-05-01,DEVENGO_NOMINA,rrhh_liquidaciones,LIQ_000257
ASI_000692,EMP_0001,2024-05-01,DEVENGO_NOMINA,rrhh_liquidaciones,LIQ_000258
ASI_000693,EMP_0001,2024-05-01,DEVENGO_NOMINA,rrhh_liquidaciones,LIQ_000259
ASI_000694,EMP_0001,2024-05-01,DEVENGO_NOMINA,rrhh_liquidaciones,LIQ_000260
ASI_000695,EMP_0001,2024-05-01,DEVENGO_NOMINA,rrhh_liquidaciones,LIQ_000261
ASI_000696,EMP_0001,2024-05-01,DEVENGO_NOMINA,rrhh_liquidaciones,LIQ_000262
ASI_000697,EMP_0001,2024-05-01,DEVENGO_NOMINA,rrhh_liquidaciones,LIQ_000263
ASI_000698,EMP_0001,2024-05-01,DEVENGO_NOMINA,rrhh_liquidaciones,LIQ_000264
ASI_000699,EMP_0001,2024-06-01,DEVENGO_NOMINA,rrhh_liquidaciones,LIQ_000265
ASI_000700,EMP_0001,2024-06-01,DEVENGO_NOMINA,rrhh_liquidaciones,LIQ_000266
ASI_000701,EMP_0001,2024-06-01,DEVENGO_NOMINA,rrhh_liquidaciones,LIQ_000267
ASI_000702,EMP_0001,2024-06-01,DEVENGO_NOMINA,rrhh_liquidaciones,LIQ_000268
ASI_000703,EMP_0001,2024-06-01,DEVENGO_NOMINA,rrhh_liquidaciones,LIQ_000269
ASI_000704,EMP_0001,2024-06-01,DEVENGO_NOMINA,rrhh_liquidaciones,LIQ_000270
ASI_000705,EMP_0001,2024-06-01,DEVENGO_NOMINA,rrhh_liquidaciones,LIQ_000271
ASI_000706,EMP_0001,2024-06-01,DEVENGO_NOMINA,rrhh_liquidaciones,LIQ_000272
ASI_000707,EMP_0001,2024-06-01,DEVENGO_NOMINA,rrhh_liquidaciones,LIQ_000273
ASI_000708,EMP_0001,2024-06-01,DEVENGO_NOMINA,rrhh_liquidaciones,LIQ_000274
ASI_000709,EMP_0001,2024-06-01,DEVENGO_NOMINA,rrhh_liquidaciones,LIQ_000275
ASI_000710,EMP_0001,2024-06-01,DEVENGO_NOMINA,rrhh_liquidaciones,LIQ_000276
ASI_000711,EMP_0001,2024-06-01,DEVENGO_NOMINA,rrhh_liquidaciones,LIQ_000277
ASI_000712,EMP_0001,2024-06-01,DEVENGO_NOMINA,rrhh_liquidaciones,LIQ_000278
ASI_000713,EMP_0001,2024-06-01,DEVENGO_NOMINA,rrhh_liquidaciones,LIQ_000279
ASI_000714,EMP_0001,2024-06-01,DEVENGO_NOMINA,rrhh_liquidaciones,LIQ_000280
ASI_000715,EMP_0001,2024-06-01,DEVENGO_NOMINA,rrhh_liquidaciones,LIQ_000281
ASI_000716,EMP_0001,2024-06-01,DEVENGO_NOMINA,rrhh_liquidaciones,LIQ_000282
ASI_000717,EMP_0001,2024-06-01,DEVENGO_NOMINA,rrhh_liquidaciones,LIQ_000283
ASI_000718,EMP_0001,2024-06-01,DEVENGO_NOMINA,rrhh_liquidaciones,LIQ_000284
ASI_000719,EMP_0001,2024-06-01,DEVENGO_NOMINA,rrhh_liquidaciones,LIQ_000285
ASI_000720,EMP_0001,2024-06-01,DEVENGO_NOMINA,rrhh_liquidaciones,LIQ_000286
ASI_000721,EMP_0001,2024-06-01,DEVENGO_NOMINA,rrhh_liquidaciones,LIQ_000287
ASI_000722,EMP_0001,2024-06-01,DEVENGO_NOMINA,rrhh_liquidaciones,LIQ_000288
ASI_000723,EMP_0001,2024-07-01,DEVENGO_NOMINA,rrhh_liquidaciones,LIQ_000289
ASI_000724,EMP_0001,2024-07-01,DEVENGO_NOMINA,rrhh_liquidaciones,LIQ_000290
ASI_000725,EMP_0001,2024-07-01,DEVENGO_NOMINA,rrhh_liquidaciones,LIQ_000291
ASI_000726,EMP_0001,2024-07-01,DEVENGO_NOMINA,rrhh_liquidaciones,LIQ_000292
ASI_000727,EMP_0001,2024-07-01,DEVENGO_NOMINA,rrhh_liquidaciones,LIQ_000293
ASI_000728,EMP_0001,2024-07-01,DEVENGO_NOMINA,rrhh_liquidaciones,LIQ_000294
ASI_000729,EMP_0001,2024-07-01,DEVENGO_NOMINA,rrhh_liquidaciones,LIQ_000295
ASI_000730,EMP_0001,2024-07-01,DEVENGO_NOMINA,rrhh_liquidaciones,LIQ_000296
ASI_000731,EMP_0001,2024-07-01,DEVENGO_NOMINA,rrhh_liquidaciones,LIQ_000297
ASI_000732,EMP_0001,2024-07-01,DEVENGO_NOMINA,rrhh_liquidaciones,LIQ_000298
ASI_000733,EMP_0001,2024-07-01,DEVENGO_NOMINA,rrhh_liquidaciones,LIQ_000299
ASI_000734,EMP_0001,2024-07-01,DEVENGO_NOMINA,rrhh_liquidaciones,LIQ_000300
ASI_000735,EMP_0001,2024-07-01,DEVENGO_NOMINA,rrhh_liquidaciones,LIQ_000301
ASI_000736,EMP_0001,2024-07-01,DEVENGO_NOMINA,rrhh_liquidaciones,LIQ_000302
ASI_000737,EMP_0001,2024-07-01,DEVENGO_NOMINA,rrhh_liquidaciones,LIQ_000303
ASI_000738,EMP_0001,2024-07-01,DEVENGO_NOMINA,rrhh_liquidaciones,LIQ_000304
ASI_000739,EMP_0001,2024-07-01,DEVENGO_NOMINA,rrhh_liquidaciones,LIQ_000305
ASI_000740,EMP_0001,2024-07-01,DEVENGO_NOMINA,rrhh_liquidaciones,LIQ_000306
ASI_000741,EMP_0001,2024-07-01,DEVENGO_NOMINA,rrhh_liquidaciones,LIQ_000307
ASI_000742,EMP_0001,2024-07-01,DEVENGO_NOMINA,rrhh_liquidaciones,LIQ_000308
ASI_000743,EMP_0001,2024-07-01,DEVENGO_NOMINA,rrhh_liquidaciones,LIQ_000309
ASI_000744,EMP_0001,2024-07-01,DEVENGO_NOMINA,rrhh_liquidaciones,LIQ_000310
ASI_000745,EMP_0001,2024-07-01,DEVENGO_NOMINA,rrhh_liquidaciones,LIQ_000311
ASI_000746,EMP_0001,2024-07-01,DEVENGO_NOMINA,rrhh_liquidaciones,LIQ_000312
ASI_000747,EMP_0001,2024-08-01,DEVENGO_NOMINA,rrhh_liquidaciones,LIQ_000313
ASI_000748,EMP_0001,2024-08-01,DEVENGO_NOMINA,rrhh_liquidaciones,LIQ_000314
ASI_000749,EMP_0001,2024-08-01,DEVENGO_NOMINA,rrhh_liquidaciones,LIQ_000315
ASI_000750,EMP_0001,2024-08-01,DEVENGO_NOMINA,rrhh_liquidaciones,LIQ_000316
ASI_000751,EMP_0001,2024-08-01,DEVENGO_NOMINA,rrhh_liquidaciones,LIQ_000317
ASI_000752,EMP_0001,2024-08-01,DEVENGO_NOMINA,rrhh_liquidaciones,LIQ_000318
ASI_000753,EMP_0001,2024-08-01,DEVENGO_NOMINA,rrhh_liquidaciones,LIQ_000319
ASI_000754,EMP_0001,2024-08-01,DEVENGO_NOMINA,rrhh_liquidaciones,LIQ_000320
ASI_000755,EMP_0001,2024-08-01,DEVENGO_NOMINA,rrhh_liquidaciones,LIQ_000321
ASI_000756,EMP_0001,2024-08-01,DEVENGO_NOMINA,rrhh_liquidaciones,LIQ_000322
ASI_000757,EMP_0001,2024-08-01,DEVENGO_NOMINA,rrhh_liquidaciones,LIQ_000323
ASI_000758,EMP_0001,2024-08-01,DEVENGO_NOMINA,rrhh_liquidaciones,LIQ_000324
ASI_000759,EMP_0001,2024-08-01,DEVENGO_NOMINA,rrhh_liquidaciones,LIQ_000325
ASI_000760,EMP_0001,2024-08-01,DEVENGO_NOMINA,rrhh_liquidaciones,LIQ_000326
ASI_000761,EMP_0001,2024-08-01,DEVENGO_NOMINA,rrhh_liquidaciones,LIQ_000327
ASI_000762,EMP_0001,2024-08-01,DEVENGO_NOMINA,rrhh_liquidaciones,LIQ_000328
ASI_000763,EMP_0001,2024-08-01,DEVENGO_NOMINA,rrhh_liquidaciones,LIQ_000329
ASI_000764,EMP_0001,2024-08-01,DEVENGO_NOMINA,rrhh_liquidaciones,LIQ_000330
ASI_000765,EMP_0001,2024-08-01,DEVENGO_NOMINA,rrhh_liquidaciones,LIQ_000331
ASI_000766,EMP_0001,2024-08-01,DEVENGO_NOMINA,rrhh_liquidaciones,LIQ_000332
ASI_000767,EMP_0001,2024-08-01,DEVENGO_NOMINA,rrhh_liquidaciones,LIQ_000333
ASI_000768,EMP_0001,2024-08-01,DEVENGO_NOMINA,rrhh_liquidaciones,LIQ_000334
ASI_000769,EMP_0001,2024-08-01,DEVENGO_NOMINA,rrhh_liquidaciones,LIQ_000335
ASI_000770,EMP_0001,2024-08-01,DEVENGO_NOMINA,rrhh_liquidaciones,LIQ_000336
ASI_000771,EMP_0001,2024-09-01,DEVENGO_NOMINA,rrhh_liquidaciones,LIQ_000337
ASI_000772,EMP_0001,2024-09-01,DEVENGO_NOMINA,rrhh_liquidaciones,LIQ_000338
ASI_000773,EMP_0001,2024-09-01,DEVENGO_NOMINA,rrhh_liquidaciones,LIQ_000339
ASI_000774,EMP_0001,2024-09-01,DEVENGO_NOMINA,rrhh_liquidaciones,LIQ_000340
ASI_000775,EMP_0001,2024-09-01,DEVENGO_NOMINA,rrhh_liquidaciones,LIQ_000341
ASI_000776,EMP_0001,2024-09-01,DEVENGO_NOMINA,rrhh_liquidaciones,LIQ_000342
ASI_000777,EMP_0001,2024-09-01,DEVENGO_NOMINA,rrhh_liquidaciones,LIQ_000343
ASI_000778,EMP_0001,2024-09-01,DEVENGO_NOMINA,rrhh_liquidaciones,LIQ_000344
ASI_000779,EMP_0001,2024-09-01,DEVENGO_NOMINA,rrhh_liquidaciones,LIQ_000345
ASI_000780,EMP_0001,2024-09-01,DEVENGO_NOMINA,rrhh_liquidaciones,LIQ_000346
ASI_000781,EMP_0001,2024-09-01,DEVENGO_NOMINA,rrhh_liquidaciones,LIQ_000347
ASI_000782,EMP_0001,2024-09-01,DEVENGO_NOMINA,rrhh_liquidaciones,LIQ_000348
ASI_000783,EMP_0001,2024-09-01,DEVENGO_NOMINA,rrhh_liquidaciones,LIQ_000349
ASI_000784,EMP_0001,2024-09-01,DEVENGO_NOMINA,rrhh_liquidaciones,LIQ_000350
ASI_000785,EMP_0001,2024-09-01,DEVENGO_NOMINA,rrhh_liquidaciones,LIQ_000351
ASI_000786,EMP_0001,2024-09-01,DEVENGO_NOMINA,rrhh_liquidaciones,LIQ_000352
ASI_000787,EMP_0001,2024-09-01,DEVENGO_NOMINA,rrhh_liquidaciones,LIQ_000353
ASI_000788,EMP_0001,2024-09-01,DEVENGO_NOMINA,rrhh_liquidaciones,LIQ_000354
ASI_000789,EMP_0001,2024-09-01,DEVENGO_NOMINA,rrhh_liquidaciones,LIQ_000355
ASI_000790,EMP_0001,2024-09-01,DEVENGO_NOMINA,rrhh_liquidaciones,LIQ_000356
ASI_000791,EMP_0001,2024-09-01,DEVENGO_NOMINA,rrhh_liquidaciones,LIQ_000357
ASI_000792,EMP_0001,2024-09-01,DEVENGO_NOMINA,rrhh_liquidaciones,LIQ_000358
ASI_000793,EMP_0001,2024-09-01,DEVENGO_NOMINA,rrhh_liquidaciones,LIQ_000359
ASI_000794,EMP_0001,2024-09-01,DEVENGO_NOMINA,rrhh_liquidaciones,LIQ_000360
ASI_000795,EMP_0001,2024-10-01,DEVENGO_NOMINA,rrhh_liquidaciones,LIQ_000361
ASI_000796,EMP_0001,2024-10-01,DEVENGO_NOMINA,rrhh_liquidaciones,LIQ_000362
ASI_000797,EMP_0001,2024-10-01,DEVENGO_NOMINA,rrhh_liquidaciones,LIQ_000363
ASI_000798,EMP_0001,2024-10-01,DEVENGO_NOMINA,rrhh_liquidaciones,LIQ_000364
ASI_000799,EMP_0001,2024-10-01,DEVENGO_NOMINA,rrhh_liquidaciones,LIQ_000365
ASI_000800,EMP_0001,2024-10-01,DEVENGO_NOMINA,rrhh_liquidaciones,LIQ_000366
ASI_000801,EMP_0001,2024-10-01,DEVENGO_NOMINA,rrhh_liquidaciones,LIQ_000367
ASI_000802,EMP_0001,2024-10-01,DEVENGO_NOMINA,rrhh_liquidaciones,LIQ_000368
ASI_000803,EMP_0001,2024-10-01,DEVENGO_NOMINA,rrhh_liquidaciones,LIQ_000369
ASI_000804,EMP_0001,2024-10-01,DEVENGO_NOMINA,rrhh_liquidaciones,LIQ_000370
ASI_000805,EMP_0001,2024-10-01,DEVENGO_NOMINA,rrhh_liquidaciones,LIQ_000371
ASI_000806,EMP_0001,2024-10-01,DEVENGO_NOMINA,rrhh_liquidaciones,LIQ_000372
ASI_000807,EMP_0001,2024-10-01,DEVENGO_NOMINA,rrhh_liquidaciones,LIQ_000373
ASI_000808,EMP_0001,2024-10-01,DEVENGO_NOMINA,rrhh_liquidaciones,LIQ_000374
ASI_000809,EMP_0001,2024-10-01,DEVENGO_NOMINA,rrhh_liquidaciones,LIQ_000375
ASI_000810,EMP_0001,2024-10-01,DEVENGO_NOMINA,rrhh_liquidaciones,LIQ_000376
ASI_000811,EMP_0001,2024-10-01,DEVENGO_NOMINA,rrhh_liquidaciones,LIQ_000377
ASI_000812,EMP_0001,2024-10-01,DEVENGO_NOMINA,rrhh_liquidaciones,LIQ_000378
ASI_000813,EMP_0001,2024-10-01,DEVENGO_NOMINA,rrhh_liquidaciones,LIQ_000379
ASI_000814,EMP_0001,2024-10-01,DEVENGO_NOMINA,rrhh_liquidaciones,LIQ_000380
ASI_000815,EMP_0001,2024-10-01,DEVENGO_NOMINA,rrhh_liquidaciones,LIQ_000381
ASI_000816,EMP_0001,2024-10-01,DEVENGO_NOMINA,rrhh_liquidaciones,LIQ_000382
ASI_000817,EMP_0001,2024-10-01,DEVENGO_NOMINA,rrhh_liquidaciones,LIQ_000383
ASI_000818,EMP_0001,2024-10-01,DEVENGO_NOMINA,rrhh_liquidaciones,LIQ_000384
ASI_000819,EMP_0001,2024-11-01,DEVENGO_NOMINA,rrhh_liquidaciones,LIQ_000385
ASI_000820,EMP_0001,2024-11-01,DEVENGO_NOMINA,rrhh_liquidaciones,LIQ_000386
ASI_000821,EMP_0001,2024-11-01,DEVENGO_NOMINA,rrhh_liquidaciones,LIQ_000387
ASI_000822,EMP_0001,2024-11-01,DEVENGO_NOMINA,rrhh_liquidaciones,LIQ_000388
ASI_000823,EMP_0001,2024-11-01,DEVENGO_NOMINA,rrhh_liquidaciones,LIQ_000389
ASI_000824,EMP_0001,2024-11-01,DEVENGO_NOMINA,rrhh_liquidaciones,LIQ_000390
ASI_000825,EMP_0001,2024-11-01,DEVENGO_NOMINA,rrhh_liquidaciones,LIQ_000391
ASI_000826,EMP_0001,2024-11-01,DEVENGO_NOMINA,rrhh_liquidaciones,LIQ_000392
ASI_000827,EMP_0001,2024-11-01,DEVENGO_NOMINA,rrhh_liquidaciones,LIQ_000393
ASI_000828,EMP_0001,2024-11-01,DEVENGO_NOMINA,rrhh_liquidaciones,LIQ_000394
ASI_000829,EMP_0001,2024-11-01,DEVENGO_NOMINA,rrhh_liquidaciones,LIQ_000395
ASI_000830,EMP_0001,2024-11-01,DEVENGO_NOMINA,rrhh_liquidaciones,LIQ_000396
ASI_000831,EMP_0001,2024-11-01,DEVENGO_NOMINA,rrhh_liquidaciones,LIQ_000397
ASI_000832,EMP_0001,2024-11-01,DEVENGO_NOMINA,rrhh_liquidaciones,LIQ_000398
ASI_000833,EMP_0001,2024-11-01,DEVENGO_NOMINA,rrhh_liquidaciones,LIQ_000399
ASI_000834,EMP_0001,2024-11-01,DEVENGO_NOMINA,rrhh_liquidaciones,LIQ_000400
ASI_000835,EMP_0001,2024-11-01,DEVENGO_NOMINA,rrhh_liquidaciones,LIQ_000401
ASI_000836,EMP_0001,2024-11-01,DEVENGO_NOMINA,rrhh_liquidaciones,LIQ_000402
ASI_000837,EMP_0001,2024-11-01,DEVENGO_NOMINA,rrhh_liquidaciones,LIQ_000403
ASI_000838,EMP_0001,2024-11-01,DEVENGO_NOMINA,rrhh_liquidaciones,LIQ_000404
ASI_000839,EMP_0001,2024-11-01,DEVENGO_NOMINA,rrhh_liquidaciones,LIQ_000405
ASI_000840,EMP_0001,2024-11-01,DEVENGO_NOMINA,rrhh_liquidaciones,LIQ_000406
ASI_000841,EMP_0001,2024-11-01,DEVENGO_NOMINA,rrhh_liquidaciones,LIQ_000407
ASI_000842,EMP_0001,2024-11-01,DEVENGO_NOMINA,rrhh_liquidaciones,LIQ_000408
ASI_000843,EMP_0001,2024-12-01,DEVENGO_NOMINA,rrhh_liquidaciones,LIQ_000409
ASI_000844,EMP_0001,2024-12-01,DEVENGO_NOMINA,rrhh_liquidaciones,LIQ_000410
ASI_000845,EMP_0001,2024-12-01,DEVENGO_NOMINA,rrhh_liquidaciones,LIQ_000411
ASI_000846,EMP_0001,2024-12-01,DEVENGO_NOMINA,rrhh_liquidaciones,LIQ_000412
ASI_000847,EMP_0001,2024-12-01,DEVENGO_NOMINA,rrhh_liquidaciones,LIQ_000413
ASI_000848,EMP_0001,2024-12-01,DEVENGO_NOMINA,rrhh_liquidaciones,LIQ_000414
ASI_000849,EMP_0001,2024-12-01,DEVENGO_NOMINA,rrhh_liquidaciones,LIQ_000415
ASI_000850,EMP_0001,2024-12-01,DEVENGO_NOMINA,rrhh_liquidaciones,LIQ_000416
ASI_000851,EMP_0001,2024-12-01,DEVENGO_NOMINA,rrhh_liquidaciones,LIQ_000417
ASI_000852,EMP_0001,2024-12-01,DEVENGO_NOMINA,rrhh_liquidaciones,LIQ_000418
ASI_000853,EMP_0001,2024-12-01,DEVENGO_NOMINA,rrhh_liquidaciones,LIQ_000419
ASI_000854,EMP_0001,2024-12-01,DEVENGO_NOMINA,rrhh_liquidaciones,LIQ_000420
ASI_000855,EMP_0001,2024-12-01,DEVENGO_NOMINA,rrhh_liquidaciones,LIQ_000421
ASI_000856,EMP_0001,2024-12-01,DEVENGO_NOMINA,rrhh_liquidaciones,LIQ_000422
ASI_000857,EMP_0001,2024-12-01,DEVENGO_NOMINA,rrhh_liquidaciones,LIQ_000423
ASI_000858,EMP_0001,2024-12-01,DEVENGO_NOMINA,rrhh_liquidaciones,LIQ_000424
ASI_000859,EMP_0001,2024-12-01,DEVENGO_NOMINA,rrhh_liquidaciones,LIQ_000425
ASI_000860,EMP_0001,2024-12-01,DEVENGO_NOMINA,rrhh_liquidaciones,LIQ_000426
ASI_000861,EMP_0001,2024-12-01,DEVENGO_NOMINA,rrhh_liquidaciones,LIQ_000427
ASI_000862,EMP_0001,2024-12-01,DEVENGO_NOMINA,rrhh_liquidaciones,LIQ_000428
ASI_000863,EMP_0001,2024-12-01,DEVENGO_NOMINA,rrhh_liquidaciones,LIQ_000429
ASI_000864,EMP_0001,2024-12-01,DEVENGO_NOMINA,rrhh_liquidaciones,LIQ_000430
ASI_000865,EMP_0001,2024-12-01,DEVENGO_NOMINA,rrhh_liquidaciones,LIQ_000431
ASI_000866,EMP_0001,2024-12-01,DEVENGO_NOMINA,rrhh_liquidaciones,LIQ_000432
ASI_000867,EMP_0001,2025-01-01,DEVENGO_NOMINA,rrhh_liquidaciones,LIQ_000433
ASI_000868,EMP_0001,2025-01-01,DEVENGO_NOMINA,rrhh_liquidaciones,LIQ_000434
ASI_000869,EMP_0001,2025-01-01,DEVENGO_NOMINA,rrhh_liquidaciones,LIQ_000435
ASI_000870,EMP_0001,2025-01-01,DEVENGO_NOMINA,rrhh_liquidaciones,LIQ_000436
ASI_000871,EMP_0001,2025-01-01,DEVENGO_NOMINA,rrhh_liquidaciones,LIQ_000437
ASI_000872,EMP_0001,2025-01-01,DEVENGO_NOMINA,rrhh_liquidaciones,LIQ_000438
ASI_000873,EMP_0001,2025-01-01,DEVENGO_NOMINA,rrhh_liquidaciones,LIQ_000439
ASI_000874,EMP_0001,2025-01-01,DEVENGO_NOMINA,rrhh_liquidaciones,LIQ_000440
ASI_000875,EMP_0001,2025-01-01,DEVENGO_NOMINA,rrhh_liquidaciones,LIQ_000441
ASI_000876,EMP_0001,2025-01-01,DEVENGO_NOMINA,rrhh_liquidaciones,LIQ_000442
ASI_000877,EMP_0001,2025-01-01,DEVENGO_NOMINA,rrhh_liquidaciones,LIQ_000443
ASI_000878,EMP_0001,2025-01-01,DEVENGO_NOMINA,rrhh_liquidaciones,LIQ_000444
ASI_000879,EMP_0001,2025-01-01,DEVENGO_NOMINA,rrhh_liquidaciones,LIQ_000445
ASI_000880,EMP_0001,2025-01-01,DEVENGO_NOMINA,rrhh_liquidaciones,LIQ_000446
ASI_000881,EMP_0001,2025-01-01,DEVENGO_NOMINA,rrhh_liquidaciones,LIQ_000447
ASI_000882,EMP_0001,2025-01-01,DEVENGO_NOMINA,rrhh_liquidaciones,LIQ_000448
ASI_000883,EMP_0001,2025-01-01,DEVENGO_NOMINA,rrhh_liquidaciones,LIQ_000449
ASI_000884,EMP_0001,2025-01-01,DEVENGO_NOMINA,rrhh_liquidaciones,LIQ_000450
ASI_000885,EMP_0001,2025-01-01,DEVENGO_NOMINA,rrhh_liquidaciones,LIQ_000451
ASI_000886,EMP_0001,2025-01-01,DEVENGO_NOMINA,rrhh_liquidaciones,LIQ_000452
ASI_000887,EMP_0001,2025-01-01,DEVENGO_NOMINA,rrhh_liquidaciones,LIQ_000453
ASI_000888,EMP_0001,2025-01-01,DEVENGO_NOMINA,rrhh_liquidaciones,LIQ_000454
ASI_000889,EMP_0001,2025-01-01,DEVENGO_NOMINA,rrhh_liquidaciones,LIQ_000455
ASI_000890,EMP_0001,2025-01-01,DEVENGO_NOMINA,rrhh_liquidaciones,LIQ_000456
ASI_000891,EMP_0001,2025-02-01,DEVENGO_NOMINA,rrhh_liquidaciones,LIQ_000457
ASI_000892,EMP_0001,2025-02-01,DEVENGO_NOMINA,rrhh_liquidaciones,LIQ_000458
ASI_000893,EMP_0001,2025-02-01,DEVENGO_NOMINA,rrhh_liquidaciones,LIQ_000459
ASI_000894,EMP_0001,2025-02-01,DEVENGO_NOMINA,rrhh_liquidaciones,LIQ_000460
ASI_000895,EMP_0001,2025-02-01,DEVENGO_NOMINA,rrhh_liquidaciones,LIQ_000461
ASI_000896,EMP_0001,2025-02-01,DEVENGO_NOMINA,rrhh_liquidaciones,LIQ_000462
ASI_000897,EMP_0001,2025-02-01,DEVENGO_NOMINA,rrhh_liquidaciones,LIQ_000463
ASI_000898,EMP_0001,2025-02-01,DEVENGO_NOMINA,rrhh_liquidaciones,LIQ_000464
ASI_000899,EMP_0001,2025-02-01,DEVENGO_NOMINA,rrhh_liquidaciones,LIQ_000465
ASI_000900,EMP_0001,2025-02-01,DEVENGO_NOMINA,rrhh_liquidaciones,LIQ_000466
ASI_000901,EMP_0001,2025-02-01,DEVENGO_NOMINA,rrhh_liquidaciones,LIQ_000467
ASI_000902,EMP_0001,2025-02-01,DEVENGO_NOMINA,rrhh_liquidaciones,LIQ_000468
ASI_000903,EMP_0001,2025-02-01,DEVENGO_NOMINA,rrhh_liquidaciones,LIQ_000469
ASI_000904,EMP_0001,2025-02-01,DEVENGO_NOMINA,rrhh_liquidaciones,LIQ_000470
ASI_000905,EMP_0001,2025-02-01,DEVENGO_NOMINA,rrhh_liquidaciones,LIQ_000471
ASI_000906,EMP_0001,2025-02-01,DEVENGO_NOMINA,rrhh_liquidaciones,LIQ_000472
ASI_000907,EMP_0001,2025-02-01,DEVENGO_NOMINA,rrhh_liquidaciones,LIQ_000473
ASI_000908,EMP_0001,2025-02-01,DEVENGO_NOMINA,rrhh_liquidaciones,LIQ_000474
ASI_000909,EMP_0001,2025-02-01,DEVENGO_NOMINA,rrhh_liquidaciones,LIQ_000475
ASI_000910,EMP_0001,2025-02-01,DEVENGO_NOMINA,rrhh_liquidaciones,LIQ_000476
ASI_000911,EMP_0001,2025-02-01,DEVENGO_NOMINA,rrhh_liquidaciones,LIQ_000477
ASI_000912,EMP_0001,2025-02-01,DEVENGO_NOMINA,rrhh_liquidaciones,LIQ_000478
ASI_000913,EMP_0001,2025-02-01,DEVENGO_NOMINA,rrhh_liquidaciones,LIQ_000479
ASI_000914,EMP_0001,2025-02-01,DEVENGO_NOMINA,rrhh_liquidaciones,LIQ_000480
ASI_000915,EMP_0001,2025-03-01,DEVENGO_NOMINA,rrhh_liquidaciones,LIQ_000481
ASI_000916,EMP_0001,2025-03-01,DEVENGO_NOMINA,rrhh_liquidaciones,LIQ_000482
ASI_000917,EMP_0001,2025-03-01,DEVENGO_NOMINA,rrhh_liquidaciones,LIQ_000483
ASI_000918,EMP_0001,2025-03-01,DEVENGO_NOMINA,rrhh_liquidaciones,LIQ_000484
ASI_000919,EMP_0001,2025-03-01,DEVENGO_NOMINA,rrhh_liquidaciones,LIQ_000485
ASI_000920,EMP_0001,2025-03-01,DEVENGO_NOMINA,rrhh_liquidaciones,LIQ_000486
ASI_000921,EMP_0001,2025-03-01,DEVENGO_NOMINA,rrhh_liquidaciones,LIQ_000487
ASI_000922,EMP_0001,2025-03-01,DEVENGO_NOMINA,rrhh_liquidaciones,LIQ_000488
ASI_000923,EMP_0001,2025-03-01,DEVENGO_NOMINA,rrhh_liquidaciones,LIQ_000489
ASI_000924,EMP_0001,2025-03-01,DEVENGO_NOMINA,rrhh_liquidaciones,LIQ_000490
ASI_000925,EMP_0001,2025-03-01,DEVENGO_NOMINA,rrhh_liquidaciones,LIQ_000491
ASI_000926,EMP_0001,2025-03-01,DEVENGO_NOMINA,rrhh_liquidaciones,LIQ_000492
ASI_000927,EMP_0001,2025-03-01,DEVENGO_NOMINA,rrhh_liquidaciones,LIQ_000493
ASI_000928,EMP_0001,2025-03-01,DEVENGO_NOMINA,rrhh_liquidaciones,LIQ_000494
ASI_000929,EMP_0001,2025-03-01,DEVENGO_NOMINA,rrhh_liquidaciones,LIQ_000495
ASI_000930,EMP_0001,2025-03-01,DEVENGO_NOMINA,rrhh_liquidaciones,LIQ_000496
ASI_000931,EMP_0001,2025-03-01,DEVENGO_NOMINA,rrhh_liquidaciones,LIQ_000497
ASI_000932,EMP_0001,2025-03-01,DEVENGO_NOMINA,rrhh_liquidaciones,LIQ_000498
ASI_000933,EMP_0001,2025-03-01,DEVENGO_NOMINA,rrhh_liquidaciones,LIQ_000499
ASI_000934,EMP_0001,2025-03-01,DEVENGO_NOMINA,rrhh_liquidaciones,LIQ_000500
ASI_000935,EMP_0001,2025-03-01,DEVENGO_NOMINA,rrhh_liquidaciones,LIQ_000501
ASI_000936,EMP_0001,2025-03-01,DEVENGO_NOMINA,rrhh_liquidaciones,LIQ_000502
ASI_000937,EMP_0001,2025-03-01,DEVENGO_NOMINA,rrhh_liquidaciones,LIQ_000503
ASI_000938,EMP_0001,2025-03-01,DEVENGO_NOMINA,rrhh_liquidaciones,LIQ_000504
ASI_000939,EMP_0001,2025-04-01,DEVENGO_NOMINA,rrhh_liquidaciones,LIQ_000505
ASI_000940,EMP_0001,2025-04-01,DEVENGO_NOMINA,rrhh_liquidaciones,LIQ_000506
ASI_000941,EMP_0001,2025-04-01,DEVENGO_NOMINA,rrhh_liquidaciones,LIQ_000507
ASI_000942,EMP_0001,2025-04-01,DEVENGO_NOMINA,rrhh_liquidaciones,LIQ_000508
ASI_000943,EMP_0001,2025-04-01,DEVENGO_NOMINA,rrhh_liquidaciones,LIQ_000509
ASI_000944,EMP_0001,2025-04-01,DEVENGO_NOMINA,rrhh_liquidaciones,LIQ_000510
ASI_000945,EMP_0001,2025-04-01,DEVENGO_NOMINA,rrhh_liquidaciones,LIQ_000511
ASI_000946,EMP_0001,2025-04-01,DEVENGO_NOMINA,rrhh_liquidaciones,LIQ_000512
ASI_000947,EMP_0001,2025-04-01,DEVENGO_NOMINA,rrhh_liquidaciones,LIQ_000513
ASI_000948,EMP_0001,2025-04-01,DEVENGO_NOMINA,rrhh_liquidaciones,LIQ_000514
ASI_000949,EMP_0001,2025-04-01,DEVENGO_NOMINA,rrhh_liquidaciones,LIQ_000515
ASI_000950,EMP_0001,2025-04-01,DEVENGO_NOMINA,rrhh_liquidaciones,LIQ_000516
ASI_000951,EMP_0001,2025-04-01,DEVENGO_NOMINA,rrhh_liquidaciones,LIQ_000517
ASI_000952,EMP_0001,2025-04-01,DEVENGO_NOMINA,rrhh_liquidaciones,LIQ_000518
ASI_000953,EMP_0001,2025-04-01,DEVENGO_NOMINA,rrhh_liquidaciones,LIQ_000519
ASI_000954,EMP_0001,2025-04-01,DEVENGO_NOMINA,rrhh_liquidaciones,LIQ_000520
ASI_000955,EMP_0001,2025-04-01,DEVENGO_NOMINA,rrhh_liquidaciones,LIQ_000521
ASI_000956,EMP_0001,2025-04-01,DEVENGO_NOMINA,rrhh_liquidaciones,LIQ_000522
ASI_000957,EMP_0001,2025-04-01,DEVENGO_NOMINA,rrhh_liquidaciones,LIQ_000523
ASI_000958,EMP_0001,2025-04-01,DEVENGO_NOMINA,rrhh_liquidaciones,LIQ_000524
ASI_000959,EMP_0001,2025-04-01,DEVENGO_NOMINA,rrhh_liquidaciones,LIQ_000525
ASI_000960,EMP_0001,2025-04-01,DEVENGO_NOMINA,rrhh_liquidaciones,LIQ_000526
ASI_000961,EMP_0001,2025-04-01,DEVENGO_NOMINA,rrhh_liquidaciones,LIQ_000527
ASI_000962,EMP_0001,2025-04-01,DEVENGO_NOMINA,rrhh_liquidaciones,LIQ_000528
ASI_000963,EMP_0001,2025-05-01,DEVENGO_NOMINA,rrhh_liquidaciones,LIQ_000529
ASI_000964,EMP_0001,2025-05-01,DEVENGO_NOMINA,rrhh_liquidaciones,LIQ_000530
ASI_000965,EMP_0001,2025-05-01,DEVENGO_NOMINA,rrhh_liquidaciones,LIQ_000531
ASI_000966,EMP_0001,2025-05-01,DEVENGO_NOMINA,rrhh_liquidaciones,LIQ_000532
ASI_000967,EMP_0001,2025-05-01,DEVENGO_NOMINA,rrhh_liquidaciones,LIQ_000533
ASI_000968,EMP_0001,2025-05-01,DEVENGO_NOMINA,rrhh_liquidaciones,LIQ_000534
ASI_000969,EMP_0001,2025-05-01,DEVENGO_NOMINA,rrhh_liquidaciones,LIQ_000535
ASI_000970,EMP_0001,2025-05-01,DEVENGO_NOMINA,rrhh_liquidaciones,LIQ_000536
ASI_000971,EMP_0001,2025-05-01,DEVENGO_NOMINA,rrhh_liquidaciones,LIQ_000537
ASI_000972,EMP_0001,2025-05-01,DEVENGO_NOMINA,rrhh_liquidaciones,LIQ_000538
ASI_000973,EMP_0001,2025-05-01,DEVENGO_NOMINA,rrhh_liquidaciones,LIQ_000539
ASI_000974,EMP_0001,2025-05-01,DEVENGO_NOMINA,rrhh_liquidaciones,LIQ_000540
ASI_000975,EMP_0001,2025-05-01,DEVENGO_NOMINA,rrhh_liquidaciones,LIQ_000541
ASI_000976,EMP_0001,2025-05-01,DEVENGO_NOMINA,rrhh_liquidaciones,LIQ_000542
ASI_000977,EMP_0001,2025-05-01,DEVENGO_NOMINA,rrhh_liquidaciones,LIQ_000543
ASI_000978,EMP_0001,2025-05-01,DEVENGO_NOMINA,rrhh_liquidaciones,LIQ_000544
ASI_000979,EMP_0001,2025-05-01,DEVENGO_NOMINA,rrhh_liquidaciones,LIQ_000545
ASI_000980,EMP_0001,2025-05-01,DEVENGO_NOMINA,rrhh_liquidaciones,LIQ_000546
ASI_000981,EMP_0001,2025-05-01,DEVENGO_NOMINA,rrhh_liquidaciones,LIQ_000547
ASI_000982,EMP_0001,2025-05-01,DEVENGO_NOMINA,rrhh_liquidaciones,LIQ_000548
ASI_000983,EMP_0001,2025-05-01,DEVENGO_NOMINA,rrhh_liquidaciones,LIQ_000549
ASI_000984,EMP_0001,2025-05-01,DEVENGO_NOMINA,rrhh_liquidaciones,LIQ_000550
ASI_000985,EMP_0001,2025-05-01,DEVENGO_NOMINA,rrhh_liquidaciones,LIQ_000551
ASI_000986,EMP_0001,2025-05-01,DEVENGO_NOMINA,rrhh_liquidaciones,LIQ_000552
ASI_000987,EMP_0001,2025-06-01,DEVENGO_NOMINA,rrhh_liquidaciones,LIQ_000553
ASI_000988,EMP_0001,2025-06-01,DEVENGO_NOMINA,rrhh_liquidaciones,LIQ_000554
ASI_000989,EMP_0001,2025-06-01,DEVENGO_NOMINA,rrhh_liquidaciones,LIQ_000555
ASI_000990,EMP_0001,2025-06-01,DEVENGO_NOMINA,rrhh_liquidaciones,LIQ_000556
ASI_000991,EMP_0001,2025-06-01,DEVENGO_NOMINA,rrhh_liquidaciones,LIQ_000557
ASI_000992,EMP_0001,2025-06-01,DEVENGO_NOMINA,rrhh_liquidaciones,LIQ_000558
ASI_000993,EMP_0001,2025-06-01,DEVENGO_NOMINA,rrhh_liquidaciones,LIQ_000559
ASI_000994,EMP_0001,2025-06-01,DEVENGO_NOMINA,rrhh_liquidaciones,LIQ_000560
ASI_000995,EMP_0001,2025-06-01,DEVENGO_NOMINA,rrhh_liquidaciones,LIQ_000561
ASI_000996,EMP_0001,2025-06-01,DEVENGO_NOMINA,rrhh_liquidaciones,LIQ_000562
ASI_000997,EMP_0001,2025-06-01,DEVENGO_NOMINA,rrhh_liquidaciones,LIQ_000563
ASI_000998,EMP_0001,2025-06-01,DEVENGO_NOMINA,rrhh_liquidaciones,LIQ_000564
ASI_000999,EMP_0001,2025-06-01,DEVENGO_NOMINA,rrhh_liquidaciones,LIQ_000565
ASI_001000,EMP_0001,2025-06-01,DEVENGO_NOMINA,rrhh_liquidaciones,LIQ_000566
ASI_001001,EMP_0001,2025-06-01,DEVENGO_NOMINA,rrhh_liquidaciones,LIQ_000567
ASI_001002,EMP_0001,2025-06-01,DEVENGO_NOMINA,rrhh_liquidaciones,LIQ_000568
ASI_001003,EMP_0001,2025-06-01,DEVENGO_NOMINA,rrhh_liquidaciones,LIQ_000569
ASI_001004,EMP_0001,2025-06-01,DEVENGO_NOMINA,rrhh_liquidaciones,LIQ_000570
ASI_001005,EMP_0001,2025-06-01,DEVENGO_NOMINA,rrhh_liquidaciones,LIQ_000571
ASI_001006,EMP_0001,2025-06-01,DEVENGO_NOMINA,rrhh_liquidaciones,LIQ_000572
ASI_001007,EMP_0001,2025-06-01,DEVENGO_NOMINA,rrhh_liquidaciones,LIQ_000573
ASI_001008,EMP_0001,2025-06-01,DEVENGO_NOMINA,rrhh_liquidaciones,LIQ_000574
ASI_001009,EMP_0001,2025-06-01,DEVENGO_NOMINA,rrhh_liquidaciones,LIQ_000575
ASI_001010,EMP_0001,2025-06-01,DEVENGO_NOMINA,rrhh_liquidaciones,LIQ_000576
ASI_001011,EMP_0001,2025-07-01,DEVENGO_NOMINA,rrhh_liquidaciones,LIQ_000577
ASI_001012,EMP_0001,2025-07-01,DEVENGO_NOMINA,rrhh_liquidaciones,LIQ_000578
ASI_001013,EMP_0001,2025-07-01,DEVENGO_NOMINA,rrhh_liquidaciones,LIQ_000579
ASI_001014,EMP_0001,2025-07-01,DEVENGO_NOMINA,rrhh_liquidaciones,LIQ_000580
ASI_001015,EMP_0001,2025-07-01,DEVENGO_NOMINA,rrhh_liquidaciones,LIQ_000581
ASI_001016,EMP_0001,2025-07-01,DEVENGO_NOMINA,rrhh_liquidaciones,LIQ_000582
ASI_001017,EMP_0001,2025-07-01,DEVENGO_NOMINA,rrhh_liquidaciones,LIQ_000583
ASI_001018,EMP_0001,2025-07-01,DEVENGO_NOMINA,rrhh_liquidaciones,LIQ_000584
ASI_001019,EMP_0001,2025-07-01,DEVENGO_NOMINA,rrhh_liquidaciones,LIQ_000585
ASI_001020,EMP_0001,2025-07-01,DEVENGO_NOMINA,rrhh_liquidaciones,LIQ_000586
ASI_001021,EMP_0001,2025-07-01,DEVENGO_NOMINA,rrhh_liquidaciones,LIQ_000587
ASI_001022,EMP_0001,2025-07-01,DEVENGO_NOMINA,rrhh_liquidaciones,LIQ_000588
ASI_001023,EMP_0001,2025-07-01,DEVENGO_NOMINA,rrhh_liquidaciones,LIQ_000589
ASI_001024,EMP_0001,2025-07-01,DEVENGO_NOMINA,rrhh_liquidaciones,LIQ_000590
ASI_001025,EMP_0001,2025-07-01,DEVENGO_NOMINA,rrhh_liquidaciones,LIQ_000591
ASI_001026,EMP_0001,2025-07-01,DEVENGO_NOMINA,rrhh_liquidaciones,LIQ_000592
ASI_001027,EMP_0001,2025-07-01,DEVENGO_NOMINA,rrhh_liquidaciones,LIQ_000593
ASI_001028,EMP_0001,2025-07-01,DEVENGO_NOMINA,rrhh_liquidaciones,LIQ_000594
ASI_001029,EMP_0001,2025-07-01,DEVENGO_NOMINA,rrhh_liquidaciones,LIQ_000595
ASI_001030,EMP_0001,2025-07-01,DEVENGO_NOMINA,rrhh_liquidaciones,LIQ_000596
ASI_001031,EMP_0001,2025-07-01,DEVENGO_NOMINA,rrhh_liquidaciones,LIQ_000597
ASI_001032,EMP_0001,2025-07-01,DEVENGO_NOMINA,rrhh_liquidaciones,LIQ_000598
ASI_001033,EMP_0001,2025-07-01,DEVENGO_NOMINA,rrhh_liquidaciones,LIQ_000599
ASI_001034,EMP_0001,2025-07-01,DEVENGO_NOMINA,rrhh_liquidaciones,LIQ_000600
ASI_001035,EMP_0001,2025-08-01,DEVENGO_NOMINA,rrhh_liquidaciones,LIQ_000601
ASI_001036,EMP_0001,2025-08-01,DEVENGO_NOMINA,rrhh_liquidaciones,LIQ_000602
ASI_001037,EMP_0001,2025-08-01,DEVENGO_NOMINA,rrhh_liquidaciones,LIQ_000603
ASI_001038,EMP_0001,2025-08-01,DEVENGO_NOMINA,rrhh_liquidaciones,LIQ_000604
ASI_001039,EMP_0001,2025-08-01,DEVENGO_NOMINA,rrhh_liquidaciones,LIQ_000605
ASI_001040,EMP_0001,2025-08-01,DEVENGO_NOMINA,rrhh_liquidaciones,LIQ_000606
ASI_001041,EMP_0001,2025-08-01,DEVENGO_NOMINA,rrhh_liquidaciones,LIQ_000607
ASI_001042,EMP_0001,2025-08-01,DEVENGO_NOMINA,rrhh_liquidaciones,LIQ_000608
ASI_001043,EMP_0001,2025-08-01,DEVENGO_NOMINA,rrhh_liquidaciones,LIQ_000609
ASI_001044,EMP_0001,2025-08-01,DEVENGO_NOMINA,rrhh_liquidaciones,LIQ_000610
ASI_001045,EMP_0001,2025-08-01,DEVENGO_NOMINA,rrhh_liquidaciones,LIQ_000611
ASI_001046,EMP_0001,2025-08-01,DEVENGO_NOMINA,rrhh_liquidaciones,LIQ_000612
ASI_001047,EMP_0001,2025-08-01,DEVENGO_NOMINA,rrhh_liquidaciones,LIQ_000613
ASI_001048,EMP_0001,2025-08-01,DEVENGO_NOMINA,rrhh_liquidaciones,LIQ_000614
ASI_001049,EMP_0001,2025-08-01,DEVENGO_NOMINA,rrhh_liquidaciones,LIQ_000615
ASI_001050,EMP_0001,2025-08-01,DEVENGO_NOMINA,rrhh_liquidaciones,LIQ_000616
ASI_001051,EMP_0001,2025-08-01,DEVENGO_NOMINA,rrhh_liquidaciones,LIQ_000617
ASI_001052,EMP_0001,2025-08-01,DEVENGO_NOMINA,rrhh_liquidaciones,LIQ_000618
ASI_001053,EMP_0001,2025-08-01,DEVENGO_NOMINA,rrhh_liquidaciones,LIQ_000619
ASI_001054,EMP_0001,2025-08-01,DEVENGO_NOMINA,rrhh_liquidaciones,LIQ_000620
ASI_001055,EMP_0001,2025-08-01,DEVENGO_NOMINA,rrhh_liquidaciones,LIQ_000621
ASI_001056,EMP_0001,2025-08-01,DEVENGO_NOMINA,rrhh_liquidaciones,LIQ_000622
ASI_001057,EMP_0001,2025-08-01,DEVENGO_NOMINA,rrhh_liquidaciones,LIQ_000623
ASI_001058,EMP_0001,2025-08-01,DEVENGO_NOMINA,rrhh_liquidaciones,LIQ_000624
ASI_001059,EMP_0001,2025-09-01,DEVENGO_NOMINA,rrhh_liquidaciones,LIQ_000625
ASI_001060,EMP_0001,2025-09-01,DEVENGO_NOMINA,rrhh_liquidaciones,LIQ_000626
ASI_001061,EMP_0001,2025-09-01,DEVENGO_NOMINA,rrhh_liquidaciones,LIQ_000627
ASI_001062,EMP_0001,2025-09-01,DEVENGO_NOMINA,rrhh_liquidaciones,LIQ_000628
ASI_001063,EMP_0001,2025-09-01,DEVENGO_NOMINA,rrhh_liquidaciones,LIQ_000629
ASI_001064,EMP_0001,2025-09-01,DEVENGO_NOMINA,rrhh_liquidaciones,LIQ_000630
ASI_001065,EMP_0001,2025-09-01,DEVENGO_NOMINA,rrhh_liquidaciones,LIQ_000631
ASI_001066,EMP_0001,2025-09-01,DEVENGO_NOMINA,rrhh_liquidaciones,LIQ_000632
ASI_001067,EMP_0001,2025-09-01,DEVENGO_NOMINA,rrhh_liquidaciones,LIQ_000633
ASI_001068,EMP_0001,2025-09-01,DEVENGO_NOMINA,rrhh_liquidaciones,LIQ_000634
ASI_001069,EMP_0001,2025-09-01,DEVENGO_NOMINA,rrhh_liquidaciones,LIQ_000635
ASI_001070,EMP_0001,2025-09-01,DEVENGO_NOMINA,rrhh_liquidaciones,LIQ_000636
ASI_001071,EMP_0001,2025-09-01,DEVENGO_NOMINA,rrhh_liquidaciones,LIQ_000637
ASI_001072,EMP_0001,2025-09-01,DEVENGO_NOMINA,rrhh_liquidaciones,LIQ_000638
ASI_001073,EMP_0001,2025-09-01,DEVENGO_NOMINA,rrhh_liquidaciones,LIQ_000639
ASI_001074,EMP_0001,2025-09-01,DEVENGO_NOMINA,rrhh_liquidaciones,LIQ_000640
ASI_001075,EMP_0001,2025-09-01,DEVENGO_NOMINA,rrhh_liquidaciones,LIQ_000641
ASI_001076,EMP_0001,2025-09-01,DEVENGO_NOMINA,rrhh_liquidaciones,LIQ_000642
ASI_001077,EMP_0001,2025-09-01,DEVENGO_NOMINA,rrhh_liquidaciones,LIQ_000643
ASI_001078,EMP_0001,2025-09-01,DEVENGO_NOMINA,rrhh_liquidaciones,LIQ_000644
ASI_001079,EMP_0001,2025-09-01,DEVENGO_NOMINA,rrhh_liquidaciones,LIQ_000645
ASI_001080,EMP_0001,2025-09-01,DEVENGO_NOMINA,rrhh_liquidaciones,LIQ_000646
ASI_001081,EMP_0001,2025-09-01,DEVENGO_NOMINA,rrhh_liquidaciones,LIQ_000647
ASI_001082,EMP_0001,2025-09-01,DEVENGO_NOMINA,rrhh_liquidaciones,LIQ_000648
ASI_001083,EMP_0001,2025-10-01,DEVENGO_NOMINA,rrhh_liquidaciones,LIQ_000649
ASI_001084,EMP_0001,2025-10-01,DEVENGO_NOMINA,rrhh_liquidaciones,LIQ_000650
ASI_001085,EMP_0001,2025-10-01,DEVENGO_NOMINA,rrhh_liquidaciones,LIQ_000651
ASI_001086,EMP_0001,2025-10-01,DEVENGO_NOMINA,rrhh_liquidaciones,LIQ_000652
ASI_001087,EMP_0001,2025-10-01,DEVENGO_NOMINA,rrhh_liquidaciones,LIQ_000653
ASI_001088,EMP_0001,2025-10-01,DEVENGO_NOMINA,rrhh_liquidaciones,LIQ_000654
ASI_001089,EMP_0001,2025-10-01,DEVENGO_NOMINA,rrhh_liquidaciones,LIQ_000655
ASI_001090,EMP_0001,2025-10-01,DEVENGO_NOMINA,rrhh_liquidaciones,LIQ_000656
ASI_001091,EMP_0001,2025-10-01,DEVENGO_NOMINA,rrhh_liquidaciones,LIQ_000657
ASI_001092,EMP_0001,2025-10-01,DEVENGO_NOMINA,rrhh_liquidaciones,LIQ_000658
ASI_001093,EMP_0001,2025-10-01,DEVENGO_NOMINA,rrhh_liquidaciones,LIQ_000659
ASI_001094,EMP_0001,2025-10-01,DEVENGO_NOMINA,rrhh_liquidaciones,LIQ_000660
ASI_001095,EMP_0001,2025-10-01,DEVENGO_NOMINA,rrhh_liquidaciones,LIQ_000661
ASI_001096,EMP_0001,2025-10-01,DEVENGO_NOMINA,rrhh_liquidaciones,LIQ_000662
ASI_001097,EMP_0001,2025-10-01,DEVENGO_NOMINA,rrhh_liquidaciones,LIQ_000663
ASI_001098,EMP_0001,2025-10-01,DEVENGO_NOMINA,rrhh_liquidaciones,LIQ_000664
ASI_001099,EMP_0001,2025-10-01,DEVENGO_NOMINA,rrhh_liquidaciones,LIQ_000665
ASI_001100,EMP_0001,2025-10-01,DEVENGO_NOMINA,rrhh_liquidaciones,LIQ_000666
ASI_001101,EMP_0001,2025-10-01,DEVENGO_NOMINA,rrhh_liquidaciones,LIQ_000667
ASI_001102,EMP_0001,2025-10-01,DEVENGO_NOMINA,rrhh_liquidaciones,LIQ_000668
ASI_001103,EMP_0001,2025-10-01,DEVENGO_NOMINA,rrhh_liquidaciones,LIQ_000669
ASI_001104,EMP_0001,2025-10-01,DEVENGO_NOMINA,rrhh_liquidaciones,LIQ_000670
ASI_001105,EMP_0001,2025-10-01,DEVENGO_NOMINA,rrhh_liquidaciones,LIQ_000671
ASI_001106,EMP_0001,2025-10-01,DEVENGO_NOMINA,rrhh_liquidaciones,LIQ_000672
ASI_001107,EMP_0001,2025-11-01,DEVENGO_NOMINA,rrhh_liquidaciones,LIQ_000673
ASI_001108,EMP_0001,2025-11-01,DEVENGO_NOMINA,rrhh_liquidaciones,LIQ_000674
ASI_001109,EMP_0001,2025-11-01,DEVENGO_NOMINA,rrhh_liquidaciones,LIQ_000675
ASI_001110,EMP_0001,2025-11-01,DEVENGO_NOMINA,rrhh_liquidaciones,LIQ_000676
ASI_001111,EMP_0001,2025-11-01,DEVENGO_NOMINA,rrhh_liquidaciones,LIQ_000677
ASI_001112,EMP_0001,2025-11-01,DEVENGO_NOMINA,rrhh_liquidaciones,LIQ_000678
ASI_001113,EMP_0001,2025-11-01,DEVENGO_NOMINA,rrhh_liquidaciones,LIQ_000679
ASI_001114,EMP_0001,2025-11-01,DEVENGO_NOMINA,rrhh_liquidaciones,LIQ_000680
ASI_001115,EMP_0001,2025-11-01,DEVENGO_NOMINA,rrhh_liquidaciones,LIQ_000681
ASI_001116,EMP_0001,2025-11-01,DEVENGO_NOMINA,rrhh_liquidaciones,LIQ_000682
ASI_001117,EMP_0001,2025-11-01,DEVENGO_NOMINA,rrhh_liquidaciones,LIQ_000683
ASI_001118,EMP_0001,2025-11-01,DEVENGO_NOMINA,rrhh_liquidaciones,LIQ_000684
ASI_001119,EMP_0001,2025-11-01,DEVENGO_NOMINA,rrhh_liquidaciones,LIQ_000685
ASI_001120,EMP_0001,2025-11-01,DEVENGO_NOMINA,rrhh_liquidaciones,LIQ_000686
ASI_001121,EMP_0001,2025-11-01,DEVENGO_NOMINA,rrhh_liquidaciones,LIQ_000687
ASI_001122,EMP_0001,2025-11-01,DEVENGO_NOMINA,rrhh_liquidaciones,LIQ_000688
ASI_001123,EMP_0001,2025-11-01,DEVENGO_NOMINA,rrhh_liquidaciones,LIQ_000689
ASI_001124,EMP_0001,2025-11-01,DEVENGO_NOMINA,rrhh_liquidaciones,LIQ_000690
ASI_001125,EMP_0001,2025-11-01,DEVENGO_NOMINA,rrhh_liquidaciones,LIQ_000691
ASI_001126,EMP_0001,2025-11-01,DEVENGO_NOMINA,rrhh_liquidaciones,LIQ_000692
ASI_001127,EMP_0001,2025-11-01,DEVENGO_NOMINA,rrhh_liquidaciones,LIQ_000693
ASI_001128,EMP_0001,2025-11-01,DEVENGO_NOMINA,rrhh_liquidaciones,LIQ_000694
ASI_001129,EMP_0001,2025-11-01,DEVENGO_NOMINA,rrhh_liquidaciones,LIQ_000695
ASI_001130,EMP_0001,2025-11-01,DEVENGO_NOMINA,rrhh_liquidaciones,LIQ_000696
ASI_001131,EMP_0001,2025-12-01,DEVENGO_NOMINA,rrhh_liquidaciones,LIQ_000697
ASI_001132,EMP_0001,2025-12-01,DEVENGO_NOMINA,rrhh_liquidaciones,LIQ_000698
ASI_001133,EMP_0001,2025-12-01,DEVENGO_NOMINA,rrhh_liquidaciones,LIQ_000699
ASI_001134,EMP_0001,2025-12-01,DEVENGO_NOMINA,rrhh_liquidaciones,LIQ_000700
ASI_001135,EMP_0001,2025-12-01,DEVENGO_NOMINA,rrhh_liquidaciones,LIQ_000701
ASI_001136,EMP_0001,2025-12-01,DEVENGO_NOMINA,rrhh_liquidaciones,LIQ_000702
ASI_001137,EMP_0001,2025-12-01,DEVENGO_NOMINA,rrhh_liquidaciones,LIQ_000703
ASI_001138,EMP_0001,2025-12-01,DEVENGO_NOMINA,rrhh_liquidaciones,LIQ_000704
ASI_001139,EMP_0001,2025-12-01,DEVENGO_NOMINA,rrhh_liquidaciones,LIQ_000705
ASI_001140,EMP_0001,2025-12-01,DEVENGO_NOMINA,rrhh_liquidaciones,LIQ_000706
ASI_001141,EMP_0001,2025-12-01,DEVENGO_NOMINA,rrhh_liquidaciones,LIQ_000707
ASI_001142,EMP_0001,2025-12-01,DEVENGO_NOMINA,rrhh_liquidaciones,LIQ_000708
ASI_001143,EMP_0001,2025-12-01,DEVENGO_NOMINA,rrhh_liquidaciones,LIQ_000709
ASI_001144,EMP_0001,2025-12-01,DEVENGO_NOMINA,rrhh_liquidaciones,LIQ_000710
ASI_001145,EMP_0001,2025-12-01,DEVENGO_NOMINA,rrhh_liquidaciones,LIQ_000711
ASI_001146,EMP_0001,2025-12-01,DEVENGO_NOMINA,rrhh_liquidaciones,LIQ_000712
ASI_001147,EMP_0001,2025-12-01,DEVENGO_NOMINA,rrhh_liquidaciones,LIQ_000713
ASI_001148,EMP_0001,2025-12-01,DEVENGO_NOMINA,rrhh_liquidaciones,LIQ_000714
ASI_001149,EMP_0001,2025-12-01,DEVENGO_NOMINA,rrhh_liquidaciones,LIQ_000715
ASI_001150,EMP_0001,2025-12-01,DEVENGO_NOMINA,rrhh_liquidaciones,LIQ_000716
ASI_001151,EMP_0001,2025-12-01,DEVENGO_NOMINA,rrhh_liquidaciones,LIQ_000717
ASI_001152,EMP_0001,2025-12-01,DEVENGO_NOMINA,rrhh_liquidaciones,LIQ_000718
ASI_001153,EMP_0001,2025-12-01,DEVENGO_NOMINA,rrhh_liquidaciones,LIQ_000719
ASI_001154,EMP_0001,2025-12-01,DEVENGO_NOMINA,rrhh_liquidaciones,LIQ_000720
ASI_001155,EMP_0001,2023-08-05,PAGO_NOMINA,fin_movimientos_tesoreria,TES_00589
ASI_001156,EMP_0001,2023-09-05,PAGO_NOMINA,fin_movimientos_tesoreria,TES_00590
ASI_001157,EMP_0001,2023-10-06,PAGO_NOMINA,fin_movimientos_tesoreria,TES_00591
ASI_001158,EMP_0001,2023-11-05,PAGO_NOMINA,fin_movimientos_tesoreria,TES_00592
ASI_001159,EMP_0001,2023-12-06,PAGO_NOMINA,fin_movimientos_tesoreria,TES_00593
ASI_001160,EMP_0001,2024-01-05,PAGO_NOMINA,fin_movimientos_tesoreria,TES_00594
ASI_001161,EMP_0001,2024-02-05,PAGO_NOMINA,fin_movimientos_tesoreria,TES_00595
ASI_001162,EMP_0001,2024-03-07,PAGO_NOMINA,fin_movimientos_tesoreria,TES_00596
ASI_001163,EMP_0001,2024-04-05,PAGO_NOMINA,fin_movimientos_tesoreria,TES_00597
ASI_001164,EMP_0001,2024-05-06,PAGO_NOMINA,fin_movimientos_tesoreria,TES_00598
ASI_001165,EMP_0001,2024-06-05,PAGO_NOMINA,fin_movimientos_tesoreria,TES_00599
ASI_001166,EMP_0001,2024-07-06,PAGO_NOMINA,fin_movimientos_tesoreria,TES_00600
ASI_001167,EMP_0001,2024-08-05,PAGO_NOMINA,fin_movimientos_tesoreria,TES_00601
ASI_001168,EMP_0001,2024-09-05,PAGO_NOMINA,fin_movimientos_tesoreria,TES_00602
ASI_001169,EMP_0001,2024-10-06,PAGO_NOMINA,fin_movimientos_tesoreria,TES_00603
ASI_001170,EMP_0001,2024-11-05,PAGO_NOMINA,fin_movimientos_tesoreria,TES_00604
ASI_001171,EMP_0001,2024-12-06,PAGO_NOMINA,fin_movimientos_tesoreria,TES_00605
ASI_001172,EMP_0001,2025-01-05,PAGO_NOMINA,fin_movimientos_tesoreria,TES_00606
ASI_001173,EMP_0001,2025-02-05,PAGO_NOMINA,fin_movimientos_tesoreria,TES_00607
ASI_001174,EMP_0001,2025-03-08,PAGO_NOMINA,fin_movimientos_tesoreria,TES_00608
ASI_001175,EMP_0001,2025-04-05,PAGO_NOMINA,fin_movimientos_tesoreria,TES_00609
ASI_001176,EMP_0001,2025-05-06,PAGO_NOMINA,fin_movimientos_tesoreria,TES_00610
ASI_001177,EMP_0001,2025-06-05,PAGO_NOMINA,fin_movimientos_tesoreria,TES_00611
ASI_001178,EMP_0001,2025-07-06,PAGO_NOMINA,fin_movimientos_tesoreria,TES_00612
ASI_001179,EMP_0001,2025-08-05,PAGO_NOMINA,fin_movimientos_tesoreria,TES_00613
ASI_001180,EMP_0001,2025-09-05,PAGO_NOMINA,fin_movimientos_tesoreria,TES_00614
ASI_001181,EMP_0001,2025-10-06,PAGO_NOMINA,fin_movimientos_tesoreria,TES_00615
ASI_001182,EMP_0001,2025-11-05,PAGO_NOMINA,fin_movimientos_tesoreria,TES_00616
ASI_001183,EMP_0001,2025-12-06,PAGO_NOMINA,fin_movimientos_tesoreria,TES_00617
ASI_001184,EMP_0001,2026-01-05,PAGO_NOMINA,fin_movimientos_tesoreria,TES_00618
ASI_001185,EMP_0001,2024-07-09,PAGO_LOGISTICA,fin_movimientos_tesoreria,TES_00195
ASI_001186,EMP_0001,2024-07-03,PAGO_LOGISTICA,fin_movimientos_tesoreria,TES_00196
ASI_001187,EMP_0001,2024-06-28,PAGO_LOGISTICA,fin_movimientos_tesoreria,TES_00197
ASI_001188,EMP_0001,2024-07-01,PAGO_LOGISTICA,fin_movimientos_tesoreria,TES_00198
ASI_001189,EMP_0001,2024-07-03,PAGO_LOGISTICA,fin_movimientos_tesoreria,TES_00199
ASI_001190,EMP_0001,2024-07-11,PAGO_LOGISTICA,fin_movimientos_tesoreria,TES_00200
ASI_001191,EMP_0001,2024-06-29,PAGO_LOGISTICA,fin_movimientos_tesoreria,TES_00201
ASI_001192,EMP_0001,2024-07-01,PAGO_LOGISTICA,fin_movimientos_tesoreria,TES_00202
ASI_001193,EMP_0001,2024-07-07,PAGO_LOGISTICA,fin_movimientos_tesoreria,TES_00203
ASI_001194,EMP_0001,2024-06-30,PAGO_LOGISTICA,fin_movimientos_tesoreria,TES_00204
ASI_001195,EMP_0001,2024-07-11,PAGO_LOGISTICA,fin_movimientos_tesoreria,TES_00205
ASI_001196,EMP_0001,2024-07-12,PAGO_LOGISTICA,fin_movimientos_tesoreria,TES_00206
ASI_001197,EMP_0001,2024-07-03,PAGO_LOGISTICA,fin_movimientos_tesoreria,TES_00207
ASI_001198,EMP_0001,2024-02-26,PAGO_LOGISTICA,fin_movimientos_tesoreria,TES_00208
ASI_001199,EMP_0001,2024-02-26,PAGO_LOGISTICA,fin_movimientos_tesoreria,TES_00209
ASI_001200,EMP_0001,2024-02-25,PAGO_LOGISTICA,fin_movimientos_tesoreria,TES_00210
ASI_001201,EMP_0001,2024-02-17,PAGO_LOGISTICA,fin_movimientos_tesoreria,TES_00211
ASI_001202,EMP_0001,2024-02-14,PAGO_LOGISTICA,fin_movimientos_tesoreria,TES_00212
ASI_001203,EMP_0001,2024-02-19,PAGO_LOGISTICA,fin_movimientos_tesoreria,TES_00213
ASI_001204,EMP_0001,2024-02-17,PAGO_LOGISTICA,fin_movimientos_tesoreria,TES_00214
ASI_001205,EMP_0001,2024-02-18,PAGO_LOGISTICA,fin_movimientos_tesoreria,TES_00215
ASI_001206,EMP_0001,2024-03-25,PAGO_LOGISTICA,fin_movimientos_tesoreria,TES_00216
ASI_001207,EMP_0001,2024-03-24,PAGO_LOGISTICA,fin_movimientos_tesoreria,TES_00217
ASI_001208,EMP_0001,2024-03-17,PAGO_LOGISTICA,fin_movimientos_tesoreria,TES_00218
ASI_001209,EMP_0001,2024-03-14,PAGO_LOGISTICA,fin_movimientos_tesoreria,TES_00219
ASI_001210,EMP_0001,2024-03-18,PAGO_LOGISTICA,fin_movimientos_tesoreria,TES_00220
ASI_001211,EMP_0001,2024-03-22,PAGO_LOGISTICA,fin_movimientos_tesoreria,TES_00221
ASI_001212,EMP_0001,2024-03-28,PAGO_LOGISTICA,fin_movimientos_tesoreria,TES_00222
ASI_001213,EMP_0001,2024-03-20,PAGO_LOGISTICA,fin_movimientos_tesoreria,TES_00223
ASI_001214,EMP_0001,2024-03-18,PAGO_LOGISTICA,fin_movimientos_tesoreria,TES_00224
ASI_001215,EMP_0001,2024-03-24,PAGO_LOGISTICA,fin_movimientos_tesoreria,TES_00225
ASI_001216,EMP_0001,2024-03-16,PAGO_LOGISTICA,fin_movimientos_tesoreria,TES_00226
ASI_001217,EMP_0001,2024-08-18,PAGO_LOGISTICA,fin_movimientos_tesoreria,TES_00227
ASI_001218,EMP_0001,2024-08-15,PAGO_LOGISTICA,fin_movimientos_tesoreria,TES_00228
ASI_001219,EMP_0001,2024-08-22,PAGO_LOGISTICA,fin_movimientos_tesoreria,TES_00229
ASI_001220,EMP_0001,2024-08-21,PAGO_LOGISTICA,fin_movimientos_tesoreria,TES_00230
ASI_001221,EMP_0001,2024-08-23,PAGO_LOGISTICA,fin_movimientos_tesoreria,TES_00231
ASI_001222,EMP_0001,2024-08-25,PAGO_LOGISTICA,fin_movimientos_tesoreria,TES_00232
ASI_001223,EMP_0001,2024-08-21,PAGO_LOGISTICA,fin_movimientos_tesoreria,TES_00233
ASI_001224,EMP_0001,2024-08-29,PAGO_LOGISTICA,fin_movimientos_tesoreria,TES_00234
ASI_001225,EMP_0001,2024-08-30,PAGO_LOGISTICA,fin_movimientos_tesoreria,TES_00235
ASI_001226,EMP_0001,2024-08-15,PAGO_LOGISTICA,fin_movimientos_tesoreria,TES_00236
ASI_001227,EMP_0001,2024-08-30,PAGO_LOGISTICA,fin_movimientos_tesoreria,TES_00237
ASI_001228,EMP_0001,2024-08-16,PAGO_LOGISTICA,fin_movimientos_tesoreria,TES_00238
ASI_001229,EMP_0001,2024-08-16,PAGO_LOGISTICA,fin_movimientos_tesoreria,TES_00239
ASI_001230,EMP_0001,2024-08-21,PAGO_LOGISTICA,fin_movimientos_tesoreria,TES_00240
ASI_001231,EMP_0001,2024-08-13,PAGO_LOGISTICA,fin_movimientos_tesoreria,TES_00241
ASI_001232,EMP_0001,2024-08-19,PAGO_LOGISTICA,fin_movimientos_tesoreria,TES_00242
ASI_001233,EMP_0001,2024-08-16,PAGO_LOGISTICA,fin_movimientos_tesoreria,TES_00243
ASI_001234,EMP_0001,2024-08-21,PAGO_LOGISTICA,fin_movimientos_tesoreria,TES_00244
ASI_001235,EMP_0001,2024-08-25,PAGO_LOGISTICA,fin_movimientos_tesoreria,TES_00245
ASI_001236,EMP_0001,2024-08-27,PAGO_LOGISTICA,fin_movimientos_tesoreria,TES_00246
ASI_001237,EMP_0001,2024-08-15,PAGO_LOGISTICA,fin_movimientos_tesoreria,TES_00247
ASI_001238,EMP_0001,2024-08-21,PAGO_LOGISTICA,fin_movimientos_tesoreria,TES_00248
ASI_001239,EMP_0001,2024-08-20,PAGO_LOGISTICA,fin_movimientos_tesoreria,TES_00249
ASI_001240,EMP_0001,2024-08-19,PAGO_LOGISTICA,fin_movimientos_tesoreria,TES_00250
ASI_001241,EMP_0001,2024-08-22,PAGO_LOGISTICA,fin_movimientos_tesoreria,TES_00251
ASI_001242,EMP_0001,2024-06-06,PAGO_LOGISTICA,fin_movimientos_tesoreria,TES_00252
ASI_001243,EMP_0001,2024-05-28,PAGO_LOGISTICA,fin_movimientos_tesoreria,TES_00253
ASI_001244,EMP_0001,2024-05-22,PAGO_LOGISTICA,fin_movimientos_tesoreria,TES_00254
ASI_001245,EMP_0001,2024-06-05,PAGO_LOGISTICA,fin_movimientos_tesoreria,TES_00255
ASI_001246,EMP_0001,2024-06-05,PAGO_LOGISTICA,fin_movimientos_tesoreria,TES_00256
ASI_001247,EMP_0001,2024-05-27,PAGO_LOGISTICA,fin_movimientos_tesoreria,TES_00257
ASI_001248,EMP_0001,2024-05-29,PAGO_LOGISTICA,fin_movimientos_tesoreria,TES_00258
ASI_001249,EMP_0001,2024-07-07,PAGO_LOGISTICA,fin_movimientos_tesoreria,TES_00259
ASI_001250,EMP_0001,2024-07-01,PAGO_LOGISTICA,fin_movimientos_tesoreria,TES_00260
ASI_001251,EMP_0001,2024-07-01,PAGO_LOGISTICA,fin_movimientos_tesoreria,TES_00261
ASI_001252,EMP_0001,2024-07-08,PAGO_LOGISTICA,fin_movimientos_tesoreria,TES_00262
ASI_001253,EMP_0001,2024-07-07,PAGO_LOGISTICA,fin_movimientos_tesoreria,TES_00263
ASI_001254,EMP_0001,2024-07-01,PAGO_LOGISTICA,fin_movimientos_tesoreria,TES_00264
ASI_001255,EMP_0001,2024-09-13,PAGO_LOGISTICA,fin_movimientos_tesoreria,TES_00265
ASI_001256,EMP_0001,2024-09-18,PAGO_LOGISTICA,fin_movimientos_tesoreria,TES_00266
ASI_001257,EMP_0001,2024-09-21,PAGO_LOGISTICA,fin_movimientos_tesoreria,TES_00267
ASI_001258,EMP_0001,2024-09-14,PAGO_LOGISTICA,fin_movimientos_tesoreria,TES_00268
ASI_001259,EMP_0001,2024-09-20,PAGO_LOGISTICA,fin_movimientos_tesoreria,TES_00269
ASI_001260,EMP_0001,2024-09-21,PAGO_LOGISTICA,fin_movimientos_tesoreria,TES_00270
ASI_001261,EMP_0001,2024-09-11,PAGO_LOGISTICA,fin_movimientos_tesoreria,TES_00271
ASI_001262,EMP_0001,2024-09-20,PAGO_LOGISTICA,fin_movimientos_tesoreria,TES_00272
ASI_001263,EMP_0001,2024-09-23,PAGO_LOGISTICA,fin_movimientos_tesoreria,TES_00273
ASI_001264,EMP_0001,2024-09-14,PAGO_LOGISTICA,fin_movimientos_tesoreria,TES_00274
ASI_001265,EMP_0001,2024-05-18,PAGO_LOGISTICA,fin_movimientos_tesoreria,TES_00275
ASI_001266,EMP_0001,2024-05-21,PAGO_LOGISTICA,fin_movimientos_tesoreria,TES_00276
ASI_001267,EMP_0001,2024-05-09,PAGO_LOGISTICA,fin_movimientos_tesoreria,TES_00277
ASI_001268,EMP_0001,2024-05-19,PAGO_LOGISTICA,fin_movimientos_tesoreria,TES_00278
ASI_001269,EMP_0001,2024-05-12,PAGO_LOGISTICA,fin_movimientos_tesoreria,TES_00279
ASI_001270,EMP_0001,2024-05-14,PAGO_LOGISTICA,fin_movimientos_tesoreria,TES_00280
ASI_001271,EMP_0001,2024-05-19,PAGO_LOGISTICA,fin_movimientos_tesoreria,TES_00281
ASI_001272,EMP_0001,2024-05-08,PAGO_LOGISTICA,fin_movimientos_tesoreria,TES_00282
ASI_001273,EMP_0001,2024-05-09,PAGO_LOGISTICA,fin_movimientos_tesoreria,TES_00283
ASI_001274,EMP_0001,2024-05-15,PAGO_LOGISTICA,fin_movimientos_tesoreria,TES_00284
ASI_001275,EMP_0001,2024-05-24,PAGO_LOGISTICA,fin_movimientos_tesoreria,TES_00285
ASI_001276,EMP_0001,2024-05-08,PAGO_LOGISTICA,fin_movimientos_tesoreria,TES_00286
ASI_001277,EMP_0001,2024-05-21,PAGO_LOGISTICA,fin_movimientos_tesoreria,TES_00287
ASI_001278,EMP_0001,2024-08-09,PAGO_LOGISTICA,fin_movimientos_tesoreria,TES_00288
ASI_001279,EMP_0001,2024-08-16,PAGO_LOGISTICA,fin_movimientos_tesoreria,TES_00289
ASI_001280,EMP_0001,2024-08-15,PAGO_LOGISTICA,fin_movimientos_tesoreria,TES_00290
ASI_001281,EMP_0001,2024-08-16,PAGO_LOGISTICA,fin_movimientos_tesoreria,TES_00291
ASI_001282,EMP_0001,2024-08-10,PAGO_LOGISTICA,fin_movimientos_tesoreria,TES_00292
ASI_001283,EMP_0001,2024-08-21,PAGO_LOGISTICA,fin_movimientos_tesoreria,TES_00293
ASI_001284,EMP_0001,2024-08-12,PAGO_LOGISTICA,fin_movimientos_tesoreria,TES_00294
ASI_001285,EMP_0001,2024-08-22,PAGO_LOGISTICA,fin_movimientos_tesoreria,TES_00295
ASI_001286,EMP_0001,2024-08-19,PAGO_LOGISTICA,fin_movimientos_tesoreria,TES_00296
ASI_001287,EMP_0001,2024-08-18,PAGO_LOGISTICA,fin_movimientos_tesoreria,TES_00297
ASI_001288,EMP_0001,2024-08-14,PAGO_LOGISTICA,fin_movimientos_tesoreria,TES_00298
ASI_001289,EMP_0001,2024-08-19,PAGO_LOGISTICA,fin_movimientos_tesoreria,TES_00299
ASI_001290,EMP_0001,2024-08-25,PAGO_LOGISTICA,fin_movimientos_tesoreria,TES_00300
ASI_001291,EMP_0001,2024-08-23,PAGO_LOGISTICA,fin_movimientos_tesoreria,TES_00301
ASI_001292,EMP_0001,2024-08-23,PAGO_LOGISTICA,fin_movimientos_tesoreria,TES_00302
ASI_001293,EMP_0001,2024-08-12,PAGO_LOGISTICA,fin_movimientos_tesoreria,TES_00303
ASI_001294,EMP_0001,2024-08-18,PAGO_LOGISTICA,fin_movimientos_tesoreria,TES_00304
ASI_001295,EMP_0001,2024-08-14,PAGO_LOGISTICA,fin_movimientos_tesoreria,TES_00305
ASI_001296,EMP_0001,2024-08-24,PAGO_LOGISTICA,fin_movimientos_tesoreria,TES_00306
ASI_001297,EMP_0001,2024-08-25,PAGO_LOGISTICA,fin_movimientos_tesoreria,TES_00307
ASI_001298,EMP_0001,2024-08-22,PAGO_LOGISTICA,fin_movimientos_tesoreria,TES_00308
ASI_001299,EMP_0001,2024-08-10,PAGO_LOGISTICA,fin_movimientos_tesoreria,TES_00309
ASI_001300,EMP_0001,2024-09-08,PAGO_LOGISTICA,fin_movimientos_tesoreria,TES_00310
ASI_001301,EMP_0001,2024-09-15,PAGO_LOGISTICA,fin_movimientos_tesoreria,TES_00311
ASI_001302,EMP_0001,2024-09-15,PAGO_LOGISTICA,fin_movimientos_tesoreria,TES_00312
ASI_001303,EMP_0001,2024-09-08,PAGO_LOGISTICA,fin_movimientos_tesoreria,TES_00313
ASI_001304,EMP_0001,2024-09-05,PAGO_LOGISTICA,fin_movimientos_tesoreria,TES_00314
ASI_001305,EMP_0001,2024-09-05,PAGO_LOGISTICA,fin_movimientos_tesoreria,TES_00315
ASI_001306,EMP_0001,2024-09-14,PAGO_LOGISTICA,fin_movimientos_tesoreria,TES_00316
ASI_001307,EMP_0001,2024-09-11,PAGO_LOGISTICA,fin_movimientos_tesoreria,TES_00317
ASI_001308,EMP_0001,2024-09-11,PAGO_LOGISTICA,fin_movimientos_tesoreria,TES_00318
ASI_001309,EMP_0001,2024-09-17,PAGO_LOGISTICA,fin_movimientos_tesoreria,TES_00319
ASI_001310,EMP_0001,2024-05-15,PAGO_LOGISTICA,fin_movimientos_tesoreria,TES_00320
ASI_001311,EMP_0001,2024-05-28,PAGO_LOGISTICA,fin_movimientos_tesoreria,TES_00321
ASI_001312,EMP_0001,2024-05-20,PAGO_LOGISTICA,fin_movimientos_tesoreria,TES_00322
ASI_001313,EMP_0001,2024-05-31,PAGO_LOGISTICA,fin_movimientos_tesoreria,TES_00323
ASI_001314,EMP_0001,2024-05-31,PAGO_LOGISTICA,fin_movimientos_tesoreria,TES_00324
ASI_001315,EMP_0001,2024-05-23,PAGO_LOGISTICA,fin_movimientos_tesoreria,TES_00325
ASI_001316,EMP_0001,2024-05-21,PAGO_LOGISTICA,fin_movimientos_tesoreria,TES_00326
ASI_001317,EMP_0001,2024-05-19,PAGO_LOGISTICA,fin_movimientos_tesoreria,TES_00327
ASI_001318,EMP_0001,2024-05-18,PAGO_LOGISTICA,fin_movimientos_tesoreria,TES_00328
ASI_001319,EMP_0001,2024-06-01,PAGO_LOGISTICA,fin_movimientos_tesoreria,TES_00329
ASI_001320,EMP_0001,2024-05-19,PAGO_LOGISTICA,fin_movimientos_tesoreria,TES_00330
ASI_001321,EMP_0001,2024-05-23,PAGO_LOGISTICA,fin_movimientos_tesoreria,TES_00331
ASI_001322,EMP_0001,2024-05-23,PAGO_LOGISTICA,fin_movimientos_tesoreria,TES_00332
ASI_001323,EMP_0001,2024-06-26,PAGO_LOGISTICA,fin_movimientos_tesoreria,TES_00333
ASI_001324,EMP_0001,2024-06-28,PAGO_LOGISTICA,fin_movimientos_tesoreria,TES_00334
ASI_001325,EMP_0001,2024-06-23,PAGO_LOGISTICA,fin_movimientos_tesoreria,TES_00335
ASI_001326,EMP_0001,2024-06-27,PAGO_LOGISTICA,fin_movimientos_tesoreria,TES_00336
ASI_001327,EMP_0001,2024-06-24,PAGO_LOGISTICA,fin_movimientos_tesoreria,TES_00337
ASI_001328,EMP_0001,2024-06-22,PAGO_LOGISTICA,fin_movimientos_tesoreria,TES_00338
ASI_001329,EMP_0001,2024-06-17,PAGO_LOGISTICA,fin_movimientos_tesoreria,TES_00339
ASI_001330,EMP_0001,2024-06-18,PAGO_LOGISTICA,fin_movimientos_tesoreria,TES_00340
ASI_001331,EMP_0001,2024-06-22,PAGO_LOGISTICA,fin_movimientos_tesoreria,TES_00341
ASI_001332,EMP_0001,2024-06-15,PAGO_LOGISTICA,fin_movimientos_tesoreria,TES_00342
ASI_001333,EMP_0001,2024-06-20,PAGO_LOGISTICA,fin_movimientos_tesoreria,TES_00343
ASI_001334,EMP_0001,2024-06-22,PAGO_LOGISTICA,fin_movimientos_tesoreria,TES_00344
ASI_001335,EMP_0001,2024-06-22,PAGO_LOGISTICA,fin_movimientos_tesoreria,TES_00345
ASI_001336,EMP_0001,2024-06-27,PAGO_LOGISTICA,fin_movimientos_tesoreria,TES_00346
ASI_001337,EMP_0001,2024-07-01,PAGO_LOGISTICA,fin_movimientos_tesoreria,TES_00347
ASI_001338,EMP_0001,2024-09-07,PAGO_LOGISTICA,fin_movimientos_tesoreria,TES_00348
ASI_001339,EMP_0001,2024-08-26,PAGO_LOGISTICA,fin_movimientos_tesoreria,TES_00349
ASI_001340,EMP_0001,2024-09-01,PAGO_LOGISTICA,fin_movimientos_tesoreria,TES_00350
ASI_001341,EMP_0001,2024-09-07,PAGO_LOGISTICA,fin_movimientos_tesoreria,TES_00351
ASI_001342,EMP_0001,2024-09-04,PAGO_LOGISTICA,fin_movimientos_tesoreria,TES_00352
ASI_001343,EMP_0001,2024-09-01,PAGO_LOGISTICA,fin_movimientos_tesoreria,TES_00353
ASI_001344,EMP_0001,2024-09-02,PAGO_LOGISTICA,fin_movimientos_tesoreria,TES_00354
ASI_001345,EMP_0001,2024-09-01,PAGO_LOGISTICA,fin_movimientos_tesoreria,TES_00355
ASI_001346,EMP_0001,2024-09-03,PAGO_LOGISTICA,fin_movimientos_tesoreria,TES_00356
ASI_001347,EMP_0001,2024-08-29,PAGO_LOGISTICA,fin_movimientos_tesoreria,TES_00357
ASI_001348,EMP_0001,2024-09-03,PAGO_LOGISTICA,fin_movimientos_tesoreria,TES_00358
ASI_001349,EMP_0001,2024-08-29,PAGO_LOGISTICA,fin_movimientos_tesoreria,TES_00359
ASI_001350,EMP_0001,2024-09-05,PAGO_LOGISTICA,fin_movimientos_tesoreria,TES_00360
ASI_001351,EMP_0001,2024-09-08,PAGO_LOGISTICA,fin_movimientos_tesoreria,TES_00361
ASI_001352,EMP_0001,2024-07-11,PAGO_LOGISTICA,fin_movimientos_tesoreria,TES_00362
ASI_001353,EMP_0001,2024-07-08,PAGO_LOGISTICA,fin_movimientos_tesoreria,TES_00363
ASI_001354,EMP_0001,2024-07-18,PAGO_LOGISTICA,fin_movimientos_tesoreria,TES_00364
ASI_001355,EMP_0001,2024-07-13,PAGO_LOGISTICA,fin_movimientos_tesoreria,TES_00365
ASI_001356,EMP_0001,2024-07-09,PAGO_LOGISTICA,fin_movimientos_tesoreria,TES_00366
ASI_001357,EMP_0001,2024-07-03,PAGO_LOGISTICA,fin_movimientos_tesoreria,TES_00367
ASI_001358,EMP_0001,2024-07-02,PAGO_LOGISTICA,fin_movimientos_tesoreria,TES_00368
ASI_001359,EMP_0001,2024-07-05,PAGO_LOGISTICA,fin_movimientos_tesoreria,TES_00369
ASI_001360,EMP_0001,2024-07-06,PAGO_LOGISTICA,fin_movimientos_tesoreria,TES_00370
ASI_001361,EMP_0001,2024-07-14,PAGO_LOGISTICA,fin_movimientos_tesoreria,TES_00371
ASI_001362,EMP_0001,2024-07-10,PAGO_LOGISTICA,fin_movimientos_tesoreria,TES_00372
ASI_001363,EMP_0001,2024-07-18,PAGO_LOGISTICA,fin_movimientos_tesoreria,TES_00373
ASI_001364,EMP_0001,2024-07-12,PAGO_LOGISTICA,fin_movimientos_tesoreria,TES_00374
ASI_001365,EMP_0001,2024-07-15,PAGO_LOGISTICA,fin_movimientos_tesoreria,TES_00375
ASI_001366,EMP_0001,2024-07-09,PAGO_LOGISTICA,fin_movimientos_tesoreria,TES_00376
ASI_001367,EMP_0001,2024-07-06,PAGO_LOGISTICA,fin_movimientos_tesoreria,TES_00377
ASI_001368,EMP_0001,2024-07-12,PAGO_LOGISTICA,fin_movimientos_tesoreria,TES_00378
ASI_001369,EMP_0001,2024-06-21,PAGO_LOGISTICA,fin_movimientos_tesoreria,TES_00379
ASI_001370,EMP_0001,2024-06-18,PAGO_LOGISTICA,fin_movimientos_tesoreria,TES_00380
ASI_001371,EMP_0001,2024-06-23,PAGO_LOGISTICA,fin_movimientos_tesoreria,TES_00381
ASI_001372,EMP_0001,2024-06-25,PAGO_LOGISTICA,fin_movimientos_tesoreria,TES_00382
ASI_001373,EMP_0001,2024-07-31,PAGO_LOGISTICA,fin_movimientos_tesoreria,TES_00383
ASI_001374,EMP_0001,2024-08-05,PAGO_LOGISTICA,fin_movimientos_tesoreria,TES_00384
ASI_001375,EMP_0001,2024-08-10,PAGO_LOGISTICA,fin_movimientos_tesoreria,TES_00385
ASI_001376,EMP_0001,2024-07-30,PAGO_LOGISTICA,fin_movimientos_tesoreria,TES_00386
ASI_001377,EMP_0001,2025-06-22,PAGO_LOGISTICA,fin_movimientos_tesoreria,TES_00387
ASI_001378,EMP_0001,2025-06-24,PAGO_LOGISTICA,fin_movimientos_tesoreria,TES_00388
ASI_001379,EMP_0001,2025-07-01,PAGO_LOGISTICA,fin_movimientos_tesoreria,TES_00389
ASI_001380,EMP_0001,2025-06-21,PAGO_LOGISTICA,fin_movimientos_tesoreria,TES_00390
ASI_001381,EMP_0001,2025-07-04,PAGO_LOGISTICA,fin_movimientos_tesoreria,TES_00391
ASI_001382,EMP_0001,2025-06-24,PAGO_LOGISTICA,fin_movimientos_tesoreria,TES_00392
ASI_001383,EMP_0001,2025-07-01,PAGO_LOGISTICA,fin_movimientos_tesoreria,TES_00393
ASI_001384,EMP_0001,2025-07-01,PAGO_LOGISTICA,fin_movimientos_tesoreria,TES_00394
ASI_001385,EMP_0001,2025-07-01,PAGO_LOGISTICA,fin_movimientos_tesoreria,TES_00395
ASI_001386,EMP_0001,2025-07-03,PAGO_LOGISTICA,fin_movimientos_tesoreria,TES_00396
ASI_001387,EMP_0001,2025-06-21,PAGO_LOGISTICA,fin_movimientos_tesoreria,TES_00397
ASI_001388,EMP_0001,2025-06-27,PAGO_LOGISTICA,fin_movimientos_tesoreria,TES_00398
ASI_001389,EMP_0001,2025-06-19,PAGO_LOGISTICA,fin_movimientos_tesoreria,TES_00399
ASI_001390,EMP_0001,2025-06-22,PAGO_LOGISTICA,fin_movimientos_tesoreria,TES_00400
ASI_001391,EMP_0001,2025-06-17,PAGO_LOGISTICA,fin_movimientos_tesoreria,TES_00401
ASI_001392,EMP_0001,2025-06-28,PAGO_LOGISTICA,fin_movimientos_tesoreria,TES_00402
ASI_001393,EMP_0001,2025-06-05,PAGO_LOGISTICA,fin_movimientos_tesoreria,TES_00403
ASI_001394,EMP_0001,2025-06-06,PAGO_LOGISTICA,fin_movimientos_tesoreria,TES_00404
ASI_001395,EMP_0001,2025-05-27,PAGO_LOGISTICA,fin_movimientos_tesoreria,TES_00405
ASI_001396,EMP_0001,2025-05-30,PAGO_LOGISTICA,fin_movimientos_tesoreria,TES_00406
ASI_001397,EMP_0001,2025-06-06,PAGO_LOGISTICA,fin_movimientos_tesoreria,TES_00407
ASI_001398,EMP_0001,2025-06-08,PAGO_LOGISTICA,fin_movimientos_tesoreria,TES_00408
ASI_001399,EMP_0001,2025-06-09,PAGO_LOGISTICA,fin_movimientos_tesoreria,TES_00409
ASI_001400,EMP_0001,2025-05-27,PAGO_LOGISTICA,fin_movimientos_tesoreria,TES_00410
ASI_001401,EMP_0001,2025-05-31,PAGO_LOGISTICA,fin_movimientos_tesoreria,TES_00411
ASI_001402,EMP_0001,2025-05-26,PAGO_LOGISTICA,fin_movimientos_tesoreria,TES_00412
ASI_001403,EMP_0001,2025-06-07,PAGO_LOGISTICA,fin_movimientos_tesoreria,TES_00413
ASI_001404,EMP_0001,2025-05-28,PAGO_LOGISTICA,fin_movimientos_tesoreria,TES_00414
ASI_001405,EMP_0001,2025-06-07,PAGO_LOGISTICA,fin_movimientos_tesoreria,TES_00415
ASI_001406,EMP_0001,2025-05-28,PAGO_LOGISTICA,fin_movimientos_tesoreria,TES_00416
ASI_001407,EMP_0001,2025-05-25,PAGO_LOGISTICA,fin_movimientos_tesoreria,TES_00417
ASI_001408,EMP_0001,2025-06-08,PAGO_LOGISTICA,fin_movimientos_tesoreria,TES_00418
ASI_001409,EMP_0001,2025-06-02,PAGO_LOGISTICA,fin_movimientos_tesoreria,TES_00419
ASI_001410,EMP_0001,2025-06-02,PAGO_LOGISTICA,fin_movimientos_tesoreria,TES_00420
ASI_001411,EMP_0001,2025-06-05,PAGO_LOGISTICA,fin_movimientos_tesoreria,TES_00421
ASI_001412,EMP_0001,2025-05-30,PAGO_LOGISTICA,fin_movimientos_tesoreria,TES_00422
ASI_001413,EMP_0001,2025-06-05,PAGO_LOGISTICA,fin_movimientos_tesoreria,TES_00423
ASI_001414,EMP_0001,2025-07-09,PAGO_LOGISTICA,fin_movimientos_tesoreria,TES_00424
ASI_001415,EMP_0001,2025-07-06,PAGO_LOGISTICA,fin_movimientos_tesoreria,TES_00425
ASI_001416,EMP_0001,2025-07-08,PAGO_LOGISTICA,fin_movimientos_tesoreria,TES_00426
ASI_001417,EMP_0001,2025-07-03,PAGO_LOGISTICA,fin_movimientos_tesoreria,TES_00427
ASI_001418,EMP_0001,2025-07-07,PAGO_LOGISTICA,fin_movimientos_tesoreria,TES_00428
ASI_001419,EMP_0001,2025-07-12,PAGO_LOGISTICA,fin_movimientos_tesoreria,TES_00429
ASI_001420,EMP_0001,2025-07-05,PAGO_LOGISTICA,fin_movimientos_tesoreria,TES_00430
ASI_001421,EMP_0001,2025-07-05,PAGO_LOGISTICA,fin_movimientos_tesoreria,TES_00431
ASI_001422,EMP_0001,2025-07-14,PAGO_LOGISTICA,fin_movimientos_tesoreria,TES_00432
ASI_001423,EMP_0001,2025-07-10,PAGO_LOGISTICA,fin_movimientos_tesoreria,TES_00433
ASI_001424,EMP_0001,2025-07-04,PAGO_LOGISTICA,fin_movimientos_tesoreria,TES_00434
ASI_001425,EMP_0001,2025-07-14,PAGO_LOGISTICA,fin_movimientos_tesoreria,TES_00435
ASI_001426,EMP_0001,2025-07-16,PAGO_LOGISTICA,fin_movimientos_tesoreria,TES_00436
ASI_001427,EMP_0001,2025-07-03,PAGO_LOGISTICA,fin_movimientos_tesoreria,TES_00437
ASI_001428,EMP_0001,2025-07-06,PAGO_LOGISTICA,fin_movimientos_tesoreria,TES_00438
ASI_001429,EMP_0001,2025-07-08,PAGO_LOGISTICA,fin_movimientos_tesoreria,TES_00439
ASI_001430,EMP_0001,2025-07-15,PAGO_LOGISTICA,fin_movimientos_tesoreria,TES_00440
ASI_001431,EMP_0001,2025-07-04,PAGO_LOGISTICA,fin_movimientos_tesoreria,TES_00441
ASI_001432,EMP_0001,2025-07-16,PAGO_LOGISTICA,fin_movimientos_tesoreria,TES_00442
ASI_001433,EMP_0001,2025-07-08,PAGO_LOGISTICA,fin_movimientos_tesoreria,TES_00443
ASI_001434,EMP_0001,2025-07-04,PAGO_LOGISTICA,fin_movimientos_tesoreria,TES_00444
ASI_001435,EMP_0001,2025-09-05,PAGO_LOGISTICA,fin_movimientos_tesoreria,TES_00445
ASI_001436,EMP_0001,2025-08-24,PAGO_LOGISTICA,fin_movimientos_tesoreria,TES_00446
ASI_001437,EMP_0001,2025-08-24,PAGO_LOGISTICA,fin_movimientos_tesoreria,TES_00447
ASI_001438,EMP_0001,2025-09-08,PAGO_LOGISTICA,fin_movimientos_tesoreria,TES_00448
ASI_001439,EMP_0001,2025-08-31,PAGO_LOGISTICA,fin_movimientos_tesoreria,TES_00449
ASI_001440,EMP_0001,2025-08-30,PAGO_LOGISTICA,fin_movimientos_tesoreria,TES_00450
ASI_001441,EMP_0001,2025-09-02,PAGO_LOGISTICA,fin_movimientos_tesoreria,TES_00451
ASI_001442,EMP_0001,2025-09-02,PAGO_LOGISTICA,fin_movimientos_tesoreria,TES_00452
ASI_001443,EMP_0001,2025-09-02,PAGO_LOGISTICA,fin_movimientos_tesoreria,TES_00453
ASI_001444,EMP_0001,2025-08-22,PAGO_LOGISTICA,fin_movimientos_tesoreria,TES_00454
ASI_001445,EMP_0001,2025-09-01,PAGO_LOGISTICA,fin_movimientos_tesoreria,TES_00455
ASI_001446,EMP_0001,2025-08-26,PAGO_LOGISTICA,fin_movimientos_tesoreria,TES_00456
ASI_001447,EMP_0001,2025-09-04,PAGO_LOGISTICA,fin_movimientos_tesoreria,TES_00457
ASI_001448,EMP_0001,2025-08-31,PAGO_LOGISTICA,fin_movimientos_tesoreria,TES_00458
ASI_001449,EMP_0001,2025-06-12,PAGO_LOGISTICA,fin_movimientos_tesoreria,TES_00459
ASI_001450,EMP_0001,2025-06-26,PAGO_LOGISTICA,fin_movimientos_tesoreria,TES_00460
ASI_001451,EMP_0001,2025-06-14,PAGO_LOGISTICA,fin_movimientos_tesoreria,TES_00461
ASI_001452,EMP_0001,2025-06-15,PAGO_LOGISTICA,fin_movimientos_tesoreria,TES_00462
ASI_001453,EMP_0001,2025-06-25,PAGO_LOGISTICA,fin_movimientos_tesoreria,TES_00463
ASI_001454,EMP_0001,2025-06-24,PAGO_LOGISTICA,fin_movimientos_tesoreria,TES_00464
ASI_001455,EMP_0001,2025-06-24,PAGO_LOGISTICA,fin_movimientos_tesoreria,TES_00465
ASI_001456,EMP_0001,2025-06-22,PAGO_LOGISTICA,fin_movimientos_tesoreria,TES_00466
ASI_001457,EMP_0001,2025-06-26,PAGO_LOGISTICA,fin_movimientos_tesoreria,TES_00467
ASI_001458,EMP_0001,2025-06-12,PAGO_LOGISTICA,fin_movimientos_tesoreria,TES_00468
ASI_001459,EMP_0001,2025-06-21,PAGO_LOGISTICA,fin_movimientos_tesoreria,TES_00469
ASI_001460,EMP_0001,2025-07-12,PAGO_LOGISTICA,fin_movimientos_tesoreria,TES_00470
ASI_001461,EMP_0001,2025-07-14,PAGO_LOGISTICA,fin_movimientos_tesoreria,TES_00471
ASI_001462,EMP_0001,2025-07-11,PAGO_LOGISTICA,fin_movimientos_tesoreria,TES_00472
ASI_001463,EMP_0001,2025-07-11,PAGO_LOGISTICA,fin_movimientos_tesoreria,TES_00473
ASI_001464,EMP_0001,2025-07-14,PAGO_LOGISTICA,fin_movimientos_tesoreria,TES_00474
ASI_001465,EMP_0001,2025-07-22,PAGO_LOGISTICA,fin_movimientos_tesoreria,TES_00475
ASI_001466,EMP_0001,2025-07-17,PAGO_LOGISTICA,fin_movimientos_tesoreria,TES_00476
ASI_001467,EMP_0001,2025-07-12,PAGO_LOGISTICA,fin_movimientos_tesoreria,TES_00477
ASI_001468,EMP_0001,2025-09-25,PAGO_LOGISTICA,fin_movimientos_tesoreria,TES_00478
ASI_001469,EMP_0001,2025-09-27,PAGO_LOGISTICA,fin_movimientos_tesoreria,TES_00479
ASI_001470,EMP_0001,2025-09-22,PAGO_LOGISTICA,fin_movimientos_tesoreria,TES_00480
ASI_001471,EMP_0001,2025-09-27,PAGO_LOGISTICA,fin_movimientos_tesoreria,TES_00481
ASI_001472,EMP_0001,2025-09-29,PAGO_LOGISTICA,fin_movimientos_tesoreria,TES_00482
ASI_001473,EMP_0001,2025-09-22,PAGO_LOGISTICA,fin_movimientos_tesoreria,TES_00483
ASI_001474,EMP_0001,2025-09-27,PAGO_LOGISTICA,fin_movimientos_tesoreria,TES_00484
ASI_001475,EMP_0001,2025-09-30,PAGO_LOGISTICA,fin_movimientos_tesoreria,TES_00485
ASI_001476,EMP_0001,2025-09-27,PAGO_LOGISTICA,fin_movimientos_tesoreria,TES_00486
ASI_001477,EMP_0001,2025-05-09,PAGO_LOGISTICA,fin_movimientos_tesoreria,TES_00487
ASI_001478,EMP_0001,2025-05-13,PAGO_LOGISTICA,fin_movimientos_tesoreria,TES_00488
ASI_001479,EMP_0001,2025-05-18,PAGO_LOGISTICA,fin_movimientos_tesoreria,TES_00489
ASI_001480,EMP_0001,2025-05-08,PAGO_LOGISTICA,fin_movimientos_tesoreria,TES_00490
ASI_001481,EMP_0001,2025-05-14,PAGO_LOGISTICA,fin_movimientos_tesoreria,TES_00491
ASI_001482,EMP_0001,2025-05-15,PAGO_LOGISTICA,fin_movimientos_tesoreria,TES_00492
ASI_001483,EMP_0001,2025-05-09,PAGO_LOGISTICA,fin_movimientos_tesoreria,TES_00493
ASI_001484,EMP_0001,2025-05-11,PAGO_LOGISTICA,fin_movimientos_tesoreria,TES_00494
ASI_001485,EMP_0001,2025-05-20,PAGO_LOGISTICA,fin_movimientos_tesoreria,TES_00495
ASI_001486,EMP_0001,2025-05-11,PAGO_LOGISTICA,fin_movimientos_tesoreria,TES_00496
ASI_001487,EMP_0001,2025-05-14,PAGO_LOGISTICA,fin_movimientos_tesoreria,TES_00497
ASI_001488,EMP_0001,2025-05-07,PAGO_LOGISTICA,fin_movimientos_tesoreria,TES_00498
ASI_001489,EMP_0001,2025-05-20,PAGO_LOGISTICA,fin_movimientos_tesoreria,TES_00499
ASI_001490,EMP_0001,2025-05-14,PAGO_LOGISTICA,fin_movimientos_tesoreria,TES_00500
ASI_001491,EMP_0001,2025-05-16,PAGO_LOGISTICA,fin_movimientos_tesoreria,TES_00501
ASI_001492,EMP_0001,2025-05-15,PAGO_LOGISTICA,fin_movimientos_tesoreria,TES_00502
ASI_001493,EMP_0001,2025-05-11,PAGO_LOGISTICA,fin_movimientos_tesoreria,TES_00503
ASI_001494,EMP_0001,2025-05-10,PAGO_LOGISTICA,fin_movimientos_tesoreria,TES_00504
ASI_001495,EMP_0001,2025-05-16,PAGO_LOGISTICA,fin_movimientos_tesoreria,TES_00505
ASI_001496,EMP_0001,2025-05-18,PAGO_LOGISTICA,fin_movimientos_tesoreria,TES_00506
ASI_001497,EMP_0001,2025-05-07,PAGO_LOGISTICA,fin_movimientos_tesoreria,TES_00507
ASI_001498,EMP_0001,2025-08-16,PAGO_LOGISTICA,fin_movimientos_tesoreria,TES_00508
ASI_001499,EMP_0001,2025-08-16,PAGO_LOGISTICA,fin_movimientos_tesoreria,TES_00509
ASI_001500,EMP_0001,2025-08-03,PAGO_LOGISTICA,fin_movimientos_tesoreria,TES_00510
ASI_001501,EMP_0001,2025-08-03,PAGO_LOGISTICA,fin_movimientos_tesoreria,TES_00511
ASI_001502,EMP_0001,2025-08-14,PAGO_LOGISTICA,fin_movimientos_tesoreria,TES_00512
ASI_001503,EMP_0001,2025-08-16,PAGO_LOGISTICA,fin_movimientos_tesoreria,TES_00513
ASI_001504,EMP_0001,2025-08-08,PAGO_LOGISTICA,fin_movimientos_tesoreria,TES_00514
ASI_001505,EMP_0001,2025-08-13,PAGO_LOGISTICA,fin_movimientos_tesoreria,TES_00515
ASI_001506,EMP_0001,2025-08-18,PAGO_LOGISTICA,fin_movimientos_tesoreria,TES_00516
ASI_001507,EMP_0001,2025-08-07,PAGO_LOGISTICA,fin_movimientos_tesoreria,TES_00517
ASI_001508,EMP_0001,2025-08-06,PAGO_LOGISTICA,fin_movimientos_tesoreria,TES_00518
ASI_001509,EMP_0001,2025-08-18,PAGO_LOGISTICA,fin_movimientos_tesoreria,TES_00519
ASI_001510,EMP_0001,2025-08-06,PAGO_LOGISTICA,fin_movimientos_tesoreria,TES_00520
ASI_001511,EMP_0001,2025-08-11,PAGO_LOGISTICA,fin_movimientos_tesoreria,TES_00521
ASI_001512,EMP_0001,2025-08-10,PAGO_LOGISTICA,fin_movimientos_tesoreria,TES_00522
ASI_001513,EMP_0001,2025-08-11,PAGO_LOGISTICA,fin_movimientos_tesoreria,TES_00523
ASI_001514,EMP_0001,2025-08-06,PAGO_LOGISTICA,fin_movimientos_tesoreria,TES_00524
ASI_001515,EMP_0001,2025-08-13,PAGO_LOGISTICA,fin_movimientos_tesoreria,TES_00525
ASI_001516,EMP_0001,2025-08-14,PAGO_LOGISTICA,fin_movimientos_tesoreria,TES_00526
ASI_001517,EMP_0001,2025-08-05,PAGO_LOGISTICA,fin_movimientos_tesoreria,TES_00527
ASI_001518,EMP_0001,2025-08-10,PAGO_LOGISTICA,fin_movimientos_tesoreria,TES_00528
ASI_001519,EMP_0001,2025-08-03,PAGO_LOGISTICA,fin_movimientos_tesoreria,TES_00529
ASI_001520,EMP_0001,2025-08-05,PAGO_LOGISTICA,fin_movimientos_tesoreria,TES_00530
ASI_001521,EMP_0001,2025-08-19,PAGO_LOGISTICA,fin_movimientos_tesoreria,TES_00531
ASI_001522,EMP_0001,2025-08-11,PAGO_LOGISTICA,fin_movimientos_tesoreria,TES_00532
ASI_001523,EMP_0001,2025-08-13,PAGO_LOGISTICA,fin_movimientos_tesoreria,TES_00533
ASI_001524,EMP_0001,2025-08-17,PAGO_LOGISTICA,fin_movimientos_tesoreria,TES_00534
ASI_001525,EMP_0001,2025-08-15,PAGO_LOGISTICA,fin_movimientos_tesoreria,TES_00535
ASI_001526,EMP_0001,2025-08-16,PAGO_LOGISTICA,fin_movimientos_tesoreria,TES_00536
ASI_001527,EMP_0001,2025-08-15,PAGO_LOGISTICA,fin_movimientos_tesoreria,TES_00537
ASI_001528,EMP_0001,2025-06-19,PAGO_LOGISTICA,fin_movimientos_tesoreria,TES_00538
ASI_001529,EMP_0001,2025-06-22,PAGO_LOGISTICA,fin_movimientos_tesoreria,TES_00539
ASI_001530,EMP_0001,2025-06-15,PAGO_LOGISTICA,fin_movimientos_tesoreria,TES_00540
ASI_001531,EMP_0001,2025-06-27,PAGO_LOGISTICA,fin_movimientos_tesoreria,TES_00541
ASI_001532,EMP_0001,2025-06-15,PAGO_LOGISTICA,fin_movimientos_tesoreria,TES_00542
ASI_001533,EMP_0001,2025-06-26,PAGO_LOGISTICA,fin_movimientos_tesoreria,TES_00543
ASI_001534,EMP_0001,2025-06-25,PAGO_LOGISTICA,fin_movimientos_tesoreria,TES_00544
ASI_001535,EMP_0001,2025-10-03,PAGO_LOGISTICA,fin_movimientos_tesoreria,TES_00545
ASI_001536,EMP_0001,2025-10-14,PAGO_LOGISTICA,fin_movimientos_tesoreria,TES_00546
ASI_001537,EMP_0001,2025-10-17,PAGO_LOGISTICA,fin_movimientos_tesoreria,TES_00547
ASI_001538,EMP_0001,2025-10-11,PAGO_LOGISTICA,fin_movimientos_tesoreria,TES_00548
ASI_001539,EMP_0001,2025-10-06,PAGO_LOGISTICA,fin_movimientos_tesoreria,TES_00549
ASI_001540,EMP_0001,2025-10-15,PAGO_LOGISTICA,fin_movimientos_tesoreria,TES_00550
ASI_001541,EMP_0001,2025-10-09,PAGO_LOGISTICA,fin_movimientos_tesoreria,TES_00551
ASI_001542,EMP_0001,2025-10-04,PAGO_LOGISTICA,fin_movimientos_tesoreria,TES_00552
ASI_001543,EMP_0001,2025-10-06,PAGO_LOGISTICA,fin_movimientos_tesoreria,TES_00553
ASI_001544,EMP_0001,2025-10-13,PAGO_LOGISTICA,fin_movimientos_tesoreria,TES_00554
ASI_001545,EMP_0001,2025-10-08,PAGO_LOGISTICA,fin_movimientos_tesoreria,TES_00555
ASI_001546,EMP_0001,2025-10-05,PAGO_LOGISTICA,fin_movimientos_tesoreria,TES_00556
ASI_001547,EMP_0001,2025-10-14,PAGO_LOGISTICA,fin_movimientos_tesoreria,TES_00557
ASI_001548,EMP_0001,2025-10-04,PAGO_LOGISTICA,fin_movimientos_tesoreria,TES_00558
ASI_001549,EMP_0001,2025-10-05,PAGO_LOGISTICA,fin_movimientos_tesoreria,TES_00559
ASI_001550,EMP_0001,2025-10-29,PAGO_LOGISTICA,fin_movimientos_tesoreria,TES_00560
ASI_001551,EMP_0001,2025-10-21,PAGO_LOGISTICA,fin_movimientos_tesoreria,TES_00561
ASI_001552,EMP_0001,2025-10-28,PAGO_LOGISTICA,fin_movimientos_tesoreria,TES_00562
ASI_001553,EMP_0001,2025-11-05,PAGO_LOGISTICA,fin_movimientos_tesoreria,TES_00563
ASI_001554,EMP_0001,2025-11-05,PAGO_LOGISTICA,fin_movimientos_tesoreria,TES_00564
ASI_001555,EMP_0001,2025-11-04,PAGO_LOGISTICA,fin_movimientos_tesoreria,TES_00565
ASI_001556,EMP_0001,2025-10-27,PAGO_LOGISTICA,fin_movimientos_tesoreria,TES_00566
ASI_001557,EMP_0001,2025-10-22,PAGO_LOGISTICA,fin_movimientos_tesoreria,TES_00567
ASI_001558,EMP_0001,2025-11-03,PAGO_LOGISTICA,fin_movimientos_tesoreria,TES_00568
ASI_001559,EMP_0001,2025-09-25,PAGO_LOGISTICA,fin_movimientos_tesoreria,TES_00569
ASI_001560,EMP_0001,2025-10-01,PAGO_LOGISTICA,fin_movimientos_tesoreria,TES_00570
ASI_001561,EMP_0001,2025-09-21,PAGO_LOGISTICA,fin_movimientos_tesoreria,TES_00571
ASI_001562,EMP_0001,2025-09-30,PAGO_LOGISTICA,fin_movimientos_tesoreria,TES_00572
ASI_001563,EMP_0001,2025-09-29,PAGO_LOGISTICA,fin_movimientos_tesoreria,TES_00573
ASI_001564,EMP_0001,2025-10-05,PAGO_LOGISTICA,fin_movimientos_tesoreria,TES_00574
ASI_001565,EMP_0001,2025-09-20,PAGO_LOGISTICA,fin_movimientos_tesoreria,TES_00575
ASI_001566,EMP_0001,2025-09-26,PAGO_LOGISTICA,fin_movimientos_tesoreria,TES_00576
ASI_001567,EMP_0001,2025-10-05,PAGO_LOGISTICA,fin_movimientos_tesoreria,TES_00577
ASI_001568,EMP_0001,2025-09-25,PAGO_LOGISTICA,fin_movimientos_tesoreria,TES_00578
ASI_001569,EMP_0001,2025-07-20,PAGO_LOGISTICA,fin_movimientos_tesoreria,TES_00579
ASI_001570,EMP_0001,2025-07-11,PAGO_LOGISTICA,fin_movimientos_tesoreria,TES_00580
ASI_001571,EMP_0001,2025-07-21,PAGO_LOGISTICA,fin_movimientos_tesoreria,TES_00581
ASI_001572,EMP_0001,2025-07-13,PAGO_LOGISTICA,fin_movimientos_tesoreria,TES_00582
ASI_001573,EMP_0001,2025-07-17,PAGO_LOGISTICA,fin_movimientos_tesoreria,TES_00583
ASI_001574,EMP_0001,2025-07-23,PAGO_LOGISTICA,fin_movimientos_tesoreria,TES_00584
ASI_001575,EMP_0001,2025-07-19,PAGO_LOGISTICA,fin_movimientos_tesoreria,TES_00585
ASI_001576,EMP_0001,2025-07-17,PAGO_LOGISTICA,fin_movimientos_tesoreria,TES_00586
ASI_001577,EMP_0001,2025-07-12,PAGO_LOGISTICA,fin_movimientos_tesoreria,TES_00587
ASI_001578,EMP_0001,2025-07-13,PAGO_LOGISTICA,fin_movimientos_tesoreria,TES_00588
ASI_001579,EMP_0001,2023-08-15,PAGO_IMPUESTOS,tax_posiciones_fiscales_periodo,TFP_00001
ASI_001580,EMP_0001,2023-09-15,PAGO_IMPUESTOS,tax_posiciones_fiscales_periodo,TFP_00002
ASI_001581,EMP_0001,2023-10-15,PAGO_IMPUESTOS,tax_posiciones_fiscales_periodo,TFP_00003
ASI_001582,EMP_0001,2023-11-15,PAGO_IMPUESTOS,tax_posiciones_fiscales_periodo,TFP_00004
ASI_001583,EMP_0001,2023-12-15,PAGO_IMPUESTOS,tax_posiciones_fiscales_periodo,TFP_00005
ASI_001584,EMP_0001,2024-01-15,PAGO_IMPUESTOS,tax_posiciones_fiscales_periodo,TFP_00006
ASI_001585,EMP_0001,2024-02-15,PAGO_IMPUESTOS,tax_posiciones_fiscales_periodo,TFP_00007
ASI_001586,EMP_0001,2024-03-15,PAGO_IMPUESTOS,tax_posiciones_fiscales_periodo,TFP_00008
ASI_001587,EMP_0001,2024-04-15,PAGO_IMPUESTOS,tax_posiciones_fiscales_periodo,TFP_00009
ASI_001588,EMP_0001,2024-05-15,PAGO_IMPUESTOS,tax_posiciones_fiscales_periodo,TFP_00010
ASI_001589,EMP_0001,2024-06-15,PAGO_IMPUESTOS,tax_posiciones_fiscales_periodo,TFP_00011
ASI_001590,EMP_0001,2024-07-15,PAGO_IMPUESTOS,tax_posiciones_fiscales_periodo,TFP_00012
ASI_001591,EMP_0001,2024-08-15,PAGO_IMPUESTOS,tax_posiciones_fiscales_periodo,TFP_00013
ASI_001592,EMP_0001,2024-09-15,PAGO_IMPUESTOS,tax_posiciones_fiscales_periodo,TFP_00014
ASI_001593,EMP_0001,2024-10-15,PAGO_IMPUESTOS,tax_posiciones_fiscales_periodo,TFP_00015
ASI_001594,EMP_0001,2024-11-15,PAGO_IMPUESTOS,tax_posiciones_fiscales_periodo,TFP_00016
ASI_001595,EMP_0001,2024-12-15,PAGO_IMPUESTOS,tax_posiciones_fiscales_periodo,TFP_00017
ASI_001596,EMP_0001,2025-01-15,PAGO_IMPUESTOS,tax_posiciones_fiscales_periodo,TFP_00018
ASI_001597,EMP_0001,2025-02-15,PAGO_IMPUESTOS,tax_posiciones_fiscales_periodo,TFP_00019
ASI_001598,EMP_0001,2025-03-15,PAGO_IMPUESTOS,tax_posiciones_fiscales_periodo,TFP_00020
ASI_001599,EMP_0001,2025-04-15,PAGO_IMPUESTOS,tax_posiciones_fiscales_periodo,TFP_00021
ASI_001600,EMP_0001,2025-05-15,PAGO_IMPUESTOS,tax_posiciones_fiscales_periodo,TFP_00022
ASI_001601,EMP_0001,2025-06-15,PAGO_IMPUESTOS,tax_posiciones_fiscales_periodo,TFP_00023
ASI_001602,EMP_0001,2025-07-15,PAGO_IMPUESTOS,tax_posiciones_fiscales_periodo,TFP_00024
ASI_001603,EMP_0001,2025-08-15,PAGO_IMPUESTOS,tax_posiciones_fiscales_periodo,TFP_00025
ASI_001604,EMP_0001,2025-09-15,PAGO_IMPUESTOS,tax_posiciones_fiscales_periodo,TFP_00026
ASI_001605,EMP_0001,2025-10-15,PAGO_IMPUESTOS,tax_posiciones_fiscales_periodo,TFP_00027
ASI_001606,EMP_0001,2025-11-15,PAGO_IMPUESTOS,tax_posiciones_fiscales_periodo,TFP_00028
ASI_001607,EMP_0001,2025-12-15,PAGO_IMPUESTOS,tax_posiciones_fiscales_periodo,TFP_00029
ASI_001608,EMP_0001,2026-01-15,PAGO_IMPUESTOS,tax_posiciones_fiscales_periodo,TFP_00030
ASI_001609,EMP_0001,2023-07-11,MANTENIMIENTO,mnt_ordenes_trabajo,MOT_00001
ASI_001610,EMP_0001,2023-08-11,MANTENIMIENTO,mnt_ordenes_trabajo,MOT_00002
ASI_001611,EMP_0001,2023-09-15,MANTENIMIENTO,mnt_ordenes_trabajo,MOT_00003
ASI_001612,EMP_0001,2023-10-04,MANTENIMIENTO,mnt_ordenes_trabajo,MOT_00004
ASI_001613,EMP_0001,2023-11-14,MANTENIMIENTO,mnt_ordenes_trabajo,MOT_00005
ASI_001614,EMP_0001,2023-12-07,MANTENIMIENTO,mnt_ordenes_trabajo,MOT_00006
ASI_001615,EMP_0001,2024-01-14,MANTENIMIENTO,mnt_ordenes_trabajo,MOT_00007
ASI_001616,EMP_0001,2024-02-10,MANTENIMIENTO,mnt_ordenes_trabajo,MOT_00008
ASI_001617,EMP_0001,2024-03-07,MANTENIMIENTO,mnt_ordenes_trabajo,MOT_00009
ASI_001618,EMP_0001,2024-04-03,MANTENIMIENTO,mnt_ordenes_trabajo,MOT_00010
ASI_001619,EMP_0001,2024-05-11,MANTENIMIENTO,mnt_ordenes_trabajo,MOT_00011
ASI_001620,EMP_0001,2024-06-08,MANTENIMIENTO,mnt_ordenes_trabajo,MOT_00012
ASI_001621,EMP_0001,2024-07-09,MANTENIMIENTO,mnt_ordenes_trabajo,MOT_00013
ASI_001622,EMP_0001,2024-08-12,MANTENIMIENTO,mnt_ordenes_trabajo,MOT_00014
ASI_001623,EMP_0001,2024-09-13,MANTENIMIENTO,mnt_ordenes_trabajo,MOT_00015
ASI_001624,EMP_0001,2024-10-04,MANTENIMIENTO,mnt_ordenes_trabajo,MOT_00016
ASI_001625,EMP_0001,2024-11-04,MANTENIMIENTO,mnt_ordenes_trabajo,MOT_00017
ASI_001626,EMP_0001,2024-12-13,MANTENIMIENTO,mnt_ordenes_trabajo,MOT_00018
ASI_001627,EMP_0001,2025-01-10,MANTENIMIENTO,mnt_ordenes_trabajo,MOT_00019
ASI_001628,EMP_0001,2025-02-03,MANTENIMIENTO,mnt_ordenes_trabajo,MOT_00020
ASI_001629,EMP_0001,2025-03-08,MANTENIMIENTO,mnt_ordenes_trabajo,MOT_00021
ASI_001630,EMP_0001,2025-04-09,MANTENIMIENTO,mnt_ordenes_trabajo,MOT_00022
ASI_001631,EMP_0001,2025-05-11,MANTENIMIENTO,mnt_ordenes_trabajo,MOT_00023
ASI_001632,EMP_0001,2025-06-08,MANTENIMIENTO,mnt_ordenes_trabajo,MOT_00024
ASI_001633,EMP_0001,2025-07-13,MANTENIMIENTO,mnt_ordenes_trabajo,MOT_00025
ASI_001634,EMP_0001,2025-08-09,MANTENIMIENTO,mnt_ordenes_trabajo,MOT_00026
ASI_001635,EMP_0001,2025-09-07,MANTENIMIENTO,mnt_ordenes_trabajo,MOT_00027
ASI_001636,EMP_0001,2025-10-05,MANTENIMIENTO,mnt_ordenes_trabajo,MOT_00028
ASI_001637,EMP_0001,2025-11-06,MANTENIMIENTO,mnt_ordenes_trabajo,MOT_00029
ASI_001638,EMP_0001,2025-12-02,MANTENIMIENTO,mnt_ordenes_trabajo,MOT_00030
ASI_001639,EMP_0001,2024-08-26,MANTENIMIENTO,mnt_ordenes_trabajo,MOT_00031
ASI_001640,EMP_0001,2023-07-06,MANTENIMIENTO,mnt_ordenes_trabajo,MOT_00032
ASI_001641,EMP_0001,2023-08-04,MANTENIMIENTO,mnt_ordenes_trabajo,MOT_00033
ASI_001642,EMP_0001,2023-09-09,MANTENIMIENTO,mnt_ordenes_trabajo,MOT_00034
ASI_001643,EMP_0001,2023-10-13,MANTENIMIENTO,mnt_ordenes_trabajo,MOT_00035
ASI_001644,EMP_0001,2023-11-04,MANTENIMIENTO,mnt_ordenes_trabajo,MOT_00036
ASI_001645,EMP_0001,2023-12-10,MANTENIMIENTO,mnt_ordenes_trabajo,MOT_00037
ASI_001646,EMP_0001,2024-01-14,MANTENIMIENTO,mnt_ordenes_trabajo,MOT_00038
ASI_001647,EMP_0001,2024-02-07,MANTENIMIENTO,mnt_ordenes_trabajo,MOT_00039
ASI_001648,EMP_0001,2024-03-05,MANTENIMIENTO,mnt_ordenes_trabajo,MOT_00040
ASI_001649,EMP_0001,2024-04-10,MANTENIMIENTO,mnt_ordenes_trabajo,MOT_00041
ASI_001650,EMP_0001,2024-05-15,MANTENIMIENTO,mnt_ordenes_trabajo,MOT_00042
ASI_001651,EMP_0001,2024-06-03,MANTENIMIENTO,mnt_ordenes_trabajo,MOT_00043
ASI_001652,EMP_0001,2024-07-07,MANTENIMIENTO,mnt_ordenes_trabajo,MOT_00044
ASI_001653,EMP_0001,2024-08-14,MANTENIMIENTO,mnt_ordenes_trabajo,MOT_00045
ASI_001654,EMP_0001,2024-09-13,MANTENIMIENTO,mnt_ordenes_trabajo,MOT_00046
ASI_001655,EMP_0001,2024-10-10,MANTENIMIENTO,mnt_ordenes_trabajo,MOT_00047
ASI_001656,EMP_0001,2024-11-11,MANTENIMIENTO,mnt_ordenes_trabajo,MOT_00048
ASI_001657,EMP_0001,2024-12-12,MANTENIMIENTO,mnt_ordenes_trabajo,MOT_00049
ASI_001658,EMP_0001,2025-01-10,MANTENIMIENTO,mnt_ordenes_trabajo,MOT_00050
ASI_001659,EMP_0001,2025-02-09,MANTENIMIENTO,mnt_ordenes_trabajo,MOT_00051
ASI_001660,EMP_0001,2025-03-06,MANTENIMIENTO,mnt_ordenes_trabajo,MOT_00052
ASI_001661,EMP_0001,2025-04-05,MANTENIMIENTO,mnt_ordenes_trabajo,MOT_00053
ASI_001662,EMP_0001,2025-05-06,MANTENIMIENTO,mnt_ordenes_trabajo,MOT_00054
ASI_001663,EMP_0001,2025-06-13,MANTENIMIENTO,mnt_ordenes_trabajo,MOT_00055
ASI_001664,EMP_0001,2025-07-04,MANTENIMIENTO,mnt_ordenes_trabajo,MOT_00056
ASI_001665,EMP_0001,2025-08-14,MANTENIMIENTO,mnt_ordenes_trabajo,MOT_00057
ASI_001666,EMP_0001,2025-09-05,MANTENIMIENTO,mnt_ordenes_trabajo,MOT_00058
ASI_001667,EMP_0001,2025-10-14,MANTENIMIENTO,mnt_ordenes_trabajo,MOT_00059
ASI_001668,EMP_0001,2025-11-05,MANTENIMIENTO,mnt_ordenes_trabajo,MOT_00060
ASI_001669,EMP_0001,2025-12-08,MANTENIMIENTO,mnt_ordenes_trabajo,MOT_00061
ASI_001670,EMP_0001,2025-12-25,MANTENIMIENTO,mnt_ordenes_trabajo,MOT_00062
ASI_001671,EMP_0001,2025-11-03,MANTENIMIENTO,mnt_ordenes_trabajo,MOT_00063
ASI_001672,EMP_0001,2023-07-05,MANTENIMIENTO,mnt_ordenes_trabajo,MOT_00064
ASI_001673,EMP_0001,2023-08-11,MANTENIMIENTO,mnt_ordenes_trabajo,MOT_00065
ASI_001674,EMP_0001,2023-09-07,MANTENIMIENTO,mnt_ordenes_trabajo,MOT_00066
ASI_001675,EMP_0001,2023-10-05,MANTENIMIENTO,mnt_ordenes_trabajo,MOT_00067
ASI_001676,EMP_0001,2023-11-03,MANTENIMIENTO,mnt_ordenes_trabajo,MOT_00068
ASI_001677,EMP_0001,2023-12-03,MANTENIMIENTO,mnt_ordenes_trabajo,MOT_00069
ASI_001678,EMP_0001,2024-01-14,MANTENIMIENTO,mnt_ordenes_trabajo,MOT_00070
ASI_001679,EMP_0001,2024-02-10,MANTENIMIENTO,mnt_ordenes_trabajo,MOT_00071
ASI_001680,EMP_0001,2024-03-02,MANTENIMIENTO,mnt_ordenes_trabajo,MOT_00072
ASI_001681,EMP_0001,2024-04-08,MANTENIMIENTO,mnt_ordenes_trabajo,MOT_00073
ASI_001682,EMP_0001,2024-05-05,MANTENIMIENTO,mnt_ordenes_trabajo,MOT_00074
ASI_001683,EMP_0001,2024-06-09,MANTENIMIENTO,mnt_ordenes_trabajo,MOT_00075
ASI_001684,EMP_0001,2024-07-13,MANTENIMIENTO,mnt_ordenes_trabajo,MOT_00076
ASI_001685,EMP_0001,2024-08-07,MANTENIMIENTO,mnt_ordenes_trabajo,MOT_00077
ASI_001686,EMP_0001,2024-09-10,MANTENIMIENTO,mnt_ordenes_trabajo,MOT_00078
ASI_001687,EMP_0001,2024-10-06,MANTENIMIENTO,mnt_ordenes_trabajo,MOT_00079
ASI_001688,EMP_0001,2024-11-03,MANTENIMIENTO,mnt_ordenes_trabajo,MOT_00080
ASI_001689,EMP_0001,2024-12-06,MANTENIMIENTO,mnt_ordenes_trabajo,MOT_00081
ASI_001690,EMP_0001,2025-01-05,MANTENIMIENTO,mnt_ordenes_trabajo,MOT_00082
ASI_001691,EMP_0001,2025-02-12,MANTENIMIENTO,mnt_ordenes_trabajo,MOT_00083
ASI_001692,EMP_0001,2025-03-13,MANTENIMIENTO,mnt_ordenes_trabajo,MOT_00084
ASI_001693,EMP_0001,2025-04-08,MANTENIMIENTO,mnt_ordenes_trabajo,MOT_00085
ASI_001694,EMP_0001,2025-05-05,MANTENIMIENTO,mnt_ordenes_trabajo,MOT_00086
ASI_001695,EMP_0001,2025-06-11,MANTENIMIENTO,mnt_ordenes_trabajo,MOT_00087
ASI_001696,EMP_0001,2025-07-12,MANTENIMIENTO,mnt_ordenes_trabajo,MOT_00088
ASI_001697,EMP_0001,2025-08-13,MANTENIMIENTO,mnt_ordenes_trabajo,MOT_00089
ASI_001698,EMP_0001,2025-09-12,MANTENIMIENTO,mnt_ordenes_trabajo,MOT_00090
ASI_001699,EMP_0001,2025-10-12,MANTENIMIENTO,mnt_ordenes_trabajo,MOT_00091
ASI_001700,EMP_0001,2025-11-06,MANTENIMIENTO,mnt_ordenes_trabajo,MOT_00092
ASI_001701,EMP_0001,2025-12-09,MANTENIMIENTO,mnt_ordenes_trabajo,MOT_00093
ASI_001702,EMP_0001,2023-08-31,MANTENIMIENTO,mnt_ordenes_trabajo,MOT_00094
ASI_001703,EMP_0001,2023-07-10,MANTENIMIENTO,mnt_ordenes_trabajo,MOT_00095
ASI_001704,EMP_0001,2023-08-11,MANTENIMIENTO,mnt_ordenes_trabajo,MOT_00096
ASI_001705,EMP_0001,2023-09-05,MANTENIMIENTO,mnt_ordenes_trabajo,MOT_00097
ASI_001706,EMP_0001,2023-10-08,MANTENIMIENTO,mnt_ordenes_trabajo,MOT_00098
ASI_001707,EMP_0001,2023-11-11,MANTENIMIENTO,mnt_ordenes_trabajo,MOT_00099
ASI_001708,EMP_0001,2023-12-06,MANTENIMIENTO,mnt_ordenes_trabajo,MOT_00100
ASI_001709,EMP_0001,2024-01-04,MANTENIMIENTO,mnt_ordenes_trabajo,MOT_00101
ASI_001710,EMP_0001,2024-02-06,MANTENIMIENTO,mnt_ordenes_trabajo,MOT_00102
ASI_001711,EMP_0001,2024-03-15,MANTENIMIENTO,mnt_ordenes_trabajo,MOT_00103
ASI_001712,EMP_0001,2024-04-12,MANTENIMIENTO,mnt_ordenes_trabajo,MOT_00104
ASI_001713,EMP_0001,2024-05-08,MANTENIMIENTO,mnt_ordenes_trabajo,MOT_00105
ASI_001714,EMP_0001,2024-06-04,MANTENIMIENTO,mnt_ordenes_trabajo,MOT_00106
ASI_001715,EMP_0001,2024-07-08,MANTENIMIENTO,mnt_ordenes_trabajo,MOT_00107
ASI_001716,EMP_0001,2024-08-08,MANTENIMIENTO,mnt_ordenes_trabajo,MOT_00108
ASI_001717,EMP_0001,2024-09-11,MANTENIMIENTO,mnt_ordenes_trabajo,MOT_00109
ASI_001718,EMP_0001,2024-10-13,MANTENIMIENTO,mnt_ordenes_trabajo,MOT_00110
ASI_001719,EMP_0001,2024-11-02,MANTENIMIENTO,mnt_ordenes_trabajo,MOT_00111
ASI_001720,EMP_0001,2024-12-05,MANTENIMIENTO,mnt_ordenes_trabajo,MOT_00112
ASI_001721,EMP_0001,2025-01-04,MANTENIMIENTO,mnt_ordenes_trabajo,MOT_00113
ASI_001722,EMP_0001,2025-02-10,MANTENIMIENTO,mnt_ordenes_trabajo,MOT_00114
ASI_001723,EMP_0001,2025-03-10,MANTENIMIENTO,mnt_ordenes_trabajo,MOT_00115
ASI_001724,EMP_0001,2025-04-03,MANTENIMIENTO,mnt_ordenes_trabajo,MOT_00116
ASI_001725,EMP_0001,2025-05-09,MANTENIMIENTO,mnt_ordenes_trabajo,MOT_00117
ASI_001726,EMP_0001,2025-06-07,MANTENIMIENTO,mnt_ordenes_trabajo,MOT_00118
ASI_001727,EMP_0001,2025-07-05,MANTENIMIENTO,mnt_ordenes_trabajo,MOT_00119
ASI_001728,EMP_0001,2025-08-04,MANTENIMIENTO,mnt_ordenes_trabajo,MOT_00120
ASI_001729,EMP_0001,2025-09-06,MANTENIMIENTO,mnt_ordenes_trabajo,MOT_00121
ASI_001730,EMP_0001,2025-10-12,MANTENIMIENTO,mnt_ordenes_trabajo,MOT_00122
ASI_001731,EMP_0001,2025-11-13,MANTENIMIENTO,mnt_ordenes_trabajo,MOT_00123
ASI_001732,EMP_0001,2025-12-04,MANTENIMIENTO,mnt_ordenes_trabajo,MOT_00124
ASI_001733,EMP_0001,2023-11-09,MANTENIMIENTO,mnt_ordenes_trabajo,MOT_00125
ASI_001734,EMP_0001,2023-07-06,MANTENIMIENTO,mnt_ordenes_trabajo,MOT_00126
ASI_001735,EMP_0001,2023-08-06,MANTENIMIENTO,mnt_ordenes_trabajo,MOT_00127
ASI_001736,EMP_0001,2023-09-10,MANTENIMIENTO,mnt_ordenes_trabajo,MOT_00128
ASI_001737,EMP_0001,2023-10-11,MANTENIMIENTO,mnt_ordenes_trabajo,MOT_00129
ASI_001738,EMP_0001,2023-11-02,MANTENIMIENTO,mnt_ordenes_trabajo,MOT_00130
ASI_001739,EMP_0001,2023-12-05,MANTENIMIENTO,mnt_ordenes_trabajo,MOT_00131
ASI_001740,EMP_0001,2024-01-05,MANTENIMIENTO,mnt_ordenes_trabajo,MOT_00132
ASI_001741,EMP_0001,2024-02-09,MANTENIMIENTO,mnt_ordenes_trabajo,MOT_00133
ASI_001742,EMP_0001,2024-03-06,MANTENIMIENTO,mnt_ordenes_trabajo,MOT_00134
ASI_001743,EMP_0001,2024-04-10,MANTENIMIENTO,mnt_ordenes_trabajo,MOT_00135
ASI_001744,EMP_0001,2024-05-13,MANTENIMIENTO,mnt_ordenes_trabajo,MOT_00136
ASI_001745,EMP_0001,2024-06-13,MANTENIMIENTO,mnt_ordenes_trabajo,MOT_00137
ASI_001746,EMP_0001,2024-07-04,MANTENIMIENTO,mnt_ordenes_trabajo,MOT_00138
ASI_001747,EMP_0001,2024-08-06,MANTENIMIENTO,mnt_ordenes_trabajo,MOT_00139
ASI_001748,EMP_0001,2024-09-10,MANTENIMIENTO,mnt_ordenes_trabajo,MOT_00140
ASI_001749,EMP_0001,2024-10-09,MANTENIMIENTO,mnt_ordenes_trabajo,MOT_00141
ASI_001750,EMP_0001,2024-11-12,MANTENIMIENTO,mnt_ordenes_trabajo,MOT_00142
ASI_001751,EMP_0001,2024-12-07,MANTENIMIENTO,mnt_ordenes_trabajo,MOT_00143
ASI_001752,EMP_0001,2025-01-15,MANTENIMIENTO,mnt_ordenes_trabajo,MOT_00144
ASI_001753,EMP_0001,2025-02-07,MANTENIMIENTO,mnt_ordenes_trabajo,MOT_00145
ASI_001754,EMP_0001,2025-03-04,MANTENIMIENTO,mnt_ordenes_trabajo,MOT_00146
ASI_001755,EMP_0001,2025-04-02,MANTENIMIENTO,mnt_ordenes_trabajo,MOT_00147
ASI_001756,EMP_0001,2025-05-05,MANTENIMIENTO,mnt_ordenes_trabajo,MOT_00148
ASI_001757,EMP_0001,2025-06-14,MANTENIMIENTO,mnt_ordenes_trabajo,MOT_00149
ASI_001758,EMP_0001,2025-07-03,MANTENIMIENTO,mnt_ordenes_trabajo,MOT_00150
ASI_001759,EMP_0001,2025-08-07,MANTENIMIENTO,mnt_ordenes_trabajo,MOT_00151
ASI_001760,EMP_0001,2025-09-05,MANTENIMIENTO,mnt_ordenes_trabajo,MOT_00152
ASI_001761,EMP_0001,2025-10-14,MANTENIMIENTO,mnt_ordenes_trabajo,MOT_00153
ASI_001762,EMP_0001,2025-11-03,MANTENIMIENTO,mnt_ordenes_trabajo,MOT_00154
ASI_001763,EMP_0001,2025-12-04,MANTENIMIENTO,mnt_ordenes_trabajo,MOT_00155
ASI_001764,EMP_0001,2023-10-17,MANTENIMIENTO,mnt_ordenes_trabajo,MOT_00156
ASI_001765,EMP_0001,2023-07-08,MANTENIMIENTO,mnt_ordenes_trabajo,MOT_00157
ASI_001766,EMP_0001,2023-09-06,MANTENIMIENTO,mnt_ordenes_trabajo,MOT_00158
ASI_001767,EMP_0001,2023-11-10,MANTENIMIENTO,mnt_ordenes_trabajo,MOT_00159
ASI_001768,EMP_0001,2024-01-07,MANTENIMIENTO,mnt_ordenes_trabajo,MOT_00160
ASI_001769,EMP_0001,2024-03-10,MANTENIMIENTO,mnt_ordenes_trabajo,MOT_00161
ASI_001770,EMP_0001,2024-05-03,MANTENIMIENTO,mnt_ordenes_trabajo,MOT_00162
ASI_001771,EMP_0001,2024-07-03,MANTENIMIENTO,mnt_ordenes_trabajo,MOT_00163
ASI_001772,EMP_0001,2024-09-04,MANTENIMIENTO,mnt_ordenes_trabajo,MOT_00164
ASI_001773,EMP_0001,2024-11-11,MANTENIMIENTO,mnt_ordenes_trabajo,MOT_00165
ASI_001774,EMP_0001,2025-01-04,MANTENIMIENTO,mnt_ordenes_trabajo,MOT_00166
ASI_001775,EMP_0001,2025-03-13,MANTENIMIENTO,mnt_ordenes_trabajo,MOT_00167
ASI_001776,EMP_0001,2025-05-07,MANTENIMIENTO,mnt_ordenes_trabajo,MOT_00168
ASI_001777,EMP_0001,2025-07-05,MANTENIMIENTO,mnt_ordenes_trabajo,MOT_00169
ASI_001778,EMP_0001,2025-09-04,MANTENIMIENTO,mnt_ordenes_trabajo,MOT_00170
ASI_001779,EMP_0001,2025-11-05,MANTENIMIENTO,mnt_ordenes_trabajo,MOT_00171
ASI_001780,EMP_0001,2025-02-01,MANTENIMIENTO,mnt_ordenes_trabajo,MOT_00172
ASI_001781,EMP_0001,2025-07-03,MANTENIMIENTO,mnt_ordenes_trabajo,MOT_00173
ASI_001782,EMP_0001,2025-07-12,MANTENIMIENTO,mnt_ordenes_trabajo,MOT_00174
ASI_001783,EMP_0001,2023-07-04,MANTENIMIENTO,mnt_ordenes_trabajo,MOT_00175
ASI_001784,EMP_0001,2023-08-02,MANTENIMIENTO,mnt_ordenes_trabajo,MOT_00176
ASI_001785,EMP_0001,2023-09-07,MANTENIMIENTO,mnt_ordenes_trabajo,MOT_00177
ASI_001786,EMP_0001,2023-10-13,MANTENIMIENTO,mnt_ordenes_trabajo,MOT_00178
ASI_001787,EMP_0001,2023-11-06,MANTENIMIENTO,mnt_ordenes_trabajo,MOT_00179
ASI_001788,EMP_0001,2023-12-09,MANTENIMIENTO,mnt_ordenes_trabajo,MOT_00180
ASI_001789,EMP_0001,2024-01-14,MANTENIMIENTO,mnt_ordenes_trabajo,MOT_00181
ASI_001790,EMP_0001,2024-02-08,MANTENIMIENTO,mnt_ordenes_trabajo,MOT_00182
ASI_001791,EMP_0001,2024-03-05,MANTENIMIENTO,mnt_ordenes_trabajo,MOT_00183
ASI_001792,EMP_0001,2024-04-14,MANTENIMIENTO,mnt_ordenes_trabajo,MOT_00184
ASI_001793,EMP_0001,2024-05-12,MANTENIMIENTO,mnt_ordenes_trabajo,MOT_00185
ASI_001794,EMP_0001,2024-06-13,MANTENIMIENTO,mnt_ordenes_trabajo,MOT_00186
ASI_001795,EMP_0001,2024-07-11,MANTENIMIENTO,mnt_ordenes_trabajo,MOT_00187
ASI_001796,EMP_0001,2024-08-07,MANTENIMIENTO,mnt_ordenes_trabajo,MOT_00188
ASI_001797,EMP_0001,2024-09-14,MANTENIMIENTO,mnt_ordenes_trabajo,MOT_00189
ASI_001798,EMP_0001,2024-10-11,MANTENIMIENTO,mnt_ordenes_trabajo,MOT_00190
ASI_001799,EMP_0001,2024-11-09,MANTENIMIENTO,mnt_ordenes_trabajo,MOT_00191
ASI_001800,EMP_0001,2024-12-05,MANTENIMIENTO,mnt_ordenes_trabajo,MOT_00192
ASI_001801,EMP_0001,2025-01-08,MANTENIMIENTO,mnt_ordenes_trabajo,MOT_00193
ASI_001802,EMP_0001,2025-02-15,MANTENIMIENTO,mnt_ordenes_trabajo,MOT_00194
ASI_001803,EMP_0001,2025-03-12,MANTENIMIENTO,mnt_ordenes_trabajo,MOT_00195
ASI_001804,EMP_0001,2025-04-09,MANTENIMIENTO,mnt_ordenes_trabajo,MOT_00196
ASI_001805,EMP_0001,2025-05-12,MANTENIMIENTO,mnt_ordenes_trabajo,MOT_00197
ASI_001806,EMP_0001,2025-06-08,MANTENIMIENTO,mnt_ordenes_trabajo,MOT_00198
ASI_001807,EMP_0001,2025-07-08,MANTENIMIENTO,mnt_ordenes_trabajo,MOT_00199
ASI_001808,EMP_0001,2025-08-13,MANTENIMIENTO,mnt_ordenes_trabajo,MOT_00200
ASI_001809,EMP_0001,2025-09-13,MANTENIMIENTO,mnt_ordenes_trabajo,MOT_00201
ASI_001810,EMP_0001,2025-10-13,MANTENIMIENTO,mnt_ordenes_trabajo,MOT_00202
ASI_001811,EMP_0001,2025-11-07,MANTENIMIENTO,mnt_ordenes_trabajo,MOT_00203
ASI_001812,EMP_0001,2025-12-04,MANTENIMIENTO,mnt_ordenes_trabajo,MOT_00204
ASI_001813,EMP_0001,2025-09-02,MANTENIMIENTO,mnt_ordenes_trabajo,MOT_00205
ASI_001814,EMP_0001,2023-07-10,MANTENIMIENTO,mnt_ordenes_trabajo,MOT_00206
ASI_001815,EMP_0001,2023-08-09,MANTENIMIENTO,mnt_ordenes_trabajo,MOT_00207
ASI_001816,EMP_0001,2023-09-14,MANTENIMIENTO,mnt_ordenes_trabajo,MOT_00208
ASI_001817,EMP_0001,2023-10-04,MANTENIMIENTO,mnt_ordenes_trabajo,MOT_00209
ASI_001818,EMP_0001,2023-11-07,MANTENIMIENTO,mnt_ordenes_trabajo,MOT_00210
ASI_001819,EMP_0001,2023-12-11,MANTENIMIENTO,mnt_ordenes_trabajo,MOT_00211
ASI_001820,EMP_0001,2024-01-05,MANTENIMIENTO,mnt_ordenes_trabajo,MOT_00212
ASI_001821,EMP_0001,2024-02-12,MANTENIMIENTO,mnt_ordenes_trabajo,MOT_00213
ASI_001822,EMP_0001,2024-03-04,MANTENIMIENTO,mnt_ordenes_trabajo,MOT_00214
ASI_001823,EMP_0001,2024-04-02,MANTENIMIENTO,mnt_ordenes_trabajo,MOT_00215
ASI_001824,EMP_0001,2024-05-07,MANTENIMIENTO,mnt_ordenes_trabajo,MOT_00216
ASI_001825,EMP_0001,2024-06-04,MANTENIMIENTO,mnt_ordenes_trabajo,MOT_00217
ASI_001826,EMP_0001,2024-07-06,MANTENIMIENTO,mnt_ordenes_trabajo,MOT_00218
ASI_001827,EMP_0001,2024-08-05,MANTENIMIENTO,mnt_ordenes_trabajo,MOT_00219
ASI_001828,EMP_0001,2024-09-07,MANTENIMIENTO,mnt_ordenes_trabajo,MOT_00220
ASI_001829,EMP_0001,2024-10-09,MANTENIMIENTO,mnt_ordenes_trabajo,MOT_00221
ASI_001830,EMP_0001,2024-11-07,MANTENIMIENTO,mnt_ordenes_trabajo,MOT_00222
ASI_001831,EMP_0001,2024-12-09,MANTENIMIENTO,mnt_ordenes_trabajo,MOT_00223
ASI_001832,EMP_0001,2025-01-06,MANTENIMIENTO,mnt_ordenes_trabajo,MOT_00224
ASI_001833,EMP_0001,2025-02-13,MANTENIMIENTO,mnt_ordenes_trabajo,MOT_00225
ASI_001834,EMP_0001,2025-03-06,MANTENIMIENTO,mnt_ordenes_trabajo,MOT_00226
ASI_001835,EMP_0001,2025-04-10,MANTENIMIENTO,mnt_ordenes_trabajo,MOT_00227
ASI_001836,EMP_0001,2025-05-15,MANTENIMIENTO,mnt_ordenes_trabajo,MOT_00228
ASI_001837,EMP_0001,2025-06-10,MANTENIMIENTO,mnt_ordenes_trabajo,MOT_00229
ASI_001838,EMP_0001,2025-07-07,MANTENIMIENTO,mnt_ordenes_trabajo,MOT_00230
ASI_001839,EMP_0001,2025-08-14,MANTENIMIENTO,mnt_ordenes_trabajo,MOT_00231
ASI_001840,EMP_0001,2025-09-15,MANTENIMIENTO,mnt_ordenes_trabajo,MOT_00232
ASI_001841,EMP_0001,2025-10-09,MANTENIMIENTO,mnt_ordenes_trabajo,MOT_00233
ASI_001842,EMP_0001,2025-11-10,MANTENIMIENTO,mnt_ordenes_trabajo,MOT_00234
ASI_001843,EMP_0001,2025-12-06,MANTENIMIENTO,mnt_ordenes_trabajo,MOT_00235
ASI_001844,EMP_0001,2025-01-28,MANTENIMIENTO,mnt_ordenes_trabajo,MOT_00236
ASI_001845,EMP_0001,2025-08-16,MANTENIMIENTO,mnt_ordenes_trabajo,MOT_00237
ASI_001846,EMP_0001,2023-11-19,MANTENIMIENTO,mnt_ordenes_trabajo,MOT_00238
