asiento_det_id,asiento_id,cuenta_contable_id,centro_costo_id,debit_amount,credit_amount,memo
ASD_0000001,ASI_000001,CTA_0004,,13665.7,0.0,Inventario de insumos
ASD_0000002,ASI_000001,CTA_0003,,2869.8,0.0,IVA credito fiscal
ASD_0000003,ASI_000001,CTA_0006,,0.0,16535.5,Cuenta por pagar proveedor
ASD_0000004,ASI_000002,CTA_0004,,5524.83,0.0,Inventario de insumos
ASD_0000005,ASI_000002,CTA_0003,,1160.21,0.0,IVA credito fiscal
ASD_0000006,ASI_000002,CTA_0006,,0.0,6685.04,Cuenta por pagar proveedor
ASD_0000007,ASI_000003,CTA_0004,,2507.9,0.0,Inventario de insumos
ASD_0000008,ASI_000003,CTA_0003,,526.66,0.0,IVA credito fiscal
ASD_0000009,ASI_000003,CTA_0006,,0.0,3034.56,Cuenta por pagar proveedor
ASD_0000010,ASI_000004,CTA_0004,,707.9,0.0,Inventario de insumos
ASD_0000011,ASI_000004,CTA_0003,,148.66,0.0,IVA credito fiscal
ASD_0000012,ASI_000004,CTA_0006,,0.0,856.56,Cuenta por pagar proveedor
ASD_0000013,ASI_000005,CTA_0004,,3175.11,0.0,Inventario de insumos
ASD_0000014,ASI_000005,CTA_0003,,666.77,0.0,IVA credito fiscal
ASD_0000015,ASI_000005,CTA_0006,,0.0,3841.88,Cuenta por pagar proveedor
ASD_0000016,ASI_000006,CTA_0004,,21571.11,0.0,Inventario de insumos
ASD_0000017,ASI_000006,CTA_0003,,4529.93,0.0,IVA credito fiscal
ASD_0000018,ASI_000006,CTA_0006,,0.0,26101.04,Cuenta por pagar proveedor
ASD_0000019,ASI_000007,CTA_0004,,17130.55,0.0,Inventario de insumos
ASD_0000020,ASI_000007,CTA_0003,,3597.42,0.0,IVA credito fiscal
ASD_0000021,ASI_000007,CTA_0006,,0.0,20727.97,Cuenta por pagar proveedor
ASD_0000022,ASI_000008,CTA_0004,,12258.42,0.0,Inventario de insumos
ASD_0000023,ASI_000008,CTA_0003,,2574.27,0.0,IVA credito fiscal
ASD_0000024,ASI_000008,CTA_0006,,0.0,14832.69,Cuenta por pagar proveedor
ASD_0000025,ASI_000009,CTA_0004,,2320.24,0.0,Inventario de insumos
ASD_0000026,ASI_000009,CTA_0003,,487.25,0.0,IVA credito fiscal
ASD_0000027,ASI_000009,CTA_0006,,0.0,2807.49,Cuenta por pagar proveedor
ASD_0000028,ASI_000010,CTA_0004,,4723.15,0.0,Inventario de insumos
ASD_0000029,ASI_000010,CTA_0003,,991.86,0.0,IVA credito fiscal
ASD_0000030,ASI_000010,CTA_0006,,0.0,5715.01,Cuenta por pagar proveedor
ASD_0000031,ASI_000011,CTA_0004,,9552.11,0.0,Inventario de insumos
ASD_0000032,ASI_000011,CTA_0003,,2005.94,0.0,IVA credito fiscal
ASD_0000033,ASI_000011,CTA_0006,,0.0,11558.05,Cuenta por pagar proveedor
ASD_0000034,ASI_000012,CTA_0004,,4015.57,0.0,Inventario de insumos
ASD_0000035,ASI_000012,CTA_0003,,843.27,0.0,IVA credito fiscal
ASD_0000036,ASI_000012,CTA_0006,,0.0,4858.84,Cuenta por pagar proveedor
ASD_0000037,ASI_000013,CTA_0004,,1834.55,0.0,Inventario de insumos
ASD_0000038,ASI_000013,CTA_0003,,385.26,0.0,IVA credito fiscal
ASD_0000039,ASI_000013,CTA_0006,,0.0,2219.81,Cuenta por pagar proveedor
ASD_0000040,ASI_000014,CTA_0004,,542.15,0.0,Inventario de insumos
ASD_0000041,ASI_000014,CTA_0003,,113.85,0.0,IVA credito fiscal
ASD_0000042,ASI_000014,CTA_0006,,0.0,656.0,Cuenta por pagar proveedor
ASD_0000043,ASI_000015,CTA_0004,,2178.49,0.0,Inventario de insumos
ASD_0000044,ASI_000015,CTA_0003,,457.48,0.0,IVA credito fiscal
ASD_0000045,ASI_000015,CTA_0006,,0.0,2635.97,Cuenta por pagar proveedor
ASD_0000046,ASI_000016,CTA_0004,,13553.8,0.0,Inventario de insumos
ASD_0000047,ASI_000016,CTA_0003,,2846.3,0.0,IVA credito fiscal
ASD_0000048,ASI_000016,CTA_0006,,0.0,16400.1,Cuenta por pagar proveedor
ASD_0000049,ASI_000017,CTA_0004,,7009.32,0.0,Inventario de insumos
ASD_0000050,ASI_000017,CTA_0003,,1471.96,0.0,IVA credito fiscal
ASD_0000051,ASI_000017,CTA_0006,,0.0,8481.28,Cuenta por pagar proveedor
ASD_0000052,ASI_000018,CTA_0004,,2776.2,0.0,Inventario de insumos
ASD_0000053,ASI_000018,CTA_0003,,583.0,0.0,IVA credito fiscal
ASD_0000054,ASI_000018,CTA_0006,,0.0,3359.2,Cuenta por pagar proveedor
ASD_0000055,ASI_000019,CTA_0004,,810.66,0.0,Inventario de insumos
ASD_0000056,ASI_000019,CTA_0003,,170.24,0.0,IVA credito fiscal
ASD_0000057,ASI_000019,CTA_0006,,0.0,980.9,Cuenta por pagar proveedor
ASD_0000058,ASI_000020,CTA_0004,,4383.77,0.0,Inventario de insumos
ASD_0000059,ASI_000020,CTA_0003,,920.59,0.0,IVA credito fiscal
ASD_0000060,ASI_000020,CTA_0006,,0.0,5304.36,Cuenta por pagar proveedor
ASD_0000061,ASI_000021,CTA_0004,,12679.18,0.0,Inventario de insumos
ASD_0000062,ASI_000021,CTA_0003,,2662.63,0.0,IVA credito fiscal
ASD_0000063,ASI_000021,CTA_0006,,0.0,15341.81,Cuenta por pagar proveedor
ASD_0000064,ASI_000022,CTA_0004,,13631.97,0.0,Inventario de insumos
ASD_0000065,ASI_000022,CTA_0003,,2862.71,0.0,IVA credito fiscal
ASD_0000066,ASI_000022,CTA_0006,,0.0,16494.68,Cuenta por pagar proveedor
ASD_0000067,ASI_000023,CTA_0004,,7049.76,0.0,Inventario de insumos
ASD_0000068,ASI_000023,CTA_0003,,1480.45,0.0,IVA credito fiscal
ASD_0000069,ASI_000023,CTA_0006,,0.0,8530.21,Cuenta por pagar proveedor
ASD_0000070,ASI_000024,CTA_0004,,1528.67,0.0,Inventario de insumos
ASD_0000071,ASI_000024,CTA_0003,,321.02,0.0,IVA credito fiscal
ASD_0000072,ASI_000024,CTA_0006,,0.0,1849.69,Cuenta por pagar proveedor
ASD_0000073,ASI_000025,CTA_0004,,721.21,0.0,Inventario de insumos
ASD_0000074,ASI_000025,CTA_0003,,151.45,0.0,IVA credito fiscal
ASD_0000075,ASI_000025,CTA_0006,,0.0,872.66,Cuenta por pagar proveedor
ASD_0000076,ASI_000026,CTA_0004,,2963.73,0.0,Inventario de insumos
ASD_0000077,ASI_000026,CTA_0003,,622.38,0.0,IVA credito fiscal
ASD_0000078,ASI_000026,CTA_0006,,0.0,3586.11,Cuenta por pagar proveedor
ASD_0000079,ASI_000027,CTA_0004,,16138.48,0.0,Inventario de insumos
ASD_0000080,ASI_000027,CTA_0003,,3389.08,0.0,IVA credito fiscal
ASD_0000081,ASI_000027,CTA_0006,,0.0,19527.56,Cuenta por pagar proveedor
ASD_0000082,ASI_000028,CTA_0004,,13596.92,0.0,Inventario de insumos
ASD_0000083,ASI_000028,CTA_0003,,2855.35,0.0,IVA credito fiscal
ASD_0000084,ASI_000028,CTA_0006,,0.0,16452.27,Cuenta por pagar proveedor
ASD_0000085,ASI_000029,CTA_0004,,8995.59,0.0,Inventario de insumos
ASD_0000086,ASI_000029,CTA_0003,,1889.07,0.0,IVA credito fiscal
ASD_0000087,ASI_000029,CTA_0006,,0.0,10884.66,Cuenta por pagar proveedor
ASD_0000088,ASI_000030,CTA_0004,,1479.28,0.0,Inventario de insumos
ASD_0000089,ASI_000030,CTA_0003,,310.65,0.0,IVA credito fiscal
ASD_0000090,ASI_000030,CTA_0006,,0.0,1789.93,Cuenta por pagar proveedor
ASD_0000091,ASI_000031,CTA_0004,,3301.64,0.0,Inventario de insumos
ASD_0000092,ASI_000031,CTA_0003,,693.34,0.0,IVA credito fiscal
ASD_0000093,ASI_000031,CTA_0006,,0.0,3994.98,Cuenta por pagar proveedor
ASD_0000094,ASI_000032,CTA_0004,,19261.55,0.0,Inventario de insumos
ASD_0000095,ASI_000032,CTA_0003,,4044.93,0.0,IVA credito fiscal
ASD_0000096,ASI_000032,CTA_0006,,0.0,23306.48,Cuenta por pagar proveedor
ASD_0000097,ASI_000033,CTA_0004,,8763.86,0.0,Inventario de insumos
ASD_0000098,ASI_000033,CTA_0003,,1840.41,0.0,IVA credito fiscal
ASD_0000099,ASI_000033,CTA_0006,,0.0,10604.27,Cuenta por pagar proveedor
ASD_0000100,ASI_000034,CTA_0004,,3772.09,0.0,Inventario de insumos
ASD_0000101,ASI_000034,CTA_0003,,792.14,0.0,IVA credito fiscal
ASD_0000102,ASI_000034,CTA_0006,,0.0,4564.23,Cuenta por pagar proveedor
ASD_0000103,ASI_000035,CTA_0004,,1020.18,0.0,Inventario de insumos
ASD_0000104,ASI_000035,CTA_0003,,214.24,0.0,IVA credito fiscal
ASD_0000105,ASI_000035,CTA_0006,,0.0,1234.42,Cuenta por pagar proveedor
ASD_0000106,ASI_000036,CTA_0004,,6110.1,0.0,Inventario de insumos
ASD_0000107,ASI_000036,CTA_0003,,1283.12,0.0,IVA credito fiscal
ASD_0000108,ASI_000036,CTA_0006,,0.0,7393.22,Cuenta por pagar proveedor
ASD_0000109,ASI_000037,CTA_0004,,12716.62,0.0,Inventario de insumos
ASD_0000110,ASI_000037,CTA_0003,,2670.49,0.0,IVA credito fiscal
ASD_0000111,ASI_000037,CTA_0006,,0.0,15387.11,Cuenta por pagar proveedor
ASD_0000112,ASI_000038,CTA_0004,,5940.01,0.0,Inventario de insumos
ASD_0000113,ASI_000038,CTA_0003,,1247.4,0.0,IVA credito fiscal
ASD_0000114,ASI_000038,CTA_0006,,0.0,7187.41,Cuenta por pagar proveedor
ASD_0000115,ASI_000039,CTA_0004,,2345.73,0.0,Inventario de insumos
ASD_0000116,ASI_000039,CTA_0003,,492.6,0.0,IVA credito fiscal
ASD_0000117,ASI_000039,CTA_0006,,0.0,2838.33,Cuenta por pagar proveedor
ASD_0000118,ASI_000040,CTA_0004,,778.5,0.0,Inventario de insumos
ASD_0000119,ASI_000040,CTA_0003,,163.48,0.0,IVA credito fiscal
ASD_0000120,ASI_000040,CTA_0006,,0.0,941.98,Cuenta por pagar proveedor
ASD_0000121,ASI_000041,CTA_0004,,3481.46,0.0,Inventario de insumos
ASD_0000122,ASI_000041,CTA_0003,,731.11,0.0,IVA credito fiscal
ASD_0000123,ASI_000041,CTA_0006,,0.0,4212.57,Cuenta por pagar proveedor
ASD_0000124,ASI_000042,CTA_0004,,19208.1,0.0,Inventario de insumos
ASD_0000125,ASI_000042,CTA_0003,,4033.7,0.0,IVA credito fiscal
ASD_0000126,ASI_000042,CTA_0006,,0.0,23241.8,Cuenta por pagar proveedor
ASD_0000127,ASI_000043,CTA_0004,,20204.53,0.0,Inventario de insumos
ASD_0000128,ASI_000043,CTA_0003,,4242.95,0.0,IVA credito fiscal
ASD_0000129,ASI_000043,CTA_0006,,0.0,24447.48,Cuenta por pagar proveedor
ASD_0000130,ASI_000044,CTA_0004,,10505.6,0.0,Inventario de insumos
ASD_0000131,ASI_000044,CTA_0003,,2206.18,0.0,IVA credito fiscal
ASD_0000132,ASI_000044,CTA_0006,,0.0,12711.78,Cuenta por pagar proveedor
ASD_0000133,ASI_000045,CTA_0004,,2501.78,0.0,Inventario de insumos
ASD_0000134,ASI_000045,CTA_0003,,525.37,0.0,IVA credito fiscal
ASD_0000135,ASI_000045,CTA_0006,,0.0,3027.15,Cuenta por pagar proveedor
ASD_0000136,ASI_000046,CTA_0004,,1174.56,0.0,Inventario de insumos
ASD_0000137,ASI_000046,CTA_0003,,246.66,0.0,IVA credito fiscal
ASD_0000138,ASI_000046,CTA_0006,,0.0,1421.22,Cuenta por pagar proveedor
ASD_0000139,ASI_000047,CTA_0004,,4332.47,0.0,Inventario de insumos
ASD_0000140,ASI_000047,CTA_0003,,909.82,0.0,IVA credito fiscal
ASD_0000141,ASI_000047,CTA_0006,,0.0,5242.29,Cuenta por pagar proveedor
ASD_0000142,ASI_000048,CTA_0004,,12957.51,0.0,Inventario de insumos
ASD_0000143,ASI_000048,CTA_0003,,2721.08,0.0,IVA credito fiscal
ASD_0000144,ASI_000048,CTA_0006,,0.0,15678.59,Cuenta por pagar proveedor
ASD_0000145,ASI_000049,CTA_0004,,5063.65,0.0,Inventario de insumos
ASD_0000146,ASI_000049,CTA_0003,,1063.37,0.0,IVA credito fiscal
ASD_0000147,ASI_000049,CTA_0006,,0.0,6127.02,Cuenta por pagar proveedor
ASD_0000148,ASI_000050,CTA_0004,,2352.03,0.0,Inventario de insumos
ASD_0000149,ASI_000050,CTA_0003,,493.93,0.0,IVA credito fiscal
ASD_0000150,ASI_000050,CTA_0006,,0.0,2845.96,Cuenta por pagar proveedor
ASD_0000151,ASI_000051,CTA_0004,,749.5,0.0,Inventario de insumos
ASD_0000152,ASI_000051,CTA_0003,,157.39,0.0,IVA credito fiscal
ASD_0000153,ASI_000051,CTA_0006,,0.0,906.89,Cuenta por pagar proveedor
ASD_0000154,ASI_000052,CTA_0004,,3428.47,0.0,Inventario de insumos
ASD_0000155,ASI_000052,CTA_0003,,719.98,0.0,IVA credito fiscal
ASD_0000156,ASI_000052,CTA_0006,,0.0,4148.45,Cuenta por pagar proveedor
ASD_0000157,ASI_000053,CTA_0004,,9549.52,0.0,Inventario de insumos
ASD_0000158,ASI_000053,CTA_0003,,2005.4,0.0,IVA credito fiscal
ASD_0000159,ASI_000053,CTA_0006,,0.0,11554.92,Cuenta por pagar proveedor
ASD_0000160,ASI_000054,CTA_0004,,4961.52,0.0,Inventario de insumos
ASD_0000161,ASI_000054,CTA_0003,,1041.92,0.0,IVA credito fiscal
ASD_0000162,ASI_000054,CTA_0006,,0.0,6003.44,Cuenta por pagar proveedor
ASD_0000163,ASI_000055,CTA_0004,,1756.97,0.0,Inventario de insumos
ASD_0000164,ASI_000055,CTA_0003,,368.96,0.0,IVA credito fiscal
ASD_0000165,ASI_000055,CTA_0006,,0.0,2125.93,Cuenta por pagar proveedor
ASD_0000166,ASI_000056,CTA_0004,,551.6,0.0,Inventario de insumos
ASD_0000167,ASI_000056,CTA_0003,,115.84,0.0,IVA credito fiscal
ASD_0000168,ASI_000056,CTA_0006,,0.0,667.44,Cuenta por pagar proveedor
ASD_0000169,ASI_000057,CTA_0004,,2216.43,0.0,Inventario de insumos
ASD_0000170,ASI_000057,CTA_0003,,465.45,0.0,IVA credito fiscal
ASD_0000171,ASI_000057,CTA_0006,,0.0,2681.88,Cuenta por pagar proveedor
ASD_0000172,ASI_000058,CTA_0004,,11973.2,0.0,Inventario de insumos
ASD_0000173,ASI_000058,CTA_0003,,2514.37,0.0,IVA credito fiscal
ASD_0000174,ASI_000058,CTA_0006,,0.0,14487.57,Cuenta por pagar proveedor
ASD_0000175,ASI_000059,CTA_0004,,6416.2,0.0,Inventario de insumos
ASD_0000176,ASI_000059,CTA_0003,,1347.4,0.0,IVA credito fiscal
ASD_0000177,ASI_000059,CTA_0006,,0.0,7763.6,Cuenta por pagar proveedor
ASD_0000178,ASI_000060,CTA_0004,,2145.8,0.0,Inventario de insumos
ASD_0000179,ASI_000060,CTA_0003,,450.62,0.0,IVA credito fiscal
ASD_0000180,ASI_000060,CTA_0006,,0.0,2596.42,Cuenta por pagar proveedor
ASD_0000181,ASI_000061,CTA_0004,,760.18,0.0,Inventario de insumos
ASD_0000182,ASI_000061,CTA_0003,,159.64,0.0,IVA credito fiscal
ASD_0000183,ASI_000061,CTA_0006,,0.0,919.82,Cuenta por pagar proveedor
ASD_0000184,ASI_000062,CTA_0004,,3174.55,0.0,Inventario de insumos
ASD_0000185,ASI_000062,CTA_0003,,666.66,0.0,IVA credito fiscal
ASD_0000186,ASI_000062,CTA_0006,,0.0,3841.21,Cuenta por pagar proveedor
ASD_0000187,ASI_000063,CTA_0004,,13593.93,0.0,Inventario de insumos
ASD_0000188,ASI_000063,CTA_0003,,2854.73,0.0,IVA credito fiscal
ASD_0000189,ASI_000063,CTA_0006,,0.0,16448.66,Cuenta por pagar proveedor
ASD_0000190,ASI_000064,CTA_0004,,5722.14,0.0,Inventario de insumos
ASD_0000191,ASI_000064,CTA_0003,,1201.65,0.0,IVA credito fiscal
ASD_0000192,ASI_000064,CTA_0006,,0.0,6923.79,Cuenta por pagar proveedor
ASD_0000193,ASI_000065,CTA_0004,,2366.76,0.0,Inventario de insumos
ASD_0000194,ASI_000065,CTA_0003,,497.02,0.0,IVA credito fiscal
ASD_0000195,ASI_000065,CTA_0006,,0.0,2863.78,Cuenta por pagar proveedor
ASD_0000196,ASI_000066,CTA_0004,,700.72,0.0,Inventario de insumos
ASD_0000197,ASI_000066,CTA_0003,,147.15,0.0,IVA credito fiscal
ASD_0000198,ASI_000066,CTA_0006,,0.0,847.87,Cuenta por pagar proveedor
ASD_0000199,ASI_000067,CTA_0004,,3530.96,0.0,Inventario de insumos
ASD_0000200,ASI_000067,CTA_0003,,741.5,0.0,IVA credito fiscal
ASD_0000201,ASI_000067,CTA_0006,,0.0,4272.46,Cuenta por pagar proveedor
ASD_0000202,ASI_000068,CTA_0004,,23885.72,0.0,Inventario de insumos
ASD_0000203,ASI_000068,CTA_0003,,5016.0,0.0,IVA credito fiscal
ASD_0000204,ASI_000068,CTA_0006,,0.0,28901.72,Cuenta por pagar proveedor
ASD_0000205,ASI_000069,CTA_0004,,24824.27,0.0,Inventario de insumos
ASD_0000206,ASI_000069,CTA_0003,,5213.1,0.0,IVA credito fiscal
ASD_0000207,ASI_000069,CTA_0006,,0.0,30037.37,Cuenta por pagar proveedor
ASD_0000208,ASI_000070,CTA_0004,,15532.63,0.0,Inventario de insumos
ASD_0000209,ASI_000070,CTA_0003,,3261.85,0.0,IVA credito fiscal
ASD_0000210,ASI_000070,CTA_0006,,0.0,18794.48,Cuenta por pagar proveedor
ASD_0000211,ASI_000071,CTA_0004,,2882.08,0.0,Inventario de insumos
ASD_0000212,ASI_000071,CTA_0003,,605.24,0.0,IVA credito fiscal
ASD_0000213,ASI_000071,CTA_0006,,0.0,3487.32,Cuenta por pagar proveedor
ASD_0000214,ASI_000072,CTA_0004,,1312.88,0.0,Inventario de insumos
ASD_0000215,ASI_000072,CTA_0003,,275.7,0.0,IVA credito fiscal
ASD_0000216,ASI_000072,CTA_0006,,0.0,1588.58,Cuenta por pagar proveedor
ASD_0000217,ASI_000073,CTA_0004,,5051.85,0.0,Inventario de insumos
ASD_0000218,ASI_000073,CTA_0003,,1060.89,0.0,IVA credito fiscal
ASD_0000219,ASI_000073,CTA_0006,,0.0,6112.74,Cuenta por pagar proveedor
ASD_0000220,ASI_000074,CTA_0004,,10789.3,0.0,Inventario de insumos
ASD_0000221,ASI_000074,CTA_0003,,2265.75,0.0,IVA credito fiscal
ASD_0000222,ASI_000074,CTA_0006,,0.0,13055.05,Cuenta por pagar proveedor
ASD_0000223,ASI_000075,CTA_0004,,11867.57,0.0,Inventario de insumos
ASD_0000224,ASI_000075,CTA_0003,,2492.19,0.0,IVA credito fiscal
ASD_0000225,ASI_000075,CTA_0006,,0.0,14359.76,Cuenta por pagar proveedor
ASD_0000226,ASI_000076,CTA_0004,,7270.75,0.0,Inventario de insumos
ASD_0000227,ASI_000076,CTA_0003,,1526.86,0.0,IVA credito fiscal
ASD_0000228,ASI_000076,CTA_0006,,0.0,8797.61,Cuenta por pagar proveedor
ASD_0000229,ASI_000077,CTA_0004,,1454.07,0.0,Inventario de insumos
ASD_0000230,ASI_000077,CTA_0003,,305.35,0.0,IVA credito fiscal
ASD_0000231,ASI_000077,CTA_0006,,0.0,1759.42,Cuenta por pagar proveedor
ASD_0000232,ASI_000078,CTA_0004,,681.71,0.0,Inventario de insumos
ASD_0000233,ASI_000078,CTA_0003,,143.16,0.0,IVA credito fiscal
ASD_0000234,ASI_000078,CTA_0006,,0.0,824.87,Cuenta por pagar proveedor
ASD_0000235,ASI_000079,CTA_0004,,2414.21,0.0,Inventario de insumos
ASD_0000236,ASI_000079,CTA_0003,,506.98,0.0,IVA credito fiscal
ASD_0000237,ASI_000079,CTA_0006,,0.0,2921.19,Cuenta por pagar proveedor
ASD_0000238,ASI_000080,CTA_0004,,16905.87,0.0,Inventario de insumos
ASD_0000239,ASI_000080,CTA_0003,,3550.23,0.0,IVA credito fiscal
ASD_0000240,ASI_000080,CTA_0006,,0.0,20456.1,Cuenta por pagar proveedor
ASD_0000241,ASI_000081,CTA_0004,,13115.89,0.0,Inventario de insumos
ASD_0000242,ASI_000081,CTA_0003,,2754.34,0.0,IVA credito fiscal
ASD_0000243,ASI_000081,CTA_0006,,0.0,15870.23,Cuenta por pagar proveedor
ASD_0000244,ASI_000082,CTA_0004,,9423.3,0.0,Inventario de insumos
ASD_0000245,ASI_000082,CTA_0003,,1978.89,0.0,IVA credito fiscal
ASD_0000246,ASI_000082,CTA_0006,,0.0,11402.19,Cuenta por pagar proveedor
ASD_0000247,ASI_000083,CTA_0004,,1559.93,0.0,Inventario de insumos
ASD_0000248,ASI_000083,CTA_0003,,327.59,0.0,IVA credito fiscal
ASD_0000249,ASI_000083,CTA_0006,,0.0,1887.52,Cuenta por pagar proveedor
ASD_0000250,ASI_000084,CTA_0004,,4027.19,0.0,Inventario de insumos
ASD_0000251,ASI_000084,CTA_0003,,845.71,0.0,IVA credito fiscal
ASD_0000252,ASI_000084,CTA_0006,,0.0,4872.9,Cuenta por pagar proveedor
ASD_0000253,ASI_000085,CTA_0004,,11471.86,0.0,Inventario de insumos
ASD_0000254,ASI_000085,CTA_0003,,2409.09,0.0,IVA credito fiscal
ASD_0000255,ASI_000085,CTA_0006,,0.0,13880.95,Cuenta por pagar proveedor
ASD_0000256,ASI_000086,CTA_0004,,13883.58,0.0,Inventario de insumos
ASD_0000257,ASI_000086,CTA_0003,,2915.55,0.0,IVA credito fiscal
ASD_0000258,ASI_000086,CTA_0006,,0.0,16799.13,Cuenta por pagar proveedor
ASD_0000259,ASI_000087,CTA_0004,,8534.71,0.0,Inventario de insumos
ASD_0000260,ASI_000087,CTA_0003,,1792.29,0.0,IVA credito fiscal
ASD_0000261,ASI_000087,CTA_0006,,0.0,10327.0,Cuenta por pagar proveedor
ASD_0000262,ASI_000088,CTA_0004,,1461.47,0.0,Inventario de insumos
ASD_0000263,ASI_000088,CTA_0003,,306.91,0.0,IVA credito fiscal
ASD_0000264,ASI_000088,CTA_0006,,0.0,1768.38,Cuenta por pagar proveedor
ASD_0000265,ASI_000089,CTA_0004,,712.03,0.0,Inventario de insumos
ASD_0000266,ASI_000089,CTA_0003,,149.53,0.0,IVA credito fiscal
ASD_0000267,ASI_000089,CTA_0006,,0.0,861.56,Cuenta por pagar proveedor
ASD_0000268,ASI_000090,CTA_0004,,2598.99,0.0,Inventario de insumos
ASD_0000269,ASI_000090,CTA_0003,,545.79,0.0,IVA credito fiscal
ASD_0000270,ASI_000090,CTA_0006,,0.0,3144.78,Cuenta por pagar proveedor
ASD_0000271,ASI_000091,CTA_0004,,19281.87,0.0,Inventario de insumos
ASD_0000272,ASI_000091,CTA_0003,,4049.19,0.0,IVA credito fiscal
ASD_0000273,ASI_000091,CTA_0006,,0.0,23331.06,Cuenta por pagar proveedor
ASD_0000274,ASI_000092,CTA_0004,,19393.05,0.0,Inventario de insumos
ASD_0000275,ASI_000092,CTA_0003,,4072.54,0.0,IVA credito fiscal
ASD_0000276,ASI_000092,CTA_0006,,0.0,23465.59,Cuenta por pagar proveedor
ASD_0000277,ASI_000093,CTA_0004,,12349.96,0.0,Inventario de insumos
ASD_0000278,ASI_000093,CTA_0003,,2593.49,0.0,IVA credito fiscal
ASD_0000279,ASI_000093,CTA_0006,,0.0,14943.45,Cuenta por pagar proveedor
ASD_0000280,ASI_000094,CTA_0004,,2422.71,0.0,Inventario de insumos
ASD_0000281,ASI_000094,CTA_0003,,508.77,0.0,IVA credito fiscal
ASD_0000282,ASI_000094,CTA_0006,,0.0,2931.48,Cuenta por pagar proveedor
ASD_0000283,ASI_000095,CTA_0004,,1128.32,0.0,Inventario de insumos
ASD_0000284,ASI_000095,CTA_0003,,236.95,0.0,IVA credito fiscal
ASD_0000285,ASI_000095,CTA_0006,,0.0,1365.27,Cuenta por pagar proveedor
ASD_0000286,ASI_000096,CTA_0004,,4541.07,0.0,Inventario de insumos
ASD_0000287,ASI_000096,CTA_0003,,953.62,0.0,IVA credito fiscal
ASD_0000288,ASI_000096,CTA_0006,,0.0,5494.69,Cuenta por pagar proveedor
ASD_0000289,ASI_000097,CTA_0004,,17686.25,0.0,Inventario de insumos
ASD_0000290,ASI_000097,CTA_0003,,3714.11,0.0,IVA credito fiscal
ASD_0000291,ASI_000097,CTA_0006,,0.0,21400.36,Cuenta por pagar proveedor
ASD_0000292,ASI_000098,CTA_0004,,9140.89,0.0,Inventario de insumos
ASD_0000293,ASI_000098,CTA_0003,,1919.59,0.0,IVA credito fiscal
ASD_0000294,ASI_000098,CTA_0006,,0.0,11060.48,Cuenta por pagar proveedor
ASD_0000295,ASI_000099,CTA_0004,,3713.87,0.0,Inventario de insumos
ASD_0000296,ASI_000099,CTA_0003,,779.91,0.0,IVA credito fiscal
ASD_0000297,ASI_000099,CTA_0006,,0.0,4493.78,Cuenta por pagar proveedor
ASD_0000298,ASI_000100,CTA_0004,,1193.65,0.0,Inventario de insumos
ASD_0000299,ASI_000100,CTA_0003,,250.67,0.0,IVA credito fiscal
ASD_0000300,ASI_000100,CTA_0006,,0.0,1444.32,Cuenta por pagar proveedor
ASD_0000301,ASI_000101,CTA_0004,,6238.45,0.0,Inventario de insumos
ASD_0000302,ASI_000101,CTA_0003,,1310.07,0.0,IVA credito fiscal
ASD_0000303,ASI_000101,CTA_0006,,0.0,7548.52,Cuenta por pagar proveedor
ASD_0000304,ASI_000102,CTA_0004,,12517.74,0.0,Inventario de insumos
ASD_0000305,ASI_000102,CTA_0003,,2628.73,0.0,IVA credito fiscal
ASD_0000306,ASI_000102,CTA_0006,,0.0,15146.47,Cuenta por pagar proveedor
ASD_0000307,ASI_000103,CTA_0004,,5911.44,0.0,Inventario de insumos
ASD_0000308,ASI_000103,CTA_0003,,1241.4,0.0,IVA credito fiscal
ASD_0000309,ASI_000103,CTA_0006,,0.0,7152.84,Cuenta por pagar proveedor
ASD_0000310,ASI_000104,CTA_0004,,2701.63,0.0,Inventario de insumos
ASD_0000311,ASI_000104,CTA_0003,,567.34,0.0,IVA credito fiscal
ASD_0000312,ASI_000104,CTA_0006,,0.0,3268.97,Cuenta por pagar proveedor
ASD_0000313,ASI_000105,CTA_0004,,703.06,0.0,Inventario de insumos
ASD_0000314,ASI_000105,CTA_0003,,147.64,0.0,IVA credito fiscal
ASD_0000315,ASI_000105,CTA_0006,,0.0,850.7,Cuenta por pagar proveedor
ASD_0000316,ASI_000106,CTA_0004,,3741.0,0.0,Inventario de insumos
ASD_0000317,ASI_000106,CTA_0003,,785.61,0.0,IVA credito fiscal
ASD_0000318,ASI_000106,CTA_0006,,0.0,4526.61,Cuenta por pagar proveedor
ASD_0000319,ASI_000107,CTA_0004,,16678.79,0.0,Inventario de insumos
ASD_0000320,ASI_000107,CTA_0003,,3502.55,0.0,IVA credito fiscal
ASD_0000321,ASI_000107,CTA_0006,,0.0,20181.34,Cuenta por pagar proveedor
ASD_0000322,ASI_000108,CTA_0004,,14644.45,0.0,Inventario de insumos
ASD_0000323,ASI_000108,CTA_0003,,3075.33,0.0,IVA credito fiscal
ASD_0000324,ASI_000108,CTA_0006,,0.0,17719.78,Cuenta por pagar proveedor
ASD_0000325,ASI_000109,CTA_0004,,8973.2,0.0,Inventario de insumos
ASD_0000326,ASI_000109,CTA_0003,,1884.37,0.0,IVA credito fiscal
ASD_0000327,ASI_000109,CTA_0006,,0.0,10857.57,Cuenta por pagar proveedor
ASD_0000328,ASI_000110,CTA_0004,,1694.62,0.0,Inventario de insumos
ASD_0000329,ASI_000110,CTA_0003,,355.87,0.0,IVA credito fiscal
ASD_0000330,ASI_000110,CTA_0006,,0.0,2050.49,Cuenta por pagar proveedor
ASD_0000331,ASI_000111,CTA_0004,,4458.5,0.0,Inventario de insumos
ASD_0000332,ASI_000111,CTA_0003,,936.28,0.0,IVA credito fiscal
ASD_0000333,ASI_000111,CTA_0006,,0.0,5394.78,Cuenta por pagar proveedor
ASD_0000334,ASI_000112,CTA_0004,,14142.63,0.0,Inventario de insumos
ASD_0000335,ASI_000112,CTA_0003,,2969.95,0.0,IVA credito fiscal
ASD_0000336,ASI_000112,CTA_0006,,0.0,17112.58,Cuenta por pagar proveedor
ASD_0000337,ASI_000113,CTA_0004,,14870.99,0.0,Inventario de insumos
ASD_0000338,ASI_000113,CTA_0003,,3122.91,0.0,IVA credito fiscal
ASD_0000339,ASI_000113,CTA_0006,,0.0,17993.9,Cuenta por pagar proveedor
ASD_0000340,ASI_000114,CTA_0004,,8906.92,0.0,Inventario de insumos
ASD_0000341,ASI_000114,CTA_0003,,1870.45,0.0,IVA credito fiscal
ASD_0000342,ASI_000114,CTA_0006,,0.0,10777.37,Cuenta por pagar proveedor
ASD_0000343,ASI_000115,CTA_0004,,1840.25,0.0,Inventario de insumos
ASD_0000344,ASI_000115,CTA_0003,,386.45,0.0,IVA credito fiscal
ASD_0000345,ASI_000115,CTA_0006,,0.0,2226.7,Cuenta por pagar proveedor
ASD_0000346,ASI_000116,CTA_0004,,840.72,0.0,Inventario de insumos
ASD_0000347,ASI_000116,CTA_0003,,176.55,0.0,IVA credito fiscal
ASD_0000348,ASI_000116,CTA_0006,,0.0,1017.27,Cuenta por pagar proveedor
ASD_0000349,ASI_000117,CTA_0004,,2602.63,0.0,Inventario de insumos
ASD_0000350,ASI_000117,CTA_0003,,546.55,0.0,IVA credito fiscal
ASD_0000351,ASI_000117,CTA_0006,,0.0,3149.18,Cuenta por pagar proveedor
ASD_0000352,ASI_000118,CTA_0004,,9712.95,0.0,Inventario de insumos
ASD_0000353,ASI_000118,CTA_0003,,2039.72,0.0,IVA credito fiscal
ASD_0000354,ASI_000118,CTA_0006,,0.0,11752.67,Cuenta por pagar proveedor
ASD_0000355,ASI_000119,CTA_0004,,4420.65,0.0,Inventario de insumos
ASD_0000356,ASI_000119,CTA_0003,,928.34,0.0,IVA credito fiscal
ASD_0000357,ASI_000119,CTA_0006,,0.0,5348.99,Cuenta por pagar proveedor
ASD_0000358,ASI_000120,CTA_0004,,1656.1,0.0,Inventario de insumos
ASD_0000359,ASI_000120,CTA_0003,,347.78,0.0,IVA credito fiscal
ASD_0000360,ASI_000120,CTA_0006,,0.0,2003.88,Cuenta por pagar proveedor
ASD_0000361,ASI_000121,CTA_0004,,558.85,0.0,Inventario de insumos
ASD_0000362,ASI_000121,CTA_0003,,117.36,0.0,IVA credito fiscal
ASD_0000363,ASI_000121,CTA_0006,,0.0,676.21,Cuenta por pagar proveedor
ASD_0000364,ASI_000122,CTA_0004,,2380.93,0.0,Inventario de insumos
ASD_0000365,ASI_000122,CTA_0003,,500.0,0.0,IVA credito fiscal
ASD_0000366,ASI_000122,CTA_0006,,0.0,2880.93,Cuenta por pagar proveedor
ASD_0000367,ASI_000123,CTA_0004,,15921.77,0.0,Inventario de insumos
ASD_0000368,ASI_000123,CTA_0003,,3343.57,0.0,IVA credito fiscal
ASD_0000369,ASI_000123,CTA_0006,,0.0,19265.34,Cuenta por pagar proveedor
ASD_0000370,ASI_000124,CTA_0004,,16811.81,0.0,Inventario de insumos
ASD_0000371,ASI_000124,CTA_0003,,3530.48,0.0,IVA credito fiscal
ASD_0000372,ASI_000124,CTA_0006,,0.0,20342.29,Cuenta por pagar proveedor
ASD_0000373,ASI_000125,CTA_0004,,8913.38,0.0,Inventario de insumos
ASD_0000374,ASI_000125,CTA_0003,,1871.81,0.0,IVA credito fiscal
ASD_0000375,ASI_000125,CTA_0006,,0.0,10785.19,Cuenta por pagar proveedor
ASD_0000376,ASI_000126,CTA_0004,,1713.12,0.0,Inventario de insumos
ASD_0000377,ASI_000126,CTA_0003,,359.76,0.0,IVA credito fiscal
ASD_0000378,ASI_000126,CTA_0006,,0.0,2072.88,Cuenta por pagar proveedor
ASD_0000379,ASI_000127,CTA_0004,,896.51,0.0,Inventario de insumos
ASD_0000380,ASI_000127,CTA_0003,,188.27,0.0,IVA credito fiscal
ASD_0000381,ASI_000127,CTA_0006,,0.0,1084.78,Cuenta por pagar proveedor
ASD_0000382,ASI_000128,CTA_0004,,2877.02,0.0,Inventario de insumos
ASD_0000383,ASI_000128,CTA_0003,,604.17,0.0,IVA credito fiscal
ASD_0000384,ASI_000128,CTA_0006,,0.0,3481.19,Cuenta por pagar proveedor
ASD_0000385,ASI_000129,CTA_0004,,1513.22,0.0,Inventario de insumos
ASD_0000386,ASI_000129,CTA_0003,,317.78,0.0,IVA credito fiscal
ASD_0000387,ASI_000129,CTA_0006,,0.0,1831.0,Cuenta por pagar proveedor
ASD_0000388,ASI_000130,CTA_0004,,1889.53,0.0,Inventario de insumos
ASD_0000389,ASI_000130,CTA_0003,,396.8,0.0,IVA credito fiscal
ASD_0000390,ASI_000130,CTA_0006,,0.0,2286.33,Cuenta por pagar proveedor
ASD_0000391,ASI_000131,CTA_0004,,2593.28,0.0,Inventario de insumos
ASD_0000392,ASI_000131,CTA_0003,,544.59,0.0,IVA credito fiscal
ASD_0000393,ASI_000131,CTA_0006,,0.0,3137.87,Cuenta por pagar proveedor
ASD_0000394,ASI_000132,CTA_0004,,1443.49,0.0,Inventario de insumos
ASD_0000395,ASI_000132,CTA_0003,,303.13,0.0,IVA credito fiscal
ASD_0000396,ASI_000132,CTA_0006,,0.0,1746.62,Cuenta por pagar proveedor
ASD_0000397,ASI_000133,CTA_0004,,1799.8,0.0,Inventario de insumos
ASD_0000398,ASI_000133,CTA_0003,,377.96,0.0,IVA credito fiscal
ASD_0000399,ASI_000133,CTA_0006,,0.0,2177.76,Cuenta por pagar proveedor
ASD_0000400,ASI_000134,CTA_0004,,3032.93,0.0,Inventario de insumos
ASD_0000401,ASI_000134,CTA_0003,,636.92,0.0,IVA credito fiscal
ASD_0000402,ASI_000134,CTA_0006,,0.0,3669.85,Cuenta por pagar proveedor
ASD_0000403,ASI_000135,CTA_0004,,4680.47,0.0,Inventario de insumos
ASD_0000404,ASI_000135,CTA_0003,,982.9,0.0,IVA credito fiscal
ASD_0000405,ASI_000135,CTA_0006,,0.0,5663.37,Cuenta por pagar proveedor
ASD_0000406,ASI_000136,CTA_0013,,924.19,0.0,Servicio de taller devengado
ASD_0000407,ASI_000136,CTA_0003,,194.08,0.0,IVA credito fiscal
ASD_0000408,ASI_000136,CTA_0006,,0.0,1118.27,Cuenta por pagar proveedor
ASD_0000409,ASI_000137,CTA_0004,,4484.52,0.0,Inventario de insumos
ASD_0000410,ASI_000137,CTA_0003,,941.75,0.0,IVA credito fiscal
ASD_0000411,ASI_000137,CTA_0006,,0.0,5426.27,Cuenta por pagar proveedor
ASD_0000412,ASI_000138,CTA_0014,,6402.55,0.0,Servicio logistico devengado
ASD_0000413,ASI_000138,CTA_0003,,1344.54,0.0,IVA credito fiscal
ASD_0000414,ASI_000138,CTA_0006,,0.0,7747.09,Cuenta por pagar proveedor
ASD_0000415,ASI_000139,CTA_0004,,498.03,0.0,Inventario de insumos
ASD_0000416,ASI_000139,CTA_0003,,104.59,0.0,IVA credito fiscal
ASD_0000417,ASI_000139,CTA_0006,,0.0,602.62,Cuenta por pagar proveedor
ASD_0000418,ASI_000140,CTA_0004,,811.0,0.0,Inventario de insumos
ASD_0000419,ASI_000140,CTA_0003,,170.31,0.0,IVA credito fiscal
ASD_0000420,ASI_000140,CTA_0006,,0.0,981.31,Cuenta por pagar proveedor
ASD_0000421,ASI_000141,CTA_0004,,3882.17,0.0,Inventario de insumos
ASD_0000422,ASI_000141,CTA_0003,,815.26,0.0,IVA credito fiscal
ASD_0000423,ASI_000141,CTA_0006,,0.0,4697.43,Cuenta por pagar proveedor
ASD_0000424,ASI_000142,CTA_0013,,1119.12,0.0,Servicio de taller devengado
ASD_0000425,ASI_000142,CTA_0003,,235.02,0.0,IVA credito fiscal
ASD_0000426,ASI_000142,CTA_0006,,0.0,1354.14,Cuenta por pagar proveedor
ASD_0000427,ASI_000143,CTA_0004,,6301.21,0.0,Inventario de insumos
ASD_0000428,ASI_000143,CTA_0003,,1323.25,0.0,IVA credito fiscal
ASD_0000429,ASI_000143,CTA_0006,,0.0,7624.46,Cuenta por pagar proveedor
ASD_0000430,ASI_000144,CTA_0014,,3473.92,0.0,Servicio logistico devengado
ASD_0000431,ASI_000144,CTA_0003,,729.52,0.0,IVA credito fiscal
ASD_0000432,ASI_000144,CTA_0006,,0.0,4203.44,Cuenta por pagar proveedor
ASD_0000433,ASI_000145,CTA_0004,,555.89,0.0,Inventario de insumos
ASD_0000434,ASI_000145,CTA_0003,,116.74,0.0,IVA credito fiscal
ASD_0000435,ASI_000145,CTA_0006,,0.0,672.63,Cuenta por pagar proveedor
ASD_0000436,ASI_000146,CTA_0004,,1033.79,0.0,Inventario de insumos
ASD_0000437,ASI_000146,CTA_0003,,217.1,0.0,IVA credito fiscal
ASD_0000438,ASI_000146,CTA_0006,,0.0,1250.89,Cuenta por pagar proveedor
ASD_0000439,ASI_000147,CTA_0004,,6943.36,0.0,Inventario de insumos
ASD_0000440,ASI_000147,CTA_0003,,1458.11,0.0,IVA credito fiscal
ASD_0000441,ASI_000147,CTA_0006,,0.0,8401.47,Cuenta por pagar proveedor
ASD_0000442,ASI_000148,CTA_0014,,3442.01,0.0,Servicio logistico devengado
ASD_0000443,ASI_000148,CTA_0003,,722.82,0.0,IVA credito fiscal
ASD_0000444,ASI_000148,CTA_0006,,0.0,4164.83,Cuenta por pagar proveedor
ASD_0000445,ASI_000149,CTA_0002,,131136.51,0.0,Cuenta por cobrar cliente
ASD_0000446,ASI_000149,CTA_0010,,0.0,108377.28,Ingreso por venta
ASD_0000447,ASI_000149,CTA_0007,,0.0,22759.23,IVA debito fiscal
ASD_0000448,ASI_000150,CTA_0002,,62147.84,0.0,Cuenta por cobrar cliente
ASD_0000449,ASI_000150,CTA_0010,,0.0,51361.85,Ingreso por venta
ASD_0000450,ASI_000150,CTA_0007,,0.0,10785.99,IVA debito fiscal
ASD_0000451,ASI_000151,CTA_0002,,80903.72,0.0,Cuenta por cobrar cliente
ASD_0000452,ASI_000151,CTA_0010,,0.0,66862.58,Ingreso por venta
ASD_0000453,ASI_000151,CTA_0007,,0.0,14041.14,IVA debito fiscal
ASD_0000454,ASI_000152,CTA_0002,,86158.84,0.0,Cuenta por cobrar cliente
ASD_0000455,ASI_000152,CTA_0010,,0.0,71205.65,Ingreso por venta
ASD_0000456,ASI_000152,CTA_0007,,0.0,14953.19,IVA debito fiscal
ASD_0000457,ASI_000153,CTA_0002,,110117.02,0.0,Cuenta por cobrar cliente
ASD_0000458,ASI_000153,CTA_0010,,0.0,91005.8,Ingreso por venta
ASD_0000459,ASI_000153,CTA_0007,,0.0,19111.22,IVA debito fiscal
ASD_0000460,ASI_000154,CTA_0002,,155870.66,0.0,Cuenta por cobrar cliente
ASD_0000461,ASI_000154,CTA_0010,,0.0,128818.73,Ingreso por venta
ASD_0000462,ASI_000154,CTA_0007,,0.0,27051.93,IVA debito fiscal
ASD_0000463,ASI_000155,CTA_0002,,48729.8,0.0,Cuenta por cobrar cliente
ASD_0000464,ASI_000155,CTA_0010,,0.0,40272.56,Ingreso por venta
ASD_0000465,ASI_000155,CTA_0007,,0.0,8457.24,IVA debito fiscal
ASD_0000466,ASI_000156,CTA_0002,,43331.66,0.0,Cuenta por cobrar cliente
ASD_0000467,ASI_000156,CTA_0010,,0.0,35811.29,Ingreso por venta
ASD_0000468,ASI_000156,CTA_0007,,0.0,7520.37,IVA debito fiscal
ASD_0000469,ASI_000157,CTA_0002,,65307.22,0.0,Cuenta por cobrar cliente
ASD_0000470,ASI_000157,CTA_0010,,0.0,53972.91,Ingreso por venta
ASD_0000471,ASI_000157,CTA_0007,,0.0,11334.31,IVA debito fiscal
ASD_0000472,ASI_000158,CTA_0002,,53754.47,0.0,Cuenta por cobrar cliente
ASD_0000473,ASI_000158,CTA_0010,,0.0,44425.18,Ingreso por venta
ASD_0000474,ASI_000158,CTA_0007,,0.0,9329.29,IVA debito fiscal
ASD_0000475,ASI_000159,CTA_0002,,90140.49,0.0,Cuenta por cobrar cliente
ASD_0000476,ASI_000159,CTA_0010,,0.0,74496.27,Ingreso por venta
ASD_0000477,ASI_000159,CTA_0007,,0.0,15644.22,IVA debito fiscal
ASD_0000478,ASI_000160,CTA_0002,,240866.35,0.0,Cuenta por cobrar cliente
ASD_0000479,ASI_000160,CTA_0010,,0.0,199063.1,Ingreso por venta
ASD_0000480,ASI_000160,CTA_0007,,0.0,41803.25,IVA debito fiscal
ASD_0000481,ASI_000161,CTA_0002,,112275.59,0.0,Cuenta por cobrar cliente
ASD_0000482,ASI_000161,CTA_0010,,0.0,92789.74,Ingreso por venta
ASD_0000483,ASI_000161,CTA_0007,,0.0,19485.85,IVA debito fiscal
ASD_0000484,ASI_000162,CTA_0002,,79886.78,0.0,Cuenta por cobrar cliente
ASD_0000485,ASI_000162,CTA_0010,,0.0,66022.13,Ingreso por venta
ASD_0000486,ASI_000162,CTA_0007,,0.0,13864.65,IVA debito fiscal
ASD_0000487,ASI_000163,CTA_0002,,105664.07,0.0,Cuenta por cobrar cliente
ASD_0000488,ASI_000163,CTA_0010,,0.0,87325.68,Ingreso por venta
ASD_0000489,ASI_000163,CTA_0007,,0.0,18338.39,IVA debito fiscal
ASD_0000490,ASI_000164,CTA_0002,,106073.14,0.0,Cuenta por cobrar cliente
ASD_0000491,ASI_000164,CTA_0010,,0.0,87663.75,Ingreso por venta
ASD_0000492,ASI_000164,CTA_0007,,0.0,18409.39,IVA debito fiscal
ASD_0000493,ASI_000165,CTA_0002,,145539.39,0.0,Cuenta por cobrar cliente
ASD_0000494,ASI_000165,CTA_0010,,0.0,120280.49,Ingreso por venta
ASD_0000495,ASI_000165,CTA_0007,,0.0,25258.9,IVA debito fiscal
ASD_0000496,ASI_000166,CTA_0002,,35024.48,0.0,Cuenta por cobrar cliente
ASD_0000497,ASI_000166,CTA_0010,,0.0,28945.85,Ingreso por venta
ASD_0000498,ASI_000166,CTA_0007,,0.0,6078.63,IVA debito fiscal
ASD_0000499,ASI_000167,CTA_0002,,66896.86,0.0,Cuenta por cobrar cliente
ASD_0000500,ASI_000167,CTA_0010,,0.0,55286.66,Ingreso por venta
ASD_0000501,ASI_000167,CTA_0007,,0.0,11610.2,IVA debito fiscal
ASD_0000502,ASI_000168,CTA_0002,,34207.41,0.0,Cuenta por cobrar cliente
ASD_0000503,ASI_000168,CTA_0010,,0.0,28270.59,Ingreso por venta
ASD_0000504,ASI_000168,CTA_0007,,0.0,5936.82,IVA debito fiscal
ASD_0000505,ASI_000169,CTA_0002,,41196.99,0.0,Cuenta por cobrar cliente
ASD_0000506,ASI_000169,CTA_0010,,0.0,34047.1,Ingreso por venta
ASD_0000507,ASI_000169,CTA_0007,,0.0,7149.89,IVA debito fiscal
ASD_0000508,ASI_000170,CTA_0002,,45860.21,0.0,Cuenta por cobrar cliente
ASD_0000509,ASI_000170,CTA_0010,,0.0,37901.0,Ingreso por venta
ASD_0000510,ASI_000170,CTA_0007,,0.0,7959.21,IVA debito fiscal
ASD_0000511,ASI_000171,CTA_0002,,169175.35,0.0,Cuenta por cobrar cliente
ASD_0000512,ASI_000171,CTA_0010,,0.0,139814.34,Ingreso por venta
ASD_0000513,ASI_000171,CTA_0007,,0.0,29361.01,IVA debito fiscal
ASD_0000514,ASI_000172,CTA_0002,,142655.82,0.0,Cuenta por cobrar cliente
ASD_0000515,ASI_000172,CTA_0010,,0.0,117897.37,Ingreso por venta
ASD_0000516,ASI_000172,CTA_0007,,0.0,24758.45,IVA debito fiscal
ASD_0000517,ASI_000173,CTA_0002,,142961.77,0.0,Cuenta por cobrar cliente
ASD_0000518,ASI_000173,CTA_0010,,0.0,118150.22,Ingreso por venta
ASD_0000519,ASI_000173,CTA_0007,,0.0,24811.55,IVA debito fiscal
ASD_0000520,ASI_000174,CTA_0002,,98946.62,0.0,Cuenta por cobrar cliente
ASD_0000521,ASI_000174,CTA_0010,,0.0,81774.07,Ingreso por venta
ASD_0000522,ASI_000174,CTA_0007,,0.0,17172.55,IVA debito fiscal
ASD_0000523,ASI_000175,CTA_0002,,57333.43,0.0,Cuenta por cobrar cliente
ASD_0000524,ASI_000175,CTA_0010,,0.0,47383.0,Ingreso por venta
ASD_0000525,ASI_000175,CTA_0007,,0.0,9950.43,IVA debito fiscal
ASD_0000526,ASI_000176,CTA_0002,,129766.6,0.0,Cuenta por cobrar cliente
ASD_0000527,ASI_000176,CTA_0010,,0.0,107245.12,Ingreso por venta
ASD_0000528,ASI_000176,CTA_0007,,0.0,22521.48,IVA debito fiscal
ASD_0000529,ASI_000177,CTA_0002,,156710.77,0.0,Cuenta por cobrar cliente
ASD_0000530,ASI_000177,CTA_0010,,0.0,129513.03,Ingreso por venta
ASD_0000531,ASI_000177,CTA_0007,,0.0,27197.74,IVA debito fiscal
ASD_0000532,ASI_000178,CTA_0002,,74791.85,0.0,Cuenta por cobrar cliente
ASD_0000533,ASI_000178,CTA_0010,,0.0,61811.45,Ingreso por venta
ASD_0000534,ASI_000178,CTA_0007,,0.0,12980.4,IVA debito fiscal
ASD_0000535,ASI_000179,CTA_0002,,49954.52,0.0,Cuenta por cobrar cliente
ASD_0000536,ASI_000179,CTA_0010,,0.0,41284.73,Ingreso por venta
ASD_0000537,ASI_000179,CTA_0007,,0.0,8669.79,IVA debito fiscal
ASD_0000538,ASI_000180,CTA_0002,,62875.35,0.0,Cuenta por cobrar cliente
ASD_0000539,ASI_000180,CTA_0010,,0.0,51963.1,Ingreso por venta
ASD_0000540,ASI_000180,CTA_0007,,0.0,10912.25,IVA debito fiscal
ASD_0000541,ASI_000181,CTA_0002,,135608.02,0.0,Cuenta por cobrar cliente
ASD_0000542,ASI_000181,CTA_0010,,0.0,112072.74,Ingreso por venta
ASD_0000543,ASI_000181,CTA_0007,,0.0,23535.28,IVA debito fiscal
ASD_0000544,ASI_000182,CTA_0002,,210391.81,0.0,Cuenta por cobrar cliente
ASD_0000545,ASI_000182,CTA_0010,,0.0,173877.53,Ingreso por venta
ASD_0000546,ASI_000182,CTA_0007,,0.0,36514.28,IVA debito fiscal
ASD_0000547,ASI_000183,CTA_0002,,72146.17,0.0,Cuenta por cobrar cliente
ASD_0000548,ASI_000183,CTA_0010,,0.0,59624.93,Ingreso por venta
ASD_0000549,ASI_000183,CTA_0007,,0.0,12521.24,IVA debito fiscal
ASD_0000550,ASI_000184,CTA_0002,,173971.56,0.0,Cuenta por cobrar cliente
ASD_0000551,ASI_000184,CTA_0010,,0.0,143778.15,Ingreso por venta
ASD_0000552,ASI_000184,CTA_0007,,0.0,30193.41,IVA debito fiscal
ASD_0000553,ASI_000185,CTA_0002,,53778.44,0.0,Cuenta por cobrar cliente
ASD_0000554,ASI_000185,CTA_0010,,0.0,44444.99,Ingreso por venta
ASD_0000555,ASI_000185,CTA_0007,,0.0,9333.45,IVA debito fiscal
ASD_0000556,ASI_000186,CTA_0002,,90300.94,0.0,Cuenta por cobrar cliente
ASD_0000557,ASI_000186,CTA_0010,,0.0,74628.88,Ingreso por venta
ASD_0000558,ASI_000186,CTA_0007,,0.0,15672.06,IVA debito fiscal
ASD_0000559,ASI_000187,CTA_0002,,152993.63,0.0,Cuenta por cobrar cliente
ASD_0000560,ASI_000187,CTA_0010,,0.0,126441.02,Ingreso por venta
ASD_0000561,ASI_000187,CTA_0007,,0.0,26552.61,IVA debito fiscal
ASD_0000562,ASI_000188,CTA_0002,,63552.62,0.0,Cuenta por cobrar cliente
ASD_0000563,ASI_000188,CTA_0010,,0.0,52522.83,Ingreso por venta
ASD_0000564,ASI_000188,CTA_0007,,0.0,11029.79,IVA debito fiscal
ASD_0000565,ASI_000189,CTA_0002,,99003.8,0.0,Cuenta por cobrar cliente
ASD_0000566,ASI_000189,CTA_0010,,0.0,81821.32,Ingreso por venta
ASD_0000567,ASI_000189,CTA_0007,,0.0,17182.48,IVA debito fiscal
ASD_0000568,ASI_000190,CTA_0002,,72429.61,0.0,Cuenta por cobrar cliente
ASD_0000569,ASI_000190,CTA_0010,,0.0,59859.18,Ingreso por venta
ASD_0000570,ASI_000190,CTA_0007,,0.0,12570.43,IVA debito fiscal
ASD_0000571,ASI_000191,CTA_0002,,107283.55,0.0,Cuenta por cobrar cliente
ASD_0000572,ASI_000191,CTA_0010,,0.0,88664.09,Ingreso por venta
ASD_0000573,ASI_000191,CTA_0007,,0.0,18619.46,IVA debito fiscal
ASD_0000574,ASI_000192,CTA_0002,,83714.9,0.0,Cuenta por cobrar cliente
ASD_0000575,ASI_000192,CTA_0010,,0.0,69185.87,Ingreso por venta
ASD_0000576,ASI_000192,CTA_0007,,0.0,14529.03,IVA debito fiscal
ASD_0000577,ASI_000193,CTA_0002,,105728.47,0.0,Cuenta por cobrar cliente
ASD_0000578,ASI_000193,CTA_0010,,0.0,87378.9,Ingreso por venta
ASD_0000579,ASI_000193,CTA_0007,,0.0,18349.57,IVA debito fiscal
ASD_0000580,ASI_000194,CTA_0002,,42906.53,0.0,Cuenta por cobrar cliente
ASD_0000581,ASI_000194,CTA_0010,,0.0,35459.94,Ingreso por venta
ASD_0000582,ASI_000194,CTA_0007,,0.0,7446.59,IVA debito fiscal
ASD_0000583,ASI_000195,CTA_0011,,29749.55,0.0,Costo de venta
ASD_0000584,ASI_000195,CTA_0005,,0.0,29749.55,Salida de inventario de granos
ASD_0000585,ASI_000196,CTA_0011,,18427.53,0.0,Costo de venta
ASD_0000586,ASI_000196,CTA_0005,,0.0,18427.53,Salida de inventario de granos
ASD_0000587,ASI_000197,CTA_0011,,23279.06,0.0,Costo de venta
ASD_0000588,ASI_000197,CTA_0005,,0.0,23279.06,Salida de inventario de granos
ASD_0000589,ASI_000198,CTA_0011,,27531.7,0.0,Costo de venta
ASD_0000590,ASI_000198,CTA_0005,,0.0,27531.7,Salida de inventario de granos
ASD_0000591,ASI_000199,CTA_0011,,25881.29,0.0,Costo de venta
ASD_0000592,ASI_000199,CTA_0005,,0.0,25881.29,Salida de inventario de granos
ASD_0000593,ASI_000200,CTA_0011,,41130.43,0.0,Costo de venta
ASD_0000594,ASI_000200,CTA_0005,,0.0,41130.43,Salida de inventario de granos
ASD_0000595,ASI_000201,CTA_0011,,11662.92,0.0,Costo de venta
ASD_0000596,ASI_000201,CTA_0005,,0.0,11662.92,Salida de inventario de granos
ASD_0000597,ASI_000202,CTA_0011,,10046.29,0.0,Costo de venta
ASD_0000598,ASI_000202,CTA_0005,,0.0,10046.29,Salida de inventario de granos
ASD_0000599,ASI_000203,CTA_0011,,15656.5,0.0,Costo de venta
ASD_0000600,ASI_000203,CTA_0005,,0.0,15656.5,Salida de inventario de granos
ASD_0000601,ASI_000204,CTA_0011,,19182.15,0.0,Costo de venta
ASD_0000602,ASI_000204,CTA_0005,,0.0,19182.15,Salida de inventario de granos
ASD_0000603,ASI_000205,CTA_0011,,34293.47,0.0,Costo de venta
ASD_0000604,ASI_000205,CTA_0005,,0.0,34293.47,Salida de inventario de granos
ASD_0000605,ASI_000206,CTA_0011,,48206.3,0.0,Costo de venta
ASD_0000606,ASI_000206,CTA_0005,,0.0,48206.3,Salida de inventario de granos
ASD_0000607,ASI_000207,CTA_0011,,30625.47,0.0,Costo de venta
ASD_0000608,ASI_000207,CTA_0005,,0.0,30625.47,Salida de inventario de granos
ASD_0000609,ASI_000208,CTA_0011,,20971.53,0.0,Costo de venta
ASD_0000610,ASI_000208,CTA_0005,,0.0,20971.53,Salida de inventario de granos
ASD_0000611,ASI_000209,CTA_0011,,25658.36,0.0,Costo de venta
ASD_0000612,ASI_000209,CTA_0005,,0.0,25658.36,Salida de inventario de granos
ASD_0000613,ASI_000210,CTA_0011,,23916.39,0.0,Costo de venta
ASD_0000614,ASI_000210,CTA_0005,,0.0,23916.39,Salida de inventario de granos
ASD_0000615,ASI_000211,CTA_0011,,34344.3,0.0,Costo de venta
ASD_0000616,ASI_000211,CTA_0005,,0.0,34344.3,Salida de inventario de granos
ASD_0000617,ASI_000212,CTA_0011,,8513.75,0.0,Costo de venta
ASD_0000618,ASI_000212,CTA_0005,,0.0,8513.75,Salida de inventario de granos
ASD_0000619,ASI_000213,CTA_0011,,15260.94,0.0,Costo de venta
ASD_0000620,ASI_000213,CTA_0005,,0.0,15260.94,Salida de inventario de granos
ASD_0000621,ASI_000214,CTA_0011,,8805.42,0.0,Costo de venta
ASD_0000622,ASI_000214,CTA_0005,,0.0,8805.42,Salida de inventario de granos
ASD_0000623,ASI_000215,CTA_0011,,10329.22,0.0,Costo de venta
ASD_0000624,ASI_000215,CTA_0005,,0.0,10329.22,Salida de inventario de granos
ASD_0000625,ASI_000216,CTA_0011,,11484.77,0.0,Costo de venta
ASD_0000626,ASI_000216,CTA_0005,,0.0,11484.77,Salida de inventario de granos
ASD_0000627,ASI_000217,CTA_0011,,34118.16,0.0,Costo de venta
ASD_0000628,ASI_000217,CTA_0005,,0.0,34118.16,Salida de inventario de granos
ASD_0000629,ASI_000218,CTA_0011,,27055.52,0.0,Costo de venta
ASD_0000630,ASI_000218,CTA_0005,,0.0,27055.52,Salida de inventario de granos
ASD_0000631,ASI_000219,CTA_0011,,26811.79,0.0,Costo de venta
ASD_0000632,ASI_000219,CTA_0005,,0.0,26811.79,Salida de inventario de granos
ASD_0000633,ASI_000220,CTA_0011,,17400.06,0.0,Costo de venta
ASD_0000634,ASI_000220,CTA_0005,,0.0,17400.06,Salida de inventario de granos
ASD_0000635,ASI_000221,CTA_0011,,13200.6,0.0,Costo de venta
ASD_0000636,ASI_000221,CTA_0005,,0.0,13200.6,Salida de inventario de granos
ASD_0000637,ASI_000222,CTA_0011,,25403.88,0.0,Costo de venta
ASD_0000638,ASI_000222,CTA_0005,,0.0,25403.88,Salida de inventario de granos
ASD_0000639,ASI_000223,CTA_0011,,46240.7,0.0,Costo de venta
ASD_0000640,ASI_000223,CTA_0005,,0.0,46240.7,Salida de inventario de granos
ASD_0000641,ASI_000224,CTA_0011,,17198.62,0.0,Costo de venta
ASD_0000642,ASI_000224,CTA_0005,,0.0,17198.62,Salida de inventario de granos
ASD_0000643,ASI_000225,CTA_0011,,11953.85,0.0,Costo de venta
ASD_0000644,ASI_000225,CTA_0005,,0.0,11953.85,Salida de inventario de granos
ASD_0000645,ASI_000226,CTA_0011,,13618.0,0.0,Costo de venta
ASD_0000646,ASI_000226,CTA_0005,,0.0,13618.0,Salida de inventario de granos
ASD_0000647,ASI_000227,CTA_0011,,28185.3,0.0,Costo de venta
ASD_0000648,ASI_000227,CTA_0005,,0.0,28185.3,Salida de inventario de granos
ASD_0000649,ASI_000228,CTA_0011,,40057.59,0.0,Costo de venta
ASD_0000650,ASI_000228,CTA_0005,,0.0,40057.59,Salida de inventario de granos
ASD_0000651,ASI_000229,CTA_0011,,14391.38,0.0,Costo de venta
ASD_0000652,ASI_000229,CTA_0005,,0.0,14391.38,Salida de inventario de granos
ASD_0000653,ASI_000230,CTA_0011,,31620.72,0.0,Costo de venta
ASD_0000654,ASI_000230,CTA_0005,,0.0,31620.72,Salida de inventario de granos
ASD_0000655,ASI_000231,CTA_0011,,13925.62,0.0,Costo de venta
ASD_0000656,ASI_000231,CTA_0005,,0.0,13925.62,Salida de inventario de granos
ASD_0000657,ASI_000232,CTA_0011,,22856.8,0.0,Costo de venta
ASD_0000658,ASI_000232,CTA_0005,,0.0,22856.8,Salida de inventario de granos
ASD_0000659,ASI_000233,CTA_0011,,44691.86,0.0,Costo de venta
ASD_0000660,ASI_000233,CTA_0005,,0.0,44691.86,Salida de inventario de granos
ASD_0000661,ASI_000234,CTA_0011,,13376.26,0.0,Costo de venta
ASD_0000662,ASI_000234,CTA_0005,,0.0,13376.26,Salida de inventario de granos
ASD_0000663,ASI_000235,CTA_0011,,20900.03,0.0,Costo de venta
ASD_0000664,ASI_000235,CTA_0005,,0.0,20900.03,Salida de inventario de granos
ASD_0000665,ASI_000236,CTA_0011,,14948.86,0.0,Costo de venta
ASD_0000666,ASI_000236,CTA_0005,,0.0,14948.86,Salida de inventario de granos
ASD_0000667,ASI_000237,CTA_0011,,24352.28,0.0,Costo de venta
ASD_0000668,ASI_000237,CTA_0005,,0.0,24352.28,Salida de inventario de granos
ASD_0000669,ASI_000238,CTA_0011,,20141.02,0.0,Costo de venta
ASD_0000670,ASI_000238,CTA_0005,,0.0,20141.02,Salida de inventario de granos
ASD_0000671,ASI_000239,CTA_0011,,22560.26,0.0,Costo de venta
ASD_0000672,ASI_000239,CTA_0005,,0.0,22560.26,Salida de inventario de granos
ASD_0000673,ASI_000240,CTA_0011,,9441.94,0.0,Costo de venta
ASD_0000674,ASI_000240,CTA_0005,,0.0,9441.94,Salida de inventario de granos
ASD_0000675,ASI_000241,CTA_0001,,131136.51,0.0,Ingreso a bancos
ASD_0000676,ASI_000241,CTA_0002,,0.0,131136.51,Cancelacion cuenta por cobrar
ASD_0000677,ASI_000242,CTA_0001,,62147.84,0.0,Ingreso a bancos
ASD_0000678,ASI_000242,CTA_0002,,0.0,62147.84,Cancelacion cuenta por cobrar
ASD_0000679,ASI_000243,CTA_0001,,80903.72,0.0,Ingreso a bancos
ASD_0000680,ASI_000243,CTA_0002,,0.0,80903.72,Cancelacion cuenta por cobrar
ASD_0000681,ASI_000244,CTA_0001,,86158.84,0.0,Ingreso a bancos
ASD_0000682,ASI_000244,CTA_0002,,0.0,86158.84,Cancelacion cuenta por cobrar
ASD_0000683,ASI_000245,CTA_0001,,110117.02,0.0,Ingreso a bancos
ASD_0000684,ASI_000245,CTA_0002,,0.0,110117.02,Cancelacion cuenta por cobrar
ASD_0000685,ASI_000246,CTA_0001,,155870.66,0.0,Ingreso a bancos
ASD_0000686,ASI_000246,CTA_0002,,0.0,155870.66,Cancelacion cuenta por cobrar
ASD_0000687,ASI_000247,CTA_0001,,48729.8,0.0,Ingreso a bancos
ASD_0000688,ASI_000247,CTA_0002,,0.0,48729.8,Cancelacion cuenta por cobrar
ASD_0000689,ASI_000248,CTA_0001,,43331.66,0.0,Ingreso a bancos
ASD_0000690,ASI_000248,CTA_0002,,0.0,43331.66,Cancelacion cuenta por cobrar
ASD_0000691,ASI_000249,CTA_0001,,65307.22,0.0,Ingreso a bancos
ASD_0000692,ASI_000249,CTA_0002,,0.0,65307.22,Cancelacion cuenta por cobrar
ASD_0000693,ASI_000250,CTA_0001,,53754.47,0.0,Ingreso a bancos
ASD_0000694,ASI_000250,CTA_0002,,0.0,53754.47,Cancelacion cuenta por cobrar
ASD_0000695,ASI_000251,CTA_0001,,90140.49,0.0,Ingreso a bancos
ASD_0000696,ASI_000251,CTA_0002,,0.0,90140.49,Cancelacion cuenta por cobrar
ASD_0000697,ASI_000252,CTA_0001,,240866.35,0.0,Ingreso a bancos
ASD_0000698,ASI_000252,CTA_0002,,0.0,240866.35,Cancelacion cuenta por cobrar
ASD_0000699,ASI_000253,CTA_0001,,112275.59,0.0,Ingreso a bancos
ASD_0000700,ASI_000253,CTA_0002,,0.0,112275.59,Cancelacion cuenta por cobrar
ASD_0000701,ASI_000254,CTA_0001,,78289.04,0.0,Ingreso a bancos
ASD_0000702,ASI_000254,CTA_0002,,0.0,78289.04,Cancelacion cuenta por cobrar
ASD_0000703,ASI_000255,CTA_0001,,105664.07,0.0,Ingreso a bancos
ASD_0000704,ASI_000255,CTA_0002,,0.0,105664.07,Cancelacion cuenta por cobrar
ASD_0000705,ASI_000256,CTA_0001,,106073.14,0.0,Ingreso a bancos
ASD_0000706,ASI_000256,CTA_0002,,0.0,106073.14,Cancelacion cuenta por cobrar
ASD_0000707,ASI_000257,CTA_0001,,138262.42,0.0,Ingreso a bancos
ASD_0000708,ASI_000257,CTA_0002,,0.0,138262.42,Cancelacion cuenta por cobrar
ASD_0000709,ASI_000258,CTA_0001,,35024.48,0.0,Ingreso a bancos
ASD_0000710,ASI_000258,CTA_0002,,0.0,35024.48,Cancelacion cuenta por cobrar
ASD_0000711,ASI_000259,CTA_0001,,66896.86,0.0,Ingreso a bancos
ASD_0000712,ASI_000259,CTA_0002,,0.0,66896.86,Cancelacion cuenta por cobrar
ASD_0000713,ASI_000260,CTA_0001,,34207.41,0.0,Ingreso a bancos
ASD_0000714,ASI_000260,CTA_0002,,0.0,34207.41,Cancelacion cuenta por cobrar
ASD_0000715,ASI_000261,CTA_0001,,41196.99,0.0,Ingreso a bancos
ASD_0000716,ASI_000261,CTA_0002,,0.0,41196.99,Cancelacion cuenta por cobrar
ASD_0000717,ASI_000262,CTA_0001,,44484.4,0.0,Ingreso a bancos
ASD_0000718,ASI_000262,CTA_0002,,0.0,44484.4,Cancelacion cuenta por cobrar
ASD_0000719,ASI_000263,CTA_0001,,84587.68,0.0,Ingreso a bancos
ASD_0000720,ASI_000263,CTA_0002,,0.0,84587.68,Cancelacion cuenta por cobrar
ASD_0000721,ASI_000264,CTA_0001,,142655.82,0.0,Ingreso a bancos
ASD_0000722,ASI_000264,CTA_0002,,0.0,142655.82,Cancelacion cuenta por cobrar
ASD_0000723,ASI_000265,CTA_0001,,117228.65,0.0,Ingreso a bancos
ASD_0000724,ASI_000265,CTA_0002,,0.0,117228.65,Cancelacion cuenta por cobrar
ASD_0000725,ASI_000266,CTA_0001,,81136.23,0.0,Ingreso a bancos
ASD_0000726,ASI_000266,CTA_0002,,0.0,81136.23,Cancelacion cuenta por cobrar
ASD_0000727,ASI_000267,CTA_0001,,55613.43,0.0,Ingreso a bancos
ASD_0000728,ASI_000267,CTA_0002,,0.0,55613.43,Cancelacion cuenta por cobrar
ASD_0000729,ASI_000268,CTA_0001,,106408.61,0.0,Ingreso a bancos
ASD_0000730,ASI_000268,CTA_0002,,0.0,106408.61,Cancelacion cuenta por cobrar
ASD_0000731,ASI_000269,CTA_0001,,156710.77,0.0,Ingreso a bancos
ASD_0000732,ASI_000269,CTA_0002,,0.0,156710.77,Cancelacion cuenta por cobrar
ASD_0000733,ASI_000270,CTA_0001,,69556.42,0.0,Ingreso a bancos
ASD_0000734,ASI_000270,CTA_0002,,0.0,69556.42,Cancelacion cuenta por cobrar
ASD_0000735,ASI_000271,CTA_0001,,40962.71,0.0,Ingreso a bancos
ASD_0000736,ASI_000271,CTA_0002,,0.0,40962.71,Cancelacion cuenta por cobrar
ASD_0000737,ASI_000272,CTA_0001,,51557.79,0.0,Ingreso a bancos
ASD_0000738,ASI_000272,CTA_0002,,0.0,51557.79,Cancelacion cuenta por cobrar
ASD_0000739,ASI_000273,CTA_0001,,135608.02,0.0,Ingreso a bancos
ASD_0000740,ASI_000273,CTA_0002,,0.0,135608.02,Cancelacion cuenta por cobrar
ASD_0000741,ASI_000274,CTA_0001,,147274.27,0.0,Ingreso a bancos
ASD_0000742,ASI_000274,CTA_0002,,0.0,147274.27,Cancelacion cuenta por cobrar
ASD_0000743,ASI_000275,CTA_0001,,67095.94,0.0,Ingreso a bancos
ASD_0000744,ASI_000275,CTA_0002,,0.0,67095.94,Cancelacion cuenta por cobrar
ASD_0000745,ASI_000276,CTA_0001,,86985.78,0.0,Ingreso a bancos
ASD_0000746,ASI_000276,CTA_0002,,0.0,86985.78,Cancelacion cuenta por cobrar
ASD_0000747,ASI_000277,CTA_0001,,37644.91,0.0,Ingreso a bancos
ASD_0000748,ASI_000277,CTA_0002,,0.0,37644.91,Cancelacion cuenta por cobrar
ASD_0000749,ASI_000278,CTA_0001,,74046.77,0.0,Ingreso a bancos
ASD_0000750,ASI_000278,CTA_0002,,0.0,74046.77,Cancelacion cuenta por cobrar
ASD_0000751,ASI_000279,CTA_0001,,152993.63,0.0,Ingreso a bancos
ASD_0000752,ASI_000279,CTA_0002,,0.0,152993.63,Cancelacion cuenta por cobrar
ASD_0000753,ASI_000280,CTA_0001,,63552.62,0.0,Ingreso a bancos
ASD_0000754,ASI_000280,CTA_0002,,0.0,63552.62,Cancelacion cuenta por cobrar
ASD_0000755,ASI_000281,CTA_0001,,81183.12,0.0,Ingreso a bancos
ASD_0000756,ASI_000281,CTA_0002,,0.0,81183.12,Cancelacion cuenta por cobrar
ASD_0000757,ASI_000282,CTA_0001,,59392.28,0.0,Ingreso a bancos
ASD_0000758,ASI_000282,CTA_0002,,0.0,59392.28,Cancelacion cuenta por cobrar
ASD_0000759,ASI_000283,CTA_0001,,75098.49,0.0,Ingreso a bancos
ASD_0000760,ASI_000283,CTA_0002,,0.0,75098.49,Cancelacion cuenta por cobrar
ASD_0000761,ASI_000284,CTA_0001,,83714.9,0.0,Ingreso a bancos
ASD_0000762,ASI_000284,CTA_0002,,0.0,83714.9,Cancelacion cuenta por cobrar
ASD_0000763,ASI_000285,CTA_0001,,74009.93,0.0,Ingreso a bancos
ASD_0000764,ASI_000285,CTA_0002,,0.0,74009.93,Cancelacion cuenta por cobrar
ASD_0000765,ASI_000286,CTA_0001,,30034.57,0.0,Ingreso a bancos
ASD_0000766,ASI_000286,CTA_0002,,0.0,30034.57,Cancelacion cuenta por cobrar
ASD_0000767,ASI_000287,CTA_0006,,16535.5,0.0,Cancelacion cuenta por pagar
ASD_0000768,ASI_000287,CTA_0001,,0.0,16535.5,Salida de bancos
ASD_0000769,ASI_000288,CTA_0006,,6685.04,0.0,Cancelacion cuenta por pagar
ASD_0000770,ASI_000288,CTA_0001,,0.0,6685.04,Salida de bancos
ASD_0000771,ASI_000289,CTA_0006,,3034.56,0.0,Cancelacion cuenta por pagar
ASD_0000772,ASI_000289,CTA_0001,,0.0,3034.56,Salida de bancos
ASD_0000773,ASI_000290,CTA_0006,,830.86,0.0,Cancelacion cuenta por pagar
ASD_0000774,ASI_000290,CTA_0001,,0.0,830.86,Salida de bancos
ASD_0000775,ASI_000291,CTA_0006,,3841.88,0.0,Cancelacion cuenta por pagar
ASD_0000776,ASI_000291,CTA_0001,,0.0,3841.88,Salida de bancos
ASD_0000777,ASI_000292,CTA_0006,,26101.04,0.0,Cancelacion cuenta por pagar
ASD_0000778,ASI_000292,CTA_0001,,0.0,26101.04,Salida de bancos
ASD_0000779,ASI_000293,CTA_0006,,20727.97,0.0,Cancelacion cuenta por pagar
ASD_0000780,ASI_000293,CTA_0001,,0.0,20727.97,Salida de bancos
ASD_0000781,ASI_000294,CTA_0006,,14832.69,0.0,Cancelacion cuenta por pagar
ASD_0000782,ASI_000294,CTA_0001,,0.0,14832.69,Salida de bancos
ASD_0000783,ASI_000295,CTA_0006,,2807.49,0.0,Cancelacion cuenta por pagar
ASD_0000784,ASI_000295,CTA_0001,,0.0,2807.49,Salida de bancos
ASD_0000785,ASI_000296,CTA_0006,,5715.01,0.0,Cancelacion cuenta por pagar
ASD_0000786,ASI_000296,CTA_0001,,0.0,5715.01,Salida de bancos
ASD_0000787,ASI_000297,CTA_0006,,11558.05,0.0,Cancelacion cuenta por pagar
ASD_0000788,ASI_000297,CTA_0001,,0.0,11558.05,Salida de bancos
ASD_0000789,ASI_000298,CTA_0006,,4858.84,0.0,Cancelacion cuenta por pagar
ASD_0000790,ASI_000298,CTA_0001,,0.0,4858.84,Salida de bancos
ASD_0000791,ASI_000299,CTA_0006,,2219.81,0.0,Cancelacion cuenta por pagar
ASD_0000792,ASI_000299,CTA_0001,,0.0,2219.81,Salida de bancos
ASD_0000793,ASI_000300,CTA_0006,,656.0,0.0,Cancelacion cuenta por pagar
ASD_0000794,ASI_000300,CTA_0001,,0.0,656.0,Salida de bancos
ASD_0000795,ASI_000301,CTA_0006,,2635.97,0.0,Cancelacion cuenta por pagar
ASD_0000796,ASI_000301,CTA_0001,,0.0,2635.97,Salida de bancos
ASD_0000797,ASI_000302,CTA_0006,,16400.1,0.0,Cancelacion cuenta por pagar
ASD_0000798,ASI_000302,CTA_0001,,0.0,16400.1,Salida de bancos
ASD_0000799,ASI_000303,CTA_0006,,8481.28,0.0,Cancelacion cuenta por pagar
ASD_0000800,ASI_000303,CTA_0001,,0.0,8481.28,Salida de bancos
ASD_0000801,ASI_000304,CTA_0006,,3359.2,0.0,Cancelacion cuenta por pagar
ASD_0000802,ASI_000304,CTA_0001,,0.0,3359.2,Salida de bancos
ASD_0000803,ASI_000305,CTA_0006,,980.9,0.0,Cancelacion cuenta por pagar
ASD_0000804,ASI_000305,CTA_0001,,0.0,980.9,Salida de bancos
ASD_0000805,ASI_000306,CTA_0006,,5304.36,0.0,Cancelacion cuenta por pagar
ASD_0000806,ASI_000306,CTA_0001,,0.0,5304.36,Salida de bancos
ASD_0000807,ASI_000307,CTA_0006,,14114.47,0.0,Cancelacion cuenta por pagar
ASD_0000808,ASI_000307,CTA_0001,,0.0,14114.47,Salida de bancos
ASD_0000809,ASI_000308,CTA_0006,,15999.84,0.0,Cancelacion cuenta por pagar
ASD_0000810,ASI_000308,CTA_0001,,0.0,15999.84,Salida de bancos
ASD_0000811,ASI_000309,CTA_0006,,8530.21,0.0,Cancelacion cuenta por pagar
ASD_0000812,ASI_000309,CTA_0001,,0.0,8530.21,Salida de bancos
ASD_0000813,ASI_000310,CTA_0006,,1849.69,0.0,Cancelacion cuenta por pagar
ASD_0000814,ASI_000310,CTA_0001,,0.0,1849.69,Salida de bancos
ASD_0000815,ASI_000311,CTA_0006,,872.66,0.0,Cancelacion cuenta por pagar
ASD_0000816,ASI_000311,CTA_0001,,0.0,872.66,Salida de bancos
ASD_0000817,ASI_000312,CTA_0006,,3586.11,0.0,Cancelacion cuenta por pagar
ASD_0000818,ASI_000312,CTA_0001,,0.0,3586.11,Salida de bancos
ASD_0000819,ASI_000313,CTA_0006,,19527.56,0.0,Cancelacion cuenta por pagar
ASD_0000820,ASI_000313,CTA_0001,,0.0,19527.56,Salida de bancos
ASD_0000821,ASI_000314,CTA_0006,,15136.09,0.0,Cancelacion cuenta por pagar
ASD_0000822,ASI_000314,CTA_0001,,0.0,15136.09,Salida de bancos
ASD_0000823,ASI_000315,CTA_0006,,10884.66,0.0,Cancelacion cuenta por pagar
ASD_0000824,ASI_000315,CTA_0001,,0.0,10884.66,Salida de bancos
ASD_0000825,ASI_000316,CTA_0006,,1789.93,0.0,Cancelacion cuenta por pagar
ASD_0000826,ASI_000316,CTA_0001,,0.0,1789.93,Salida de bancos
ASD_0000827,ASI_000317,CTA_0006,,3994.98,0.0,Cancelacion cuenta por pagar
ASD_0000828,ASI_000317,CTA_0001,,0.0,3994.98,Salida de bancos
ASD_0000829,ASI_000318,CTA_0006,,23306.48,0.0,Cancelacion cuenta por pagar
ASD_0000830,ASI_000318,CTA_0001,,0.0,23306.48,Salida de bancos
ASD_0000831,ASI_000319,CTA_0006,,10604.27,0.0,Cancelacion cuenta por pagar
ASD_0000832,ASI_000319,CTA_0001,,0.0,10604.27,Salida de bancos
ASD_0000833,ASI_000320,CTA_0006,,4564.23,0.0,Cancelacion cuenta por pagar
ASD_0000834,ASI_000320,CTA_0001,,0.0,4564.23,Salida de bancos
ASD_0000835,ASI_000321,CTA_0006,,1234.42,0.0,Cancelacion cuenta por pagar
ASD_0000836,ASI_000321,CTA_0001,,0.0,1234.42,Salida de bancos
ASD_0000837,ASI_000322,CTA_0006,,7393.22,0.0,Cancelacion cuenta por pagar
ASD_0000838,ASI_000322,CTA_0001,,0.0,7393.22,Salida de bancos
ASD_0000839,ASI_000323,CTA_0006,,14156.14,0.0,Cancelacion cuenta por pagar
ASD_0000840,ASI_000323,CTA_0001,,0.0,14156.14,Salida de bancos
ASD_0000841,ASI_000324,CTA_0006,,7187.41,0.0,Cancelacion cuenta por pagar
ASD_0000842,ASI_000324,CTA_0001,,0.0,7187.41,Salida de bancos
ASD_0000843,ASI_000325,CTA_0006,,2838.33,0.0,Cancelacion cuenta por pagar
ASD_0000844,ASI_000325,CTA_0001,,0.0,2838.33,Salida de bancos
ASD_0000845,ASI_000326,CTA_0006,,941.98,0.0,Cancelacion cuenta por pagar
ASD_0000846,ASI_000326,CTA_0001,,0.0,941.98,Salida de bancos
ASD_0000847,ASI_000327,CTA_0006,,4212.57,0.0,Cancelacion cuenta por pagar
ASD_0000848,ASI_000327,CTA_0001,,0.0,4212.57,Salida de bancos
ASD_0000849,ASI_000328,CTA_0006,,23241.8,0.0,Cancelacion cuenta por pagar
ASD_0000850,ASI_000328,CTA_0001,,0.0,23241.8,Salida de bancos
ASD_0000851,ASI_000329,CTA_0006,,24447.48,0.0,Cancelacion cuenta por pagar
ASD_0000852,ASI_000329,CTA_0001,,0.0,24447.48,Salida de bancos
ASD_0000853,ASI_000330,CTA_0006,,12711.78,0.0,Cancelacion cuenta por pagar
ASD_0000854,ASI_000330,CTA_0001,,0.0,12711.78,Salida de bancos
ASD_0000855,ASI_000331,CTA_0006,,3027.15,0.0,Cancelacion cuenta por pagar
ASD_0000856,ASI_000331,CTA_0001,,0.0,3027.15,Salida de bancos
ASD_0000857,ASI_000332,CTA_0006,,1421.22,0.0,Cancelacion cuenta por pagar
ASD_0000858,ASI_000332,CTA_0001,,0.0,1421.22,Salida de bancos
ASD_0000859,ASI_000333,CTA_0006,,5242.29,0.0,Cancelacion cuenta por pagar
ASD_0000860,ASI_000333,CTA_0001,,0.0,5242.29,Salida de bancos
ASD_0000861,ASI_000334,CTA_0006,,15678.59,0.0,Cancelacion cuenta por pagar
ASD_0000862,ASI_000334,CTA_0001,,0.0,15678.59,Salida de bancos
ASD_0000863,ASI_000335,CTA_0006,,6127.02,0.0,Cancelacion cuenta por pagar
ASD_0000864,ASI_000335,CTA_0001,,0.0,6127.02,Salida de bancos
ASD_0000865,ASI_000336,CTA_0006,,2845.96,0.0,Cancelacion cuenta por pagar
ASD_0000866,ASI_000336,CTA_0001,,0.0,2845.96,Salida de bancos
ASD_0000867,ASI_000337,CTA_0006,,906.89,0.0,Cancelacion cuenta por pagar
ASD_0000868,ASI_000337,CTA_0001,,0.0,906.89,Salida de bancos
ASD_0000869,ASI_000338,CTA_0006,,4148.45,0.0,Cancelacion cuenta por pagar
ASD_0000870,ASI_000338,CTA_0001,,0.0,4148.45,Salida de bancos
ASD_0000871,ASI_000339,CTA_0006,,11554.92,0.0,Cancelacion cuenta por pagar
ASD_0000872,ASI_000339,CTA_0001,,0.0,11554.92,Salida de bancos
ASD_0000873,ASI_000340,CTA_0006,,6003.44,0.0,Cancelacion cuenta por pagar
ASD_0000874,ASI_000340,CTA_0001,,0.0,6003.44,Salida de bancos
ASD_0000875,ASI_000341,CTA_0006,,2125.93,0.0,Cancelacion cuenta por pagar
ASD_0000876,ASI_000341,CTA_0001,,0.0,2125.93,Salida de bancos
ASD_0000877,ASI_000342,CTA_0006,,667.44,0.0,Cancelacion cuenta por pagar
ASD_0000878,ASI_000342,CTA_0001,,0.0,667.44,Salida de bancos
ASD_0000879,ASI_000343,CTA_0006,,2681.88,0.0,Cancelacion cuenta por pagar
ASD_0000880,ASI_000343,CTA_0001,,0.0,2681.88,Salida de bancos
ASD_0000881,ASI_000344,CTA_0006,,14487.57,0.0,Cancelacion cuenta por pagar
ASD_0000882,ASI_000344,CTA_0001,,0.0,14487.57,Salida de bancos
ASD_0000883,ASI_000345,CTA_0006,,7763.6,0.0,Cancelacion cuenta por pagar
ASD_0000884,ASI_000345,CTA_0001,,0.0,7763.6,Salida de bancos
ASD_0000885,ASI_000346,CTA_0006,,2596.42,0.0,Cancelacion cuenta por pagar
ASD_0000886,ASI_000346,CTA_0001,,0.0,2596.42,Salida de bancos
ASD_0000887,ASI_000347,CTA_0006,,919.82,0.0,Cancelacion cuenta por pagar
ASD_0000888,ASI_000347,CTA_0001,,0.0,919.82,Salida de bancos
ASD_0000889,ASI_000348,CTA_0006,,3841.21,0.0,Cancelacion cuenta por pagar
ASD_0000890,ASI_000348,CTA_0001,,0.0,3841.21,Salida de bancos
ASD_0000891,ASI_000349,CTA_0006,,16448.66,0.0,Cancelacion cuenta por pagar
ASD_0000892,ASI_000349,CTA_0001,,0.0,16448.66,Salida de bancos
ASD_0000893,ASI_000350,CTA_0006,,6923.79,0.0,Cancelacion cuenta por pagar
ASD_0000894,ASI_000350,CTA_0001,,0.0,6923.79,Salida de bancos
ASD_0000895,ASI_000351,CTA_0006,,2863.78,0.0,Cancelacion cuenta por pagar
ASD_0000896,ASI_000351,CTA_0001,,0.0,2863.78,Salida de bancos
ASD_0000897,ASI_000352,CTA_0006,,847.87,0.0,Cancelacion cuenta por pagar
ASD_0000898,ASI_000352,CTA_0001,,0.0,847.87,Salida de bancos
ASD_0000899,ASI_000353,CTA_0006,,3759.76,0.0,Cancelacion cuenta por pagar
ASD_0000900,ASI_000353,CTA_0001,,0.0,3759.76,Salida de bancos
ASD_0000901,ASI_000354,CTA_0006,,28901.72,0.0,Cancelacion cuenta por pagar
ASD_0000902,ASI_000354,CTA_0001,,0.0,28901.72,Salida de bancos
ASD_0000903,ASI_000355,CTA_0006,,30037.37,0.0,Cancelacion cuenta por pagar
ASD_0000904,ASI_000355,CTA_0001,,0.0,30037.37,Salida de bancos
ASD_0000905,ASI_000356,CTA_0006,,14659.69,0.0,Cancelacion cuenta por pagar
ASD_0000906,ASI_000356,CTA_0001,,0.0,14659.69,Salida de bancos
ASD_0000907,ASI_000357,CTA_0006,,3487.32,0.0,Cancelacion cuenta por pagar
ASD_0000908,ASI_000357,CTA_0001,,0.0,3487.32,Salida de bancos
ASD_0000909,ASI_000358,CTA_0006,,1588.58,0.0,Cancelacion cuenta por pagar
ASD_0000910,ASI_000358,CTA_0001,,0.0,1588.58,Salida de bancos
ASD_0000911,ASI_000359,CTA_0006,,4767.94,0.0,Cancelacion cuenta por pagar
ASD_0000912,ASI_000359,CTA_0001,,0.0,4767.94,Salida de bancos
ASD_0000913,ASI_000360,CTA_0006,,12402.3,0.0,Cancelacion cuenta por pagar
ASD_0000914,ASI_000360,CTA_0001,,0.0,12402.3,Salida de bancos
ASD_0000915,ASI_000361,CTA_0006,,14359.76,0.0,Cancelacion cuenta por pagar
ASD_0000916,ASI_000361,CTA_0001,,0.0,14359.76,Salida de bancos
ASD_0000917,ASI_000362,CTA_0006,,8357.73,0.0,Cancelacion cuenta por pagar
ASD_0000918,ASI_000362,CTA_0001,,0.0,8357.73,Salida de bancos
ASD_0000919,ASI_000363,CTA_0006,,1759.42,0.0,Cancelacion cuenta por pagar
ASD_0000920,ASI_000363,CTA_0001,,0.0,1759.42,Salida de bancos
ASD_0000921,ASI_000364,CTA_0006,,824.87,0.0,Cancelacion cuenta por pagar
ASD_0000922,ASI_000364,CTA_0001,,0.0,824.87,Salida de bancos
ASD_0000923,ASI_000365,CTA_0006,,2775.13,0.0,Cancelacion cuenta por pagar
ASD_0000924,ASI_000365,CTA_0001,,0.0,2775.13,Salida de bancos
ASD_0000925,ASI_000366,CTA_0006,,14319.27,0.0,Cancelacion cuenta por pagar
ASD_0000926,ASI_000366,CTA_0001,,0.0,14319.27,Salida de bancos
ASD_0000927,ASI_000367,CTA_0006,,15870.23,0.0,Cancelacion cuenta por pagar
ASD_0000928,ASI_000367,CTA_0001,,0.0,15870.23,Salida de bancos
ASD_0000929,ASI_000368,CTA_0006,,8893.71,0.0,Cancelacion cuenta por pagar
ASD_0000930,ASI_000368,CTA_0001,,0.0,8893.71,Salida de bancos
ASD_0000931,ASI_000369,CTA_0006,,1887.52,0.0,Cancelacion cuenta por pagar
ASD_0000932,ASI_000369,CTA_0001,,0.0,1887.52,Salida de bancos
ASD_0000933,ASI_000370,CTA_0006,,2436.45,0.0,Cancelacion cuenta por pagar
ASD_0000934,ASI_000370,CTA_0001,,0.0,2436.45,Salida de bancos
ASD_0000935,ASI_000371,CTA_0006,,13880.95,0.0,Cancelacion cuenta por pagar
ASD_0000936,ASI_000371,CTA_0001,,0.0,13880.95,Salida de bancos
ASD_0000937,ASI_000372,CTA_0006,,15959.17,0.0,Cancelacion cuenta por pagar
ASD_0000938,ASI_000372,CTA_0001,,0.0,15959.17,Salida de bancos
ASD_0000939,ASI_000373,CTA_0006,,10327.0,0.0,Cancelacion cuenta por pagar
ASD_0000940,ASI_000373,CTA_0001,,0.0,10327.0,Salida de bancos
ASD_0000941,ASI_000374,CTA_0006,,1768.38,0.0,Cancelacion cuenta por pagar
ASD_0000942,ASI_000374,CTA_0001,,0.0,1768.38,Salida de bancos
ASD_0000943,ASI_000375,CTA_0006,,861.56,0.0,Cancelacion cuenta por pagar
ASD_0000944,ASI_000375,CTA_0001,,0.0,861.56,Salida de bancos
ASD_0000945,ASI_000376,CTA_0006,,3144.78,0.0,Cancelacion cuenta por pagar
ASD_0000946,ASI_000376,CTA_0001,,0.0,3144.78,Salida de bancos
ASD_0000947,ASI_000377,CTA_0006,,23331.06,0.0,Cancelacion cuenta por pagar
ASD_0000948,ASI_000377,CTA_0001,,0.0,23331.06,Salida de bancos
ASD_0000949,ASI_000378,CTA_0006,,23465.59,0.0,Cancelacion cuenta por pagar
ASD_0000950,ASI_000378,CTA_0001,,0.0,23465.59,Salida de bancos
ASD_0000951,ASI_000379,CTA_0006,,13150.24,0.0,Cancelacion cuenta por pagar
ASD_0000952,ASI_000379,CTA_0001,,0.0,13150.24,Salida de bancos
ASD_0000953,ASI_000380,CTA_0006,,2931.48,0.0,Cancelacion cuenta por pagar
ASD_0000954,ASI_000380,CTA_0001,,0.0,2931.48,Salida de bancos
ASD_0000955,ASI_000381,CTA_0006,,1365.27,0.0,Cancelacion cuenta por pagar
ASD_0000956,ASI_000381,CTA_0001,,0.0,1365.27,Salida de bancos
ASD_0000957,ASI_000382,CTA_0006,,5219.96,0.0,Cancelacion cuenta por pagar
ASD_0000958,ASI_000382,CTA_0001,,0.0,5219.96,Salida de bancos
ASD_0000959,ASI_000383,CTA_0006,,18832.32,0.0,Cancelacion cuenta por pagar
ASD_0000960,ASI_000383,CTA_0001,,0.0,18832.32,Salida de bancos
ASD_0000961,ASI_000384,CTA_0006,,11060.48,0.0,Cancelacion cuenta por pagar
ASD_0000962,ASI_000384,CTA_0001,,0.0,11060.48,Salida de bancos
ASD_0000963,ASI_000385,CTA_0006,,4269.09,0.0,Cancelacion cuenta por pagar
ASD_0000964,ASI_000385,CTA_0001,,0.0,4269.09,Salida de bancos
ASD_0000965,ASI_000386,CTA_0006,,1271.0,0.0,Cancelacion cuenta por pagar
ASD_0000966,ASI_000386,CTA_0001,,0.0,1271.0,Salida de bancos
ASD_0000967,ASI_000387,CTA_0006,,7548.52,0.0,Cancelacion cuenta por pagar
ASD_0000968,ASI_000387,CTA_0001,,0.0,7548.52,Salida de bancos
ASD_0000969,ASI_000388,CTA_0006,,15146.47,0.0,Cancelacion cuenta por pagar
ASD_0000970,ASI_000388,CTA_0001,,0.0,15146.47,Salida de bancos
ASD_0000971,ASI_000389,CTA_0006,,7152.84,0.0,Cancelacion cuenta por pagar
ASD_0000972,ASI_000389,CTA_0001,,0.0,7152.84,Salida de bancos
ASD_0000973,ASI_000390,CTA_0006,,3268.97,0.0,Cancelacion cuenta por pagar
ASD_0000974,ASI_000390,CTA_0001,,0.0,3268.97,Salida de bancos
ASD_0000975,ASI_000391,CTA_0006,,850.7,0.0,Cancelacion cuenta por pagar
ASD_0000976,ASI_000391,CTA_0001,,0.0,850.7,Salida de bancos
ASD_0000977,ASI_000392,CTA_0006,,4526.61,0.0,Cancelacion cuenta por pagar
ASD_0000978,ASI_000392,CTA_0001,,0.0,4526.61,Salida de bancos
ASD_0000979,ASI_000393,CTA_0006,,18970.46,0.0,Cancelacion cuenta por pagar
ASD_0000980,ASI_000393,CTA_0001,,0.0,18970.46,Salida de bancos
ASD_0000981,ASI_000394,CTA_0006,,17719.78,0.0,Cancelacion cuenta por pagar
ASD_0000982,ASI_000394,CTA_0001,,0.0,17719.78,Salida de bancos
ASD_0000983,ASI_000395,CTA_0006,,10857.57,0.0,Cancelacion cuenta por pagar
ASD_0000984,ASI_000395,CTA_0001,,0.0,10857.57,Salida de bancos
ASD_0000985,ASI_000396,CTA_0006,,1599.38,0.0,Cancelacion cuenta por pagar
ASD_0000986,ASI_000396,CTA_0001,,0.0,1599.38,Salida de bancos
ASD_0000987,ASI_000397,CTA_0006,,3776.35,0.0,Cancelacion cuenta por pagar
ASD_0000988,ASI_000397,CTA_0001,,0.0,3776.35,Salida de bancos
ASD_0000989,ASI_000398,CTA_0006,,17112.58,0.0,Cancelacion cuenta por pagar
ASD_0000990,ASI_000398,CTA_0001,,0.0,17112.58,Salida de bancos
ASD_0000991,ASI_000399,CTA_0006,,15834.63,0.0,Cancelacion cuenta por pagar
ASD_0000992,ASI_000399,CTA_0001,,0.0,15834.63,Salida de bancos
ASD_0000993,ASI_000400,CTA_0006,,10777.37,0.0,Cancelacion cuenta por pagar
ASD_0000994,ASI_000400,CTA_0001,,0.0,10777.37,Salida de bancos
ASD_0000995,ASI_000401,CTA_0006,,1736.83,0.0,Cancelacion cuenta por pagar
ASD_0000996,ASI_000401,CTA_0001,,0.0,1736.83,Salida de bancos
ASD_0000997,ASI_000402,CTA_0006,,1017.27,0.0,Cancelacion cuenta por pagar
ASD_0000998,ASI_000402,CTA_0001,,0.0,1017.27,Salida de bancos
ASD_0000999,ASI_000403,CTA_0006,,3149.18,0.0,Cancelacion cuenta por pagar
ASD_0001000,ASI_000403,CTA_0001,,0.0,3149.18,Salida de bancos
ASD_0001001,ASI_000404,CTA_0006,,11752.67,0.0,Cancelacion cuenta por pagar
ASD_0001002,ASI_000404,CTA_0001,,0.0,11752.67,Salida de bancos
ASD_0001003,ASI_000405,CTA_0006,,5348.99,0.0,Cancelacion cuenta por pagar
ASD_0001004,ASI_000405,CTA_0001,,0.0,5348.99,Salida de bancos
ASD_0001005,ASI_000406,CTA_0006,,2003.88,0.0,Cancelacion cuenta por pagar
ASD_0001006,ASI_000406,CTA_0001,,0.0,2003.88,Salida de bancos
ASD_0001007,ASI_000407,CTA_0006,,676.21,0.0,Cancelacion cuenta por pagar
ASD_0001008,ASI_000407,CTA_0001,,0.0,676.21,Salida de bancos
ASD_0001009,ASI_000408,CTA_0006,,2880.93,0.0,Cancelacion cuenta por pagar
ASD_0001010,ASI_000408,CTA_0001,,0.0,2880.93,Salida de bancos
ASD_0001011,ASI_000409,CTA_0006,,15026.97,0.0,Cancelacion cuenta por pagar
ASD_0001012,ASI_000409,CTA_0001,,0.0,15026.97,Salida de bancos
ASD_0001013,ASI_000410,CTA_0006,,17901.22,0.0,Cancelacion cuenta por pagar
ASD_0001014,ASI_000410,CTA_0001,,0.0,17901.22,Salida de bancos
ASD_0001015,ASI_000411,CTA_0006,,10785.19,0.0,Cancelacion cuenta por pagar
ASD_0001016,ASI_000411,CTA_0001,,0.0,10785.19,Salida de bancos
ASD_0001017,ASI_000412,CTA_0006,,1824.13,0.0,Cancelacion cuenta por pagar
ASD_0001018,ASI_000412,CTA_0001,,0.0,1824.13,Salida de bancos
ASD_0001019,ASI_000413,CTA_0006,,1084.78,0.0,Cancelacion cuenta por pagar
ASD_0001020,ASI_000413,CTA_0001,,0.0,1084.78,Salida de bancos
ASD_0001021,ASI_000414,CTA_0006,,3481.19,0.0,Cancelacion cuenta por pagar
ASD_0001022,ASI_000414,CTA_0001,,0.0,3481.19,Salida de bancos
ASD_0001023,ASI_000415,CTA_0006,,1831.0,0.0,Cancelacion cuenta por pagar
ASD_0001024,ASI_000415,CTA_0001,,0.0,1831.0,Salida de bancos
ASD_0001025,ASI_000416,CTA_0006,,2286.33,0.0,Cancelacion cuenta por pagar
ASD_0001026,ASI_000416,CTA_0001,,0.0,2286.33,Salida de bancos
ASD_0001027,ASI_000417,CTA_0006,,3137.87,0.0,Cancelacion cuenta por pagar
ASD_0001028,ASI_000417,CTA_0001,,0.0,3137.87,Salida de bancos
ASD_0001029,ASI_000418,CTA_0006,,1746.62,0.0,Cancelacion cuenta por pagar
ASD_0001030,ASI_000418,CTA_0001,,0.0,1746.62,Salida de bancos
ASD_0001031,ASI_000419,CTA_0006,,2177.76,0.0,Cancelacion cuenta por pagar
ASD_0001032,ASI_000419,CTA_0001,,0.0,2177.76,Salida de bancos
ASD_0001033,ASI_000420,CTA_0006,,3669.85,0.0,Cancelacion cuenta por pagar
ASD_0001034,ASI_000420,CTA_0001,,0.0,3669.85,Salida de bancos
ASD_0001035,ASI_000421,CTA_0006,,5323.57,0.0,Cancelacion cuenta por pagar
ASD_0001036,ASI_000421,CTA_0001,,0.0,5323.57,Salida de bancos
ASD_0001037,ASI_000422,CTA_0006,,1118.27,0.0,Cancelacion cuenta por pagar
ASD_0001038,ASI_000422,CTA_0001,,0.0,1118.27,Salida de bancos
ASD_0001039,ASI_000423,CTA_0006,,4558.07,0.0,Cancelacion cuenta por pagar
ASD_0001040,ASI_000423,CTA_0001,,0.0,4558.07,Salida de bancos
ASD_0001041,ASI_000424,CTA_0006,,7282.26,0.0,Cancelacion cuenta por pagar
ASD_0001042,ASI_000424,CTA_0001,,0.0,7282.26,Salida de bancos
ASD_0001043,ASI_000425,CTA_0006,,301.31,0.0,Cancelacion cuenta por pagar
ASD_0001044,ASI_000425,CTA_0001,,0.0,301.31,Salida de bancos
ASD_0001045,ASI_000426,CTA_0006,,922.43,0.0,Cancelacion cuenta por pagar
ASD_0001046,ASI_000426,CTA_0001,,0.0,922.43,Salida de bancos
ASD_0001047,ASI_000427,CTA_0006,,4415.58,0.0,Cancelacion cuenta por pagar
ASD_0001048,ASI_000427,CTA_0001,,0.0,4415.58,Salida de bancos
ASD_0001049,ASI_000428,CTA_0006,,677.07,0.0,Cancelacion cuenta por pagar
ASD_0001050,ASI_000428,CTA_0001,,0.0,677.07,Salida de bancos
ASD_0001051,ASI_000429,CTA_0006,,3812.23,0.0,Cancelacion cuenta por pagar
ASD_0001052,ASI_000429,CTA_0001,,0.0,3812.23,Salida de bancos
ASD_0001053,ASI_000430,CTA_0006,,4203.44,0.0,Cancelacion cuenta por pagar
ASD_0001054,ASI_000430,CTA_0001,,0.0,4203.44,Salida de bancos
ASD_0001055,ASI_000431,CTA_0006,,565.01,0.0,Cancelacion cuenta por pagar
ASD_0001056,ASI_000431,CTA_0001,,0.0,565.01,Salida de bancos
ASD_0001057,ASI_000432,CTA_0006,,625.45,0.0,Cancelacion cuenta por pagar
ASD_0001058,ASI_000432,CTA_0001,,0.0,625.45,Salida de bancos
ASD_0001059,ASI_000433,CTA_0006,,8401.47,0.0,Cancelacion cuenta por pagar
ASD_0001060,ASI_000433,CTA_0001,,0.0,8401.47,Salida de bancos
ASD_0001061,ASI_000434,CTA_0006,,3914.94,0.0,Cancelacion cuenta por pagar
ASD_0001062,ASI_000434,CTA_0001,,0.0,3914.94,Salida de bancos
ASD_0001063,ASI_000435,CTA_0012,,1237.33,0.0,Gasto salarial
ASD_0001064,ASI_000435,CTA_0016,,296.96,0.0,Cargas patronales
ASD_0001065,ASI_000435,CTA_0008,,0.0,1026.98,Sueldos a pagar
ASD_0001066,ASI_000435,CTA_0009,,0.0,507.31,Obligaciones sociales
ASD_0001067,ASI_000436,CTA_0012,,1482.35,0.0,Gasto salarial
ASD_0001068,ASI_000436,CTA_0016,,355.76,0.0,Cargas patronales
ASD_0001069,ASI_000436,CTA_0008,,0.0,1230.35,Sueldos a pagar
ASD_0001070,ASI_000436,CTA_0009,,0.0,607.76,Obligaciones sociales
ASD_0001071,ASI_000437,CTA_0012,,1490.19,0.0,Gasto salarial
ASD_0001072,ASI_000437,CTA_0016,,357.65,0.0,Cargas patronales
ASD_0001073,ASI_000437,CTA_0008,,0.0,1236.86,Sueldos a pagar
ASD_0001074,ASI_000437,CTA_0009,,0.0,610.98,Obligaciones sociales
ASD_0001075,ASI_000438,CTA_0012,,1172.56,0.0,Gasto salarial
ASD_0001076,ASI_000438,CTA_0016,,281.41,0.0,Cargas patronales
ASD_0001077,ASI_000438,CTA_0008,,0.0,973.22,Sueldos a pagar
ASD_0001078,ASI_000438,CTA_0009,,0.0,480.75,Obligaciones sociales
ASD_0001079,ASI_000439,CTA_0012,,1472.52,0.0,Gasto salarial
ASD_0001080,ASI_000439,CTA_0016,,353.4,0.0,Cargas patronales
ASD_0001081,ASI_000439,CTA_0008,,0.0,1222.19,Sueldos a pagar
ASD_0001082,ASI_000439,CTA_0009,,0.0,603.73,Obligaciones sociales
ASD_0001083,ASI_000440,CTA_0012,,1236.58,0.0,Gasto salarial
ASD_0001084,ASI_000440,CTA_0016,,296.78,0.0,Cargas patronales
ASD_0001085,ASI_000440,CTA_0008,,0.0,1026.36,Sueldos a pagar
ASD_0001086,ASI_000440,CTA_0009,,0.0,507.0,Obligaciones sociales
ASD_0001087,ASI_000441,CTA_0012,,1816.75,0.0,Gasto salarial
ASD_0001088,ASI_000441,CTA_0016,,436.02,0.0,Cargas patronales
ASD_0001089,ASI_000441,CTA_0008,,0.0,1507.9,Sueldos a pagar
ASD_0001090,ASI_000441,CTA_0009,,0.0,744.87,Obligaciones sociales
ASD_0001091,ASI_000442,CTA_0012,,1219.33,0.0,Gasto salarial
ASD_0001092,ASI_000442,CTA_0016,,292.64,0.0,Cargas patronales
ASD_0001093,ASI_000442,CTA_0008,,0.0,1012.04,Sueldos a pagar
ASD_0001094,ASI_000442,CTA_0009,,0.0,499.93,Obligaciones sociales
ASD_0001095,ASI_000443,CTA_0012,,1265.81,0.0,Gasto salarial
ASD_0001096,ASI_000443,CTA_0016,,303.79,0.0,Cargas patronales
ASD_0001097,ASI_000443,CTA_0008,,0.0,1050.62,Sueldos a pagar
ASD_0001098,ASI_000443,CTA_0009,,0.0,518.98,Obligaciones sociales
ASD_0001099,ASI_000444,CTA_0012,,1219.12,0.0,Gasto salarial
ASD_0001100,ASI_000444,CTA_0016,,292.59,0.0,Cargas patronales
ASD_0001101,ASI_000444,CTA_0008,,0.0,1011.87,Sueldos a pagar
ASD_0001102,ASI_000444,CTA_0009,,0.0,499.84,Obligaciones sociales
ASD_0001103,ASI_000445,CTA_0012,,1172.35,0.0,Gasto salarial
ASD_0001104,ASI_000445,CTA_0016,,281.36,0.0,Cargas patronales
ASD_0001105,ASI_000445,CTA_0008,,0.0,973.05,Sueldos a pagar
ASD_0001106,ASI_000445,CTA_0009,,0.0,480.66,Obligaciones sociales
ASD_0001107,ASI_000446,CTA_0012,,1249.75,0.0,Gasto salarial
ASD_0001108,ASI_000446,CTA_0016,,299.94,0.0,Cargas patronales
ASD_0001109,ASI_000446,CTA_0008,,0.0,1037.29,Sueldos a pagar
ASD_0001110,ASI_000446,CTA_0009,,0.0,512.4,Obligaciones sociales
ASD_0001111,ASI_000447,CTA_0012,,1260.32,0.0,Gasto salarial
ASD_0001112,ASI_000447,CTA_0016,,302.48,0.0,Cargas patronales
ASD_0001113,ASI_000447,CTA_0008,,0.0,1046.07,Sueldos a pagar
ASD_0001114,ASI_000447,CTA_0009,,0.0,516.73,Obligaciones sociales
ASD_0001115,ASI_000448,CTA_0012,,1462.77,0.0,Gasto salarial
ASD_0001116,ASI_000448,CTA_0016,,351.06,0.0,Cargas patronales
ASD_0001117,ASI_000448,CTA_0008,,0.0,1214.1,Sueldos a pagar
ASD_0001118,ASI_000448,CTA_0009,,0.0,599.73,Obligaciones sociales
ASD_0001119,ASI_000449,CTA_0012,,1299.82,0.0,Gasto salarial
ASD_0001120,ASI_000449,CTA_0016,,311.96,0.0,Cargas patronales
ASD_0001121,ASI_000449,CTA_0008,,0.0,1078.85,Sueldos a pagar
ASD_0001122,ASI_000449,CTA_0009,,0.0,532.93,Obligaciones sociales
ASD_0001123,ASI_000450,CTA_0012,,1361.88,0.0,Gasto salarial
ASD_0001124,ASI_000450,CTA_0016,,326.85,0.0,Cargas patronales
ASD_0001125,ASI_000450,CTA_0008,,0.0,1130.36,Sueldos a pagar
ASD_0001126,ASI_000450,CTA_0009,,0.0,558.37,Obligaciones sociales
ASD_0001127,ASI_000451,CTA_0012,,1288.9,0.0,Gasto salarial
ASD_0001128,ASI_000451,CTA_0016,,309.34,0.0,Cargas patronales
ASD_0001129,ASI_000451,CTA_0008,,0.0,1069.79,Sueldos a pagar
ASD_0001130,ASI_000451,CTA_0009,,0.0,528.45,Obligaciones sociales
ASD_0001131,ASI_000452,CTA_0012,,1217.55,0.0,Gasto salarial
ASD_0001132,ASI_000452,CTA_0016,,292.21,0.0,Cargas patronales
ASD_0001133,ASI_000452,CTA_0008,,0.0,1010.57,Sueldos a pagar
ASD_0001134,ASI_000452,CTA_0009,,0.0,499.19,Obligaciones sociales
ASD_0001135,ASI_000453,CTA_0012,,1195.57,0.0,Gasto salarial
ASD_0001136,ASI_000453,CTA_0016,,286.94,0.0,Cargas patronales
ASD_0001137,ASI_000453,CTA_0008,,0.0,992.32,Sueldos a pagar
ASD_0001138,ASI_000453,CTA_0009,,0.0,490.19,Obligaciones sociales
ASD_0001139,ASI_000454,CTA_0012,,1180.76,0.0,Gasto salarial
ASD_0001140,ASI_000454,CTA_0016,,283.38,0.0,Cargas patronales
ASD_0001141,ASI_000454,CTA_0008,,0.0,980.03,Sueldos a pagar
ASD_0001142,ASI_000454,CTA_0009,,0.0,484.11,Obligaciones sociales
ASD_0001143,ASI_000455,CTA_0012,,1395.39,0.0,Gasto salarial
ASD_0001144,ASI_000455,CTA_0016,,334.89,0.0,Cargas patronales
ASD_0001145,ASI_000455,CTA_0008,,0.0,1158.17,Sueldos a pagar
ASD_0001146,ASI_000455,CTA_0009,,0.0,572.11,Obligaciones sociales
ASD_0001147,ASI_000456,CTA_0012,,1246.94,0.0,Gasto salarial
ASD_0001148,ASI_000456,CTA_0016,,299.27,0.0,Cargas patronales
ASD_0001149,ASI_000456,CTA_0008,,0.0,1034.96,Sueldos a pagar
ASD_0001150,ASI_000456,CTA_0009,,0.0,511.25,Obligaciones sociales
ASD_0001151,ASI_000457,CTA_0012,,1490.52,0.0,Gasto salarial
ASD_0001152,ASI_000457,CTA_0016,,357.72,0.0,Cargas patronales
ASD_0001153,ASI_000457,CTA_0008,,0.0,1237.13,Sueldos a pagar
ASD_0001154,ASI_000457,CTA_0009,,0.0,611.11,Obligaciones sociales
ASD_0001155,ASI_000458,CTA_0012,,1393.66,0.0,Gasto salarial
ASD_0001156,ASI_000458,CTA_0016,,334.48,0.0,Cargas patronales
ASD_0001157,ASI_000458,CTA_0008,,0.0,1156.74,Sueldos a pagar
ASD_0001158,ASI_000458,CTA_0009,,0.0,571.4,Obligaciones sociales
ASD_0001159,ASI_000459,CTA_0012,,1294.44,0.0,Gasto salarial
ASD_0001160,ASI_000459,CTA_0016,,310.67,0.0,Cargas patronales
ASD_0001161,ASI_000459,CTA_0008,,0.0,1074.39,Sueldos a pagar
ASD_0001162,ASI_000459,CTA_0009,,0.0,530.72,Obligaciones sociales
ASD_0001163,ASI_000460,CTA_0012,,1475.17,0.0,Gasto salarial
ASD_0001164,ASI_000460,CTA_0016,,354.04,0.0,Cargas patronales
ASD_0001165,ASI_000460,CTA_0008,,0.0,1224.39,Sueldos a pagar
ASD_0001166,ASI_000460,CTA_0009,,0.0,604.82,Obligaciones sociales
ASD_0001167,ASI_000461,CTA_0012,,1465.75,0.0,Gasto salarial
ASD_0001168,ASI_000461,CTA_0016,,351.78,0.0,Cargas patronales
ASD_0001169,ASI_000461,CTA_0008,,0.0,1216.57,Sueldos a pagar
ASD_0001170,ASI_000461,CTA_0009,,0.0,600.96,Obligaciones sociales
ASD_0001171,ASI_000462,CTA_0012,,1206.74,0.0,Gasto salarial
ASD_0001172,ASI_000462,CTA_0016,,289.62,0.0,Cargas patronales
ASD_0001173,ASI_000462,CTA_0008,,0.0,1001.59,Sueldos a pagar
ASD_0001174,ASI_000462,CTA_0009,,0.0,494.77,Obligaciones sociales
ASD_0001175,ASI_000463,CTA_0012,,1464.84,0.0,Gasto salarial
ASD_0001176,ASI_000463,CTA_0016,,351.56,0.0,Cargas patronales
ASD_0001177,ASI_000463,CTA_0008,,0.0,1215.82,Sueldos a pagar
ASD_0001178,ASI_000463,CTA_0009,,0.0,600.58,Obligaciones sociales
ASD_0001179,ASI_000464,CTA_0012,,1292.84,0.0,Gasto salarial
ASD_0001180,ASI_000464,CTA_0016,,310.28,0.0,Cargas patronales
ASD_0001181,ASI_000464,CTA_0008,,0.0,1073.06,Sueldos a pagar
ASD_0001182,ASI_000464,CTA_0009,,0.0,530.06,Obligaciones sociales
ASD_0001183,ASI_000465,CTA_0012,,1803.74,0.0,Gasto salarial
ASD_0001184,ASI_000465,CTA_0016,,432.9,0.0,Cargas patronales
ASD_0001185,ASI_000465,CTA_0008,,0.0,1497.1,Sueldos a pagar
ASD_0001186,ASI_000465,CTA_0009,,0.0,739.54,Obligaciones sociales
ASD_0001187,ASI_000466,CTA_0012,,1225.31,0.0,Gasto salarial
ASD_0001188,ASI_000466,CTA_0016,,294.07,0.0,Cargas patronales
ASD_0001189,ASI_000466,CTA_0008,,0.0,1017.01,Sueldos a pagar
ASD_0001190,ASI_000466,CTA_0009,,0.0,502.37,Obligaciones sociales
ASD_0001191,ASI_000467,CTA_0012,,1285.91,0.0,Gasto salarial
ASD_0001192,ASI_000467,CTA_0016,,308.62,0.0,Cargas patronales
ASD_0001193,ASI_000467,CTA_0008,,0.0,1067.31,Sueldos a pagar
ASD_0001194,ASI_000467,CTA_0009,,0.0,527.22,Obligaciones sociales
ASD_0001195,ASI_000468,CTA_0012,,1217.34,0.0,Gasto salarial
ASD_0001196,ASI_000468,CTA_0016,,292.16,0.0,Cargas patronales
ASD_0001197,ASI_000468,CTA_0008,,0.0,1010.39,Sueldos a pagar
ASD_0001198,ASI_000468,CTA_0009,,0.0,499.11,Obligaciones sociales
ASD_0001199,ASI_000469,CTA_0012,,1190.59,0.0,Gasto salarial
ASD_0001200,ASI_000469,CTA_0016,,285.74,0.0,Cargas patronales
ASD_0001201,ASI_000469,CTA_0008,,0.0,988.19,Sueldos a pagar
ASD_0001202,ASI_000469,CTA_0009,,0.0,488.14,Obligaciones sociales
ASD_0001203,ASI_000470,CTA_0012,,1287.79,0.0,Gasto salarial
ASD_0001204,ASI_000470,CTA_0016,,309.07,0.0,Cargas patronales
ASD_0001205,ASI_000470,CTA_0008,,0.0,1068.87,Sueldos a pagar
ASD_0001206,ASI_000470,CTA_0009,,0.0,527.99,Obligaciones sociales
ASD_0001207,ASI_000471,CTA_0012,,1248.01,0.0,Gasto salarial
ASD_0001208,ASI_000471,CTA_0016,,299.52,0.0,Cargas patronales
ASD_0001209,ASI_000471,CTA_0008,,0.0,1035.85,Sueldos a pagar
ASD_0001210,ASI_000471,CTA_0009,,0.0,511.68,Obligaciones sociales
ASD_0001211,ASI_000472,CTA_0012,,1487.29,0.0,Gasto salarial
ASD_0001212,ASI_000472,CTA_0016,,356.95,0.0,Cargas patronales
ASD_0001213,ASI_000472,CTA_0008,,0.0,1234.45,Sueldos a pagar
ASD_0001214,ASI_000472,CTA_0009,,0.0,609.79,Obligaciones sociales
ASD_0001215,ASI_000473,CTA_0012,,1235.53,0.0,Gasto salarial
ASD_0001216,ASI_000473,CTA_0016,,296.53,0.0,Cargas patronales
ASD_0001217,ASI_000473,CTA_0008,,0.0,1025.49,Sueldos a pagar
ASD_0001218,ASI_000473,CTA_0009,,0.0,506.57,Obligaciones sociales
ASD_0001219,ASI_000474,CTA_0012,,1377.82,0.0,Gasto salarial
ASD_0001220,ASI_000474,CTA_0016,,330.68,0.0,Cargas patronales
ASD_0001221,ASI_000474,CTA_0008,,0.0,1143.59,Sueldos a pagar
ASD_0001222,ASI_000474,CTA_0009,,0.0,564.91,Obligaciones sociales
ASD_0001223,ASI_000475,CTA_0012,,1258.43,0.0,Gasto salarial
ASD_0001224,ASI_000475,CTA_0016,,302.02,0.0,Cargas patronales
ASD_0001225,ASI_000475,CTA_0008,,0.0,1044.5,Sueldos a pagar
ASD_0001226,ASI_000475,CTA_0009,,0.0,515.95,Obligaciones sociales
ASD_0001227,ASI_000476,CTA_0012,,1179.22,0.0,Gasto salarial
ASD_0001228,ASI_000476,CTA_0016,,283.01,0.0,Cargas patronales
ASD_0001229,ASI_000476,CTA_0008,,0.0,978.75,Sueldos a pagar
ASD_0001230,ASI_000476,CTA_0009,,0.0,483.48,Obligaciones sociales
ASD_0001231,ASI_000477,CTA_0012,,1183.8,0.0,Gasto salarial
ASD_0001232,ASI_000477,CTA_0016,,284.11,0.0,Cargas patronales
ASD_0001233,ASI_000477,CTA_0008,,0.0,982.55,Sueldos a pagar
ASD_0001234,ASI_000477,CTA_0009,,0.0,485.36,Obligaciones sociales
ASD_0001235,ASI_000478,CTA_0012,,1214.46,0.0,Gasto salarial
ASD_0001236,ASI_000478,CTA_0016,,291.47,0.0,Cargas patronales
ASD_0001237,ASI_000478,CTA_0008,,0.0,1008.0,Sueldos a pagar
ASD_0001238,ASI_000478,CTA_0009,,0.0,497.93,Obligaciones sociales
ASD_0001239,ASI_000479,CTA_0012,,1373.65,0.0,Gasto salarial
ASD_0001240,ASI_000479,CTA_0016,,329.68,0.0,Cargas patronales
ASD_0001241,ASI_000479,CTA_0008,,0.0,1140.13,Sueldos a pagar
ASD_0001242,ASI_000479,CTA_0009,,0.0,563.2,Obligaciones sociales
ASD_0001243,ASI_000480,CTA_0012,,1280.9,0.0,Gasto salarial
ASD_0001244,ASI_000480,CTA_0016,,307.42,0.0,Cargas patronales
ASD_0001245,ASI_000480,CTA_0008,,0.0,1063.15,Sueldos a pagar
ASD_0001246,ASI_000480,CTA_0009,,0.0,525.17,Obligaciones sociales
ASD_0001247,ASI_000481,CTA_0012,,1427.41,0.0,Gasto salarial
ASD_0001248,ASI_000481,CTA_0016,,342.58,0.0,Cargas patronales
ASD_0001249,ASI_000481,CTA_0008,,0.0,1184.75,Sueldos a pagar
ASD_0001250,ASI_000481,CTA_0009,,0.0,585.24,Obligaciones sociales
ASD_0001251,ASI_000482,CTA_0012,,1415.8,0.0,Gasto salarial
ASD_0001252,ASI_000482,CTA_0016,,339.79,0.0,Cargas patronales
ASD_0001253,ASI_000482,CTA_0008,,0.0,1175.11,Sueldos a pagar
ASD_0001254,ASI_000482,CTA_0009,,0.0,580.48,Obligaciones sociales
ASD_0001255,ASI_000483,CTA_0012,,1284.4,0.0,Gasto salarial
ASD_0001256,ASI_000483,CTA_0016,,308.26,0.0,Cargas patronales
ASD_0001257,ASI_000483,CTA_0008,,0.0,1066.05,Sueldos a pagar
ASD_0001258,ASI_000483,CTA_0009,,0.0,526.61,Obligaciones sociales
ASD_0001259,ASI_000484,CTA_0012,,1455.95,0.0,Gasto salarial
ASD_0001260,ASI_000484,CTA_0016,,349.43,0.0,Cargas patronales
ASD_0001261,ASI_000484,CTA_0008,,0.0,1208.44,Sueldos a pagar
ASD_0001262,ASI_000484,CTA_0009,,0.0,596.94,Obligaciones sociales
ASD_0001263,ASI_000485,CTA_0012,,1483.86,0.0,Gasto salarial
ASD_0001264,ASI_000485,CTA_0016,,356.13,0.0,Cargas patronales
ASD_0001265,ASI_000485,CTA_0008,,0.0,1231.6,Sueldos a pagar
ASD_0001266,ASI_000485,CTA_0009,,0.0,608.39,Obligaciones sociales
ASD_0001267,ASI_000486,CTA_0012,,1221.19,0.0,Gasto salarial
ASD_0001268,ASI_000486,CTA_0016,,293.09,0.0,Cargas patronales
ASD_0001269,ASI_000486,CTA_0008,,0.0,1013.59,Sueldos a pagar
ASD_0001270,ASI_000486,CTA_0009,,0.0,500.69,Obligaciones sociales
ASD_0001271,ASI_000487,CTA_0012,,1490.66,0.0,Gasto salarial
ASD_0001272,ASI_000487,CTA_0016,,357.76,0.0,Cargas patronales
ASD_0001273,ASI_000487,CTA_0008,,0.0,1237.25,Sueldos a pagar
ASD_0001274,ASI_000487,CTA_0009,,0.0,611.17,Obligaciones sociales
ASD_0001275,ASI_000488,CTA_0012,,1254.28,0.0,Gasto salarial
ASD_0001276,ASI_000488,CTA_0016,,301.03,0.0,Cargas patronales
ASD_0001277,ASI_000488,CTA_0008,,0.0,1041.05,Sueldos a pagar
ASD_0001278,ASI_000488,CTA_0009,,0.0,514.26,Obligaciones sociales
ASD_0001279,ASI_000489,CTA_0012,,1836.48,0.0,Gasto salarial
ASD_0001280,ASI_000489,CTA_0016,,440.76,0.0,Cargas patronales
ASD_0001281,ASI_000489,CTA_0008,,0.0,1524.28,Sueldos a pagar
ASD_0001282,ASI_000489,CTA_0009,,0.0,752.96,Obligaciones sociales
ASD_0001283,ASI_000490,CTA_0012,,1211.58,0.0,Gasto salarial
ASD_0001284,ASI_000490,CTA_0016,,290.78,0.0,Cargas patronales
ASD_0001285,ASI_000490,CTA_0008,,0.0,1005.61,Sueldos a pagar
ASD_0001286,ASI_000490,CTA_0009,,0.0,496.75,Obligaciones sociales
ASD_0001287,ASI_000491,CTA_0012,,1246.94,0.0,Gasto salarial
ASD_0001288,ASI_000491,CTA_0016,,299.27,0.0,Cargas patronales
ASD_0001289,ASI_000491,CTA_0008,,0.0,1034.96,Sueldos a pagar
ASD_0001290,ASI_000491,CTA_0009,,0.0,511.25,Obligaciones sociales
ASD_0001291,ASI_000492,CTA_0012,,1213.31,0.0,Gasto salarial
ASD_0001292,ASI_000492,CTA_0016,,291.19,0.0,Cargas patronales
ASD_0001293,ASI_000492,CTA_0008,,0.0,1007.05,Sueldos a pagar
ASD_0001294,ASI_000492,CTA_0009,,0.0,497.45,Obligaciones sociales
ASD_0001295,ASI_000493,CTA_0012,,1179.63,0.0,Gasto salarial
ASD_0001296,ASI_000493,CTA_0016,,283.11,0.0,Cargas patronales
ASD_0001297,ASI_000493,CTA_0008,,0.0,979.09,Sueldos a pagar
ASD_0001298,ASI_000493,CTA_0009,,0.0,483.65,Obligaciones sociales
ASD_0001299,ASI_000494,CTA_0012,,1285.45,0.0,Gasto salarial
ASD_0001300,ASI_000494,CTA_0016,,308.51,0.0,Cargas patronales
ASD_0001301,ASI_000494,CTA_0008,,0.0,1066.92,Sueldos a pagar
ASD_0001302,ASI_000494,CTA_0009,,0.0,527.04,Obligaciones sociales
ASD_0001303,ASI_000495,CTA_0012,,1231.51,0.0,Gasto salarial
ASD_0001304,ASI_000495,CTA_0016,,295.56,0.0,Cargas patronales
ASD_0001305,ASI_000495,CTA_0008,,0.0,1022.15,Sueldos a pagar
ASD_0001306,ASI_000495,CTA_0009,,0.0,504.92,Obligaciones sociales
ASD_0001307,ASI_000496,CTA_0012,,1424.86,0.0,Gasto salarial
ASD_0001308,ASI_000496,CTA_0016,,341.97,0.0,Cargas patronales
ASD_0001309,ASI_000496,CTA_0008,,0.0,1182.63,Sueldos a pagar
ASD_0001310,ASI_000496,CTA_0009,,0.0,584.2,Obligaciones sociales
ASD_0001311,ASI_000497,CTA_0012,,1299.83,0.0,Gasto salarial
ASD_0001312,ASI_000497,CTA_0016,,311.96,0.0,Cargas patronales
ASD_0001313,ASI_000497,CTA_0008,,0.0,1078.86,Sueldos a pagar
ASD_0001314,ASI_000497,CTA_0009,,0.0,532.93,Obligaciones sociales
ASD_0001315,ASI_000498,CTA_0012,,1424.39,0.0,Gasto salarial
ASD_0001316,ASI_000498,CTA_0016,,341.85,0.0,Cargas patronales
ASD_0001317,ASI_000498,CTA_0008,,0.0,1182.24,Sueldos a pagar
ASD_0001318,ASI_000498,CTA_0009,,0.0,584.0,Obligaciones sociales
ASD_0001319,ASI_000499,CTA_0012,,1291.21,0.0,Gasto salarial
ASD_0001320,ASI_000499,CTA_0016,,309.89,0.0,Cargas patronales
ASD_0001321,ASI_000499,CTA_0008,,0.0,1071.7,Sueldos a pagar
ASD_0001322,ASI_000499,CTA_0009,,0.0,529.4,Obligaciones sociales
ASD_0001323,ASI_000500,CTA_0012,,1223.75,0.0,Gasto salarial
ASD_0001324,ASI_000500,CTA_0016,,293.7,0.0,Cargas patronales
ASD_0001325,ASI_000500,CTA_0008,,0.0,1015.71,Sueldos a pagar
ASD_0001326,ASI_000500,CTA_0009,,0.0,501.74,Obligaciones sociales
ASD_0001327,ASI_000501,CTA_0012,,1187.43,0.0,Gasto salarial
ASD_0001328,ASI_000501,CTA_0016,,284.98,0.0,Cargas patronales
ASD_0001329,ASI_000501,CTA_0008,,0.0,985.57,Sueldos a pagar
ASD_0001330,ASI_000501,CTA_0009,,0.0,486.84,Obligaciones sociales
ASD_0001331,ASI_000502,CTA_0012,,1176.71,0.0,Gasto salarial
ASD_0001332,ASI_000502,CTA_0016,,282.41,0.0,Cargas patronales
ASD_0001333,ASI_000502,CTA_0008,,0.0,976.67,Sueldos a pagar
ASD_0001334,ASI_000502,CTA_0009,,0.0,482.45,Obligaciones sociales
ASD_0001335,ASI_000503,CTA_0012,,1363.17,0.0,Gasto salarial
ASD_0001336,ASI_000503,CTA_0016,,327.16,0.0,Cargas patronales
ASD_0001337,ASI_000503,CTA_0008,,0.0,1131.43,Sueldos a pagar
ASD_0001338,ASI_000503,CTA_0009,,0.0,558.9,Obligaciones sociales
ASD_0001339,ASI_000504,CTA_0012,,1262.59,0.0,Gasto salarial
ASD_0001340,ASI_000504,CTA_0016,,303.02,0.0,Cargas patronales
ASD_0001341,ASI_000504,CTA_0008,,0.0,1047.95,Sueldos a pagar
ASD_0001342,ASI_000504,CTA_0009,,0.0,517.66,Obligaciones sociales
ASD_0001343,ASI_000505,CTA_0012,,1440.14,0.0,Gasto salarial
ASD_0001344,ASI_000505,CTA_0016,,345.63,0.0,Cargas patronales
ASD_0001345,ASI_000505,CTA_0008,,0.0,1195.32,Sueldos a pagar
ASD_0001346,ASI_000505,CTA_0009,,0.0,590.45,Obligaciones sociales
ASD_0001347,ASI_000506,CTA_0012,,1429.86,0.0,Gasto salarial
ASD_0001348,ASI_000506,CTA_0016,,343.17,0.0,Cargas patronales
ASD_0001349,ASI_000506,CTA_0008,,0.0,1186.78,Sueldos a pagar
ASD_0001350,ASI_000506,CTA_0009,,0.0,586.25,Obligaciones sociales
ASD_0001351,ASI_000507,CTA_0012,,1225.3,0.0,Gasto salarial
ASD_0001352,ASI_000507,CTA_0016,,294.07,0.0,Cargas patronales
ASD_0001353,ASI_000507,CTA_0008,,0.0,1017.0,Sueldos a pagar
ASD_0001354,ASI_000507,CTA_0009,,0.0,502.37,Obligaciones sociales
ASD_0001355,ASI_000508,CTA_0012,,1433.46,0.0,Gasto salarial
ASD_0001356,ASI_000508,CTA_0016,,344.03,0.0,Cargas patronales
ASD_0001357,ASI_000508,CTA_0008,,0.0,1189.77,Sueldos a pagar
ASD_0001358,ASI_000508,CTA_0009,,0.0,587.72,Obligaciones sociales
ASD_0001359,ASI_000509,CTA_0012,,1442.44,0.0,Gasto salarial
ASD_0001360,ASI_000509,CTA_0016,,346.19,0.0,Cargas patronales
ASD_0001361,ASI_000509,CTA_0008,,0.0,1197.23,Sueldos a pagar
ASD_0001362,ASI_000509,CTA_0009,,0.0,591.4,Obligaciones sociales
ASD_0001363,ASI_000510,CTA_0012,,1170.49,0.0,Gasto salarial
ASD_0001364,ASI_000510,CTA_0016,,280.92,0.0,Cargas patronales
ASD_0001365,ASI_000510,CTA_0008,,0.0,971.51,Sueldos a pagar
ASD_0001366,ASI_000510,CTA_0009,,0.0,479.9,Obligaciones sociales
ASD_0001367,ASI_000511,CTA_0012,,1440.64,0.0,Gasto salarial
ASD_0001368,ASI_000511,CTA_0016,,345.75,0.0,Cargas patronales
ASD_0001369,ASI_000511,CTA_0008,,0.0,1195.73,Sueldos a pagar
ASD_0001370,ASI_000511,CTA_0009,,0.0,590.66,Obligaciones sociales
ASD_0001371,ASI_000512,CTA_0012,,1274.2,0.0,Gasto salarial
ASD_0001372,ASI_000512,CTA_0016,,305.81,0.0,Cargas patronales
ASD_0001373,ASI_000512,CTA_0008,,0.0,1057.59,Sueldos a pagar
ASD_0001374,ASI_000512,CTA_0009,,0.0,522.42,Obligaciones sociales
ASD_0001375,ASI_000513,CTA_0012,,1819.36,0.0,Gasto salarial
ASD_0001376,ASI_000513,CTA_0016,,436.65,0.0,Cargas patronales
ASD_0001377,ASI_000513,CTA_0008,,0.0,1510.07,Sueldos a pagar
ASD_0001378,ASI_000513,CTA_0009,,0.0,745.94,Obligaciones sociales
ASD_0001379,ASI_000514,CTA_0012,,1199.94,0.0,Gasto salarial
ASD_0001380,ASI_000514,CTA_0016,,287.99,0.0,Cargas patronales
ASD_0001381,ASI_000514,CTA_0008,,0.0,995.95,Sueldos a pagar
ASD_0001382,ASI_000514,CTA_0009,,0.0,491.98,Obligaciones sociales
ASD_0001383,ASI_000515,CTA_0012,,1291.77,0.0,Gasto salarial
ASD_0001384,ASI_000515,CTA_0016,,310.02,0.0,Cargas patronales
ASD_0001385,ASI_000515,CTA_0008,,0.0,1072.17,Sueldos a pagar
ASD_0001386,ASI_000515,CTA_0009,,0.0,529.62,Obligaciones sociales
ASD_0001387,ASI_000516,CTA_0012,,1199.06,0.0,Gasto salarial
ASD_0001388,ASI_000516,CTA_0016,,287.77,0.0,Cargas patronales
ASD_0001389,ASI_000516,CTA_0008,,0.0,995.22,Sueldos a pagar
ASD_0001390,ASI_000516,CTA_0009,,0.0,491.61,Obligaciones sociales
ASD_0001391,ASI_000517,CTA_0012,,1205.57,0.0,Gasto salarial
ASD_0001392,ASI_000517,CTA_0016,,289.34,0.0,Cargas patronales
ASD_0001393,ASI_000517,CTA_0008,,0.0,1000.62,Sueldos a pagar
ASD_0001394,ASI_000517,CTA_0009,,0.0,494.29,Obligaciones sociales
ASD_0001395,ASI_000518,CTA_0012,,1252.41,0.0,Gasto salarial
ASD_0001396,ASI_000518,CTA_0016,,300.58,0.0,Cargas patronales
ASD_0001397,ASI_000518,CTA_0008,,0.0,1039.5,Sueldos a pagar
ASD_0001398,ASI_000518,CTA_0009,,0.0,513.49,Obligaciones sociales
ASD_0001399,ASI_000519,CTA_0012,,1236.98,0.0,Gasto salarial
ASD_0001400,ASI_000519,CTA_0016,,296.88,0.0,Cargas patronales
ASD_0001401,ASI_000519,CTA_0008,,0.0,1026.69,Sueldos a pagar
ASD_0001402,ASI_000519,CTA_0009,,0.0,507.17,Obligaciones sociales
ASD_0001403,ASI_000520,CTA_0012,,1448.89,0.0,Gasto salarial
ASD_0001404,ASI_000520,CTA_0016,,347.73,0.0,Cargas patronales
ASD_0001405,ASI_000520,CTA_0008,,0.0,1202.58,Sueldos a pagar
ASD_0001406,ASI_000520,CTA_0009,,0.0,594.04,Obligaciones sociales
ASD_0001407,ASI_000521,CTA_0012,,1297.32,0.0,Gasto salarial
ASD_0001408,ASI_000521,CTA_0016,,311.36,0.0,Cargas patronales
ASD_0001409,ASI_000521,CTA_0008,,0.0,1076.78,Sueldos a pagar
ASD_0001410,ASI_000521,CTA_0009,,0.0,531.9,Obligaciones sociales
ASD_0001411,ASI_000522,CTA_0012,,1403.89,0.0,Gasto salarial
ASD_0001412,ASI_000522,CTA_0016,,336.93,0.0,Cargas patronales
ASD_0001413,ASI_000522,CTA_0008,,0.0,1165.23,Sueldos a pagar
ASD_0001414,ASI_000522,CTA_0009,,0.0,575.59,Obligaciones sociales
ASD_0001415,ASI_000523,CTA_0012,,1245.81,0.0,Gasto salarial
ASD_0001416,ASI_000523,CTA_0016,,298.99,0.0,Cargas patronales
ASD_0001417,ASI_000523,CTA_0008,,0.0,1034.02,Sueldos a pagar
ASD_0001418,ASI_000523,CTA_0009,,0.0,510.78,Obligaciones sociales
ASD_0001419,ASI_000524,CTA_0012,,1188.32,0.0,Gasto salarial
ASD_0001420,ASI_000524,CTA_0016,,285.2,0.0,Cargas patronales
ASD_0001421,ASI_000524,CTA_0008,,0.0,986.31,Sueldos a pagar
ASD_0001422,ASI_000524,CTA_0009,,0.0,487.21,Obligaciones sociales
ASD_0001423,ASI_000525,CTA_0012,,1215.55,0.0,Gasto salarial
ASD_0001424,ASI_000525,CTA_0016,,291.73,0.0,Cargas patronales
ASD_0001425,ASI_000525,CTA_0008,,0.0,1008.91,Sueldos a pagar
ASD_0001426,ASI_000525,CTA_0009,,0.0,498.37,Obligaciones sociales
ASD_0001427,ASI_000526,CTA_0012,,1203.73,0.0,Gasto salarial
ASD_0001428,ASI_000526,CTA_0016,,288.9,0.0,Cargas patronales
ASD_0001429,ASI_000526,CTA_0008,,0.0,999.1,Sueldos a pagar
ASD_0001430,ASI_000526,CTA_0009,,0.0,493.53,Obligaciones sociales
ASD_0001431,ASI_000527,CTA_0012,,1398.82,0.0,Gasto salarial
ASD_0001432,ASI_000527,CTA_0016,,335.72,0.0,Cargas patronales
ASD_0001433,ASI_000527,CTA_0008,,0.0,1161.02,Sueldos a pagar
ASD_0001434,ASI_000527,CTA_0009,,0.0,573.52,Obligaciones sociales
ASD_0001435,ASI_000528,CTA_0012,,1291.39,0.0,Gasto salarial
ASD_0001436,ASI_000528,CTA_0016,,309.93,0.0,Cargas patronales
ASD_0001437,ASI_000528,CTA_0008,,0.0,1071.85,Sueldos a pagar
ASD_0001438,ASI_000528,CTA_0009,,0.0,529.47,Obligaciones sociales
ASD_0001439,ASI_000529,CTA_0012,,1479.5,0.0,Gasto salarial
ASD_0001440,ASI_000529,CTA_0016,,355.08,0.0,Cargas patronales
ASD_0001441,ASI_000529,CTA_0008,,0.0,1227.98,Sueldos a pagar
ASD_0001442,ASI_000529,CTA_0009,,0.0,606.6,Obligaciones sociales
ASD_0001443,ASI_000530,CTA_0012,,1405.62,0.0,Gasto salarial
ASD_0001444,ASI_000530,CTA_0016,,337.35,0.0,Cargas patronales
ASD_0001445,ASI_000530,CTA_0008,,0.0,1166.66,Sueldos a pagar
ASD_0001446,ASI_000530,CTA_0009,,0.0,576.31,Obligaciones sociales
ASD_0001447,ASI_000531,CTA_0012,,1350.63,0.0,Gasto salarial
ASD_0001448,ASI_000531,CTA_0016,,324.15,0.0,Cargas patronales
ASD_0001449,ASI_000531,CTA_0008,,0.0,1121.02,Sueldos a pagar
ASD_0001450,ASI_000531,CTA_0009,,0.0,553.76,Obligaciones sociales
ASD_0001451,ASI_000532,CTA_0012,,1473.1,0.0,Gasto salarial
ASD_0001452,ASI_000532,CTA_0016,,353.54,0.0,Cargas patronales
ASD_0001453,ASI_000532,CTA_0008,,0.0,1222.67,Sueldos a pagar
ASD_0001454,ASI_000532,CTA_0009,,0.0,603.97,Obligaciones sociales
ASD_0001455,ASI_000533,CTA_0012,,1457.16,0.0,Gasto salarial
ASD_0001456,ASI_000533,CTA_0016,,349.72,0.0,Cargas patronales
ASD_0001457,ASI_000533,CTA_0008,,0.0,1209.44,Sueldos a pagar
ASD_0001458,ASI_000533,CTA_0009,,0.0,597.44,Obligaciones sociales
ASD_0001459,ASI_000534,CTA_0012,,1198.1,0.0,Gasto salarial
ASD_0001460,ASI_000534,CTA_0016,,287.54,0.0,Cargas patronales
ASD_0001461,ASI_000534,CTA_0008,,0.0,994.42,Sueldos a pagar
ASD_0001462,ASI_000534,CTA_0009,,0.0,491.22,Obligaciones sociales
ASD_0001463,ASI_000535,CTA_0012,,1426.38,0.0,Gasto salarial
ASD_0001464,ASI_000535,CTA_0016,,342.33,0.0,Cargas patronales
ASD_0001465,ASI_000535,CTA_0008,,0.0,1183.9,Sueldos a pagar
ASD_0001466,ASI_000535,CTA_0009,,0.0,584.81,Obligaciones sociales
ASD_0001467,ASI_000536,CTA_0012,,1354.97,0.0,Gasto salarial
ASD_0001468,ASI_000536,CTA_0016,,325.19,0.0,Cargas patronales
ASD_0001469,ASI_000536,CTA_0008,,0.0,1124.63,Sueldos a pagar
ASD_0001470,ASI_000536,CTA_0009,,0.0,555.53,Obligaciones sociales
ASD_0001471,ASI_000537,CTA_0012,,2020.98,0.0,Gasto salarial
ASD_0001472,ASI_000537,CTA_0016,,485.04,0.0,Cargas patronales
ASD_0001473,ASI_000537,CTA_0008,,0.0,1677.41,Sueldos a pagar
ASD_0001474,ASI_000537,CTA_0009,,0.0,828.61,Obligaciones sociales
ASD_0001475,ASI_000538,CTA_0012,,1158.54,0.0,Gasto salarial
ASD_0001476,ASI_000538,CTA_0016,,278.05,0.0,Cargas patronales
ASD_0001477,ASI_000538,CTA_0008,,0.0,961.59,Sueldos a pagar
ASD_0001478,ASI_000538,CTA_0009,,0.0,475.0,Obligaciones sociales
ASD_0001479,ASI_000539,CTA_0012,,1430.45,0.0,Gasto salarial
ASD_0001480,ASI_000539,CTA_0016,,343.31,0.0,Cargas patronales
ASD_0001481,ASI_000539,CTA_0008,,0.0,1187.27,Sueldos a pagar
ASD_0001482,ASI_000539,CTA_0009,,0.0,586.49,Obligaciones sociales
ASD_0001483,ASI_000540,CTA_0012,,1160.07,0.0,Gasto salarial
ASD_0001484,ASI_000540,CTA_0016,,278.42,0.0,Cargas patronales
ASD_0001485,ASI_000540,CTA_0008,,0.0,962.86,Sueldos a pagar
ASD_0001486,ASI_000540,CTA_0009,,0.0,475.63,Obligaciones sociales
ASD_0001487,ASI_000541,CTA_0012,,1209.92,0.0,Gasto salarial
ASD_0001488,ASI_000541,CTA_0016,,290.38,0.0,Cargas patronales
ASD_0001489,ASI_000541,CTA_0008,,0.0,1004.23,Sueldos a pagar
ASD_0001490,ASI_000541,CTA_0009,,0.0,496.07,Obligaciones sociales
ASD_0001491,ASI_000542,CTA_0012,,1349.9,0.0,Gasto salarial
ASD_0001492,ASI_000542,CTA_0016,,323.98,0.0,Cargas patronales
ASD_0001493,ASI_000542,CTA_0008,,0.0,1120.42,Sueldos a pagar
ASD_0001494,ASI_000542,CTA_0009,,0.0,553.46,Obligaciones sociales
ASD_0001495,ASI_000543,CTA_0012,,1419.97,0.0,Gasto salarial
ASD_0001496,ASI_000543,CTA_0016,,340.79,0.0,Cargas patronales
ASD_0001497,ASI_000543,CTA_0008,,0.0,1178.58,Sueldos a pagar
ASD_0001498,ASI_000543,CTA_0009,,0.0,582.18,Obligaciones sociales
ASD_0001499,ASI_000544,CTA_0012,,1439.29,0.0,Gasto salarial
ASD_0001500,ASI_000544,CTA_0016,,345.43,0.0,Cargas patronales
ASD_0001501,ASI_000544,CTA_0008,,0.0,1194.61,Sueldos a pagar
ASD_0001502,ASI_000544,CTA_0009,,0.0,590.11,Obligaciones sociales
ASD_0001503,ASI_000545,CTA_0012,,1399.87,0.0,Gasto salarial
ASD_0001504,ASI_000545,CTA_0016,,335.97,0.0,Cargas patronales
ASD_0001505,ASI_000545,CTA_0008,,0.0,1161.89,Sueldos a pagar
ASD_0001506,ASI_000545,CTA_0009,,0.0,573.95,Obligaciones sociales
ASD_0001507,ASI_000546,CTA_0012,,1445.26,0.0,Gasto salarial
ASD_0001508,ASI_000546,CTA_0016,,346.86,0.0,Cargas patronales
ASD_0001509,ASI_000546,CTA_0008,,0.0,1199.57,Sueldos a pagar
ASD_0001510,ASI_000546,CTA_0009,,0.0,592.55,Obligaciones sociales
ASD_0001511,ASI_000547,CTA_0012,,1421.89,0.0,Gasto salarial
ASD_0001512,ASI_000547,CTA_0016,,341.25,0.0,Cargas patronales
ASD_0001513,ASI_000547,CTA_0008,,0.0,1180.17,Sueldos a pagar
ASD_0001514,ASI_000547,CTA_0009,,0.0,582.97,Obligaciones sociales
ASD_0001515,ASI_000548,CTA_0012,,1171.46,0.0,Gasto salarial
ASD_0001516,ASI_000548,CTA_0016,,281.15,0.0,Cargas patronales
ASD_0001517,ASI_000548,CTA_0008,,0.0,972.31,Sueldos a pagar
ASD_0001518,ASI_000548,CTA_0009,,0.0,480.3,Obligaciones sociales
ASD_0001519,ASI_000549,CTA_0012,,1220.71,0.0,Gasto salarial
ASD_0001520,ASI_000549,CTA_0016,,292.97,0.0,Cargas patronales
ASD_0001521,ASI_000549,CTA_0008,,0.0,1013.19,Sueldos a pagar
ASD_0001522,ASI_000549,CTA_0009,,0.0,500.49,Obligaciones sociales
ASD_0001523,ASI_000550,CTA_0012,,1219.41,0.0,Gasto salarial
ASD_0001524,ASI_000550,CTA_0016,,292.66,0.0,Cargas patronales
ASD_0001525,ASI_000550,CTA_0008,,0.0,1012.11,Sueldos a pagar
ASD_0001526,ASI_000550,CTA_0009,,0.0,499.96,Obligaciones sociales
ASD_0001527,ASI_000551,CTA_0012,,1615.33,0.0,Gasto salarial
ASD_0001528,ASI_000551,CTA_0016,,387.68,0.0,Cargas patronales
ASD_0001529,ASI_000551,CTA_0008,,0.0,1340.72,Sueldos a pagar
ASD_0001530,ASI_000551,CTA_0009,,0.0,662.29,Obligaciones sociales
ASD_0001531,ASI_000552,CTA_0012,,1369.89,0.0,Gasto salarial
ASD_0001532,ASI_000552,CTA_0016,,328.77,0.0,Cargas patronales
ASD_0001533,ASI_000552,CTA_0008,,0.0,1137.01,Sueldos a pagar
ASD_0001534,ASI_000552,CTA_0009,,0.0,561.65,Obligaciones sociales
ASD_0001535,ASI_000553,CTA_0012,,1454.06,0.0,Gasto salarial
ASD_0001536,ASI_000553,CTA_0016,,348.97,0.0,Cargas patronales
ASD_0001537,ASI_000553,CTA_0008,,0.0,1206.87,Sueldos a pagar
ASD_0001538,ASI_000553,CTA_0009,,0.0,596.16,Obligaciones sociales
ASD_0001539,ASI_000554,CTA_0012,,1492.42,0.0,Gasto salarial
ASD_0001540,ASI_000554,CTA_0016,,358.18,0.0,Cargas patronales
ASD_0001541,ASI_000554,CTA_0008,,0.0,1238.71,Sueldos a pagar
ASD_0001542,ASI_000554,CTA_0009,,0.0,611.89,Obligaciones sociales
ASD_0001543,ASI_000555,CTA_0012,,1464.81,0.0,Gasto salarial
ASD_0001544,ASI_000555,CTA_0016,,351.55,0.0,Cargas patronales
ASD_0001545,ASI_000555,CTA_0008,,0.0,1215.79,Sueldos a pagar
ASD_0001546,ASI_000555,CTA_0009,,0.0,600.57,Obligaciones sociales
ASD_0001547,ASI_000556,CTA_0012,,1489.79,0.0,Gasto salarial
ASD_0001548,ASI_000556,CTA_0016,,357.55,0.0,Cargas patronales
ASD_0001549,ASI_000556,CTA_0008,,0.0,1236.53,Sueldos a pagar
ASD_0001550,ASI_000556,CTA_0009,,0.0,610.81,Obligaciones sociales
ASD_0001551,ASI_000557,CTA_0012,,1497.41,0.0,Gasto salarial
ASD_0001552,ASI_000557,CTA_0016,,359.38,0.0,Cargas patronales
ASD_0001553,ASI_000557,CTA_0008,,0.0,1242.85,Sueldos a pagar
ASD_0001554,ASI_000557,CTA_0009,,0.0,613.94,Obligaciones sociales
ASD_0001555,ASI_000558,CTA_0012,,1179.2,0.0,Gasto salarial
ASD_0001556,ASI_000558,CTA_0016,,283.01,0.0,Cargas patronales
ASD_0001557,ASI_000558,CTA_0008,,0.0,978.74,Sueldos a pagar
ASD_0001558,ASI_000558,CTA_0009,,0.0,483.47,Obligaciones sociales
ASD_0001559,ASI_000559,CTA_0012,,1470.72,0.0,Gasto salarial
ASD_0001560,ASI_000559,CTA_0016,,352.97,0.0,Cargas patronales
ASD_0001561,ASI_000559,CTA_0008,,0.0,1220.7,Sueldos a pagar
ASD_0001562,ASI_000559,CTA_0009,,0.0,602.99,Obligaciones sociales
ASD_0001563,ASI_000560,CTA_0012,,1346.91,0.0,Gasto salarial
ASD_0001564,ASI_000560,CTA_0016,,323.26,0.0,Cargas patronales
ASD_0001565,ASI_000560,CTA_0008,,0.0,1117.94,Sueldos a pagar
ASD_0001566,ASI_000560,CTA_0009,,0.0,552.23,Obligaciones sociales
ASD_0001567,ASI_000561,CTA_0012,,2075.3,0.0,Gasto salarial
ASD_0001568,ASI_000561,CTA_0016,,498.07,0.0,Cargas patronales
ASD_0001569,ASI_000561,CTA_0008,,0.0,1722.5,Sueldos a pagar
ASD_0001570,ASI_000561,CTA_0009,,0.0,850.87,Obligaciones sociales
ASD_0001571,ASI_000562,CTA_0012,,1169.46,0.0,Gasto salarial
ASD_0001572,ASI_000562,CTA_0016,,280.67,0.0,Cargas patronales
ASD_0001573,ASI_000562,CTA_0008,,0.0,970.65,Sueldos a pagar
ASD_0001574,ASI_000562,CTA_0009,,0.0,479.48,Obligaciones sociales
ASD_0001575,ASI_000563,CTA_0012,,1324.05,0.0,Gasto salarial
ASD_0001576,ASI_000563,CTA_0016,,317.77,0.0,Cargas patronales
ASD_0001577,ASI_000563,CTA_0008,,0.0,1098.96,Sueldos a pagar
ASD_0001578,ASI_000563,CTA_0009,,0.0,542.86,Obligaciones sociales
ASD_0001579,ASI_000564,CTA_0012,,1223.82,0.0,Gasto salarial
ASD_0001580,ASI_000564,CTA_0016,,293.72,0.0,Cargas patronales
ASD_0001581,ASI_000564,CTA_0008,,0.0,1015.77,Sueldos a pagar
ASD_0001582,ASI_000564,CTA_0009,,0.0,501.77,Obligaciones sociales
ASD_0001583,ASI_000565,CTA_0012,,1199.95,0.0,Gasto salarial
ASD_0001584,ASI_000565,CTA_0016,,287.99,0.0,Cargas patronales
ASD_0001585,ASI_000565,CTA_0008,,0.0,995.96,Sueldos a pagar
ASD_0001586,ASI_000565,CTA_0009,,0.0,491.98,Obligaciones sociales
ASD_0001587,ASI_000566,CTA_0012,,1453.43,0.0,Gasto salarial
ASD_0001588,ASI_000566,CTA_0016,,348.82,0.0,Cargas patronales
ASD_0001589,ASI_000566,CTA_0008,,0.0,1206.35,Sueldos a pagar
ASD_0001590,ASI_000566,CTA_0009,,0.0,595.9,Obligaciones sociales
ASD_0001591,ASI_000567,CTA_0012,,1297.31,0.0,Gasto salarial
ASD_0001592,ASI_000567,CTA_0016,,311.35,0.0,Cargas patronales
ASD_0001593,ASI_000567,CTA_0008,,0.0,1076.77,Sueldos a pagar
ASD_0001594,ASI_000567,CTA_0009,,0.0,531.89,Obligaciones sociales
ASD_0001595,ASI_000568,CTA_0012,,1486.42,0.0,Gasto salarial
ASD_0001596,ASI_000568,CTA_0016,,356.74,0.0,Cargas patronales
ASD_0001597,ASI_000568,CTA_0008,,0.0,1233.73,Sueldos a pagar
ASD_0001598,ASI_000568,CTA_0009,,0.0,609.43,Obligaciones sociales
ASD_0001599,ASI_000569,CTA_0012,,1357.59,0.0,Gasto salarial
ASD_0001600,ASI_000569,CTA_0016,,325.82,0.0,Cargas patronales
ASD_0001601,ASI_000569,CTA_0008,,0.0,1126.8,Sueldos a pagar
ASD_0001602,ASI_000569,CTA_0009,,0.0,556.61,Obligaciones sociales
ASD_0001603,ASI_000570,CTA_0012,,1470.01,0.0,Gasto salarial
ASD_0001604,ASI_000570,CTA_0016,,352.8,0.0,Cargas patronales
ASD_0001605,ASI_000570,CTA_0008,,0.0,1220.11,Sueldos a pagar
ASD_0001606,ASI_000570,CTA_0009,,0.0,602.7,Obligaciones sociales
ASD_0001607,ASI_000571,CTA_0012,,1368.31,0.0,Gasto salarial
ASD_0001608,ASI_000571,CTA_0016,,328.39,0.0,Cargas patronales
ASD_0001609,ASI_000571,CTA_0008,,0.0,1135.7,Sueldos a pagar
ASD_0001610,ASI_000571,CTA_0009,,0.0,561.0,Obligaciones sociales
ASD_0001611,ASI_000572,CTA_0012,,1204.85,0.0,Gasto salarial
ASD_0001612,ASI_000572,CTA_0016,,289.16,0.0,Cargas patronales
ASD_0001613,ASI_000572,CTA_0008,,0.0,1000.03,Sueldos a pagar
ASD_0001614,ASI_000572,CTA_0009,,0.0,493.98,Obligaciones sociales
ASD_0001615,ASI_000573,CTA_0012,,1160.71,0.0,Gasto salarial
ASD_0001616,ASI_000573,CTA_0016,,278.57,0.0,Cargas patronales
ASD_0001617,ASI_000573,CTA_0008,,0.0,963.39,Sueldos a pagar
ASD_0001618,ASI_000573,CTA_0009,,0.0,475.89,Obligaciones sociales
ASD_0001619,ASI_000574,CTA_0012,,1167.24,0.0,Gasto salarial
ASD_0001620,ASI_000574,CTA_0016,,280.14,0.0,Cargas patronales
ASD_0001621,ASI_000574,CTA_0008,,0.0,968.81,Sueldos a pagar
ASD_0001622,ASI_000574,CTA_0009,,0.0,478.57,Obligaciones sociales
ASD_0001623,ASI_000575,CTA_0012,,1493.28,0.0,Gasto salarial
ASD_0001624,ASI_000575,CTA_0016,,358.39,0.0,Cargas patronales
ASD_0001625,ASI_000575,CTA_0008,,0.0,1239.42,Sueldos a pagar
ASD_0001626,ASI_000575,CTA_0009,,0.0,612.25,Obligaciones sociales
ASD_0001627,ASI_000576,CTA_0012,,1510.7,0.0,Gasto salarial
ASD_0001628,ASI_000576,CTA_0016,,362.57,0.0,Cargas patronales
ASD_0001629,ASI_000576,CTA_0008,,0.0,1253.88,Sueldos a pagar
ASD_0001630,ASI_000576,CTA_0009,,0.0,619.39,Obligaciones sociales
ASD_0001631,ASI_000577,CTA_0012,,1486.98,0.0,Gasto salarial
ASD_0001632,ASI_000577,CTA_0016,,356.88,0.0,Cargas patronales
ASD_0001633,ASI_000577,CTA_0008,,0.0,1234.19,Sueldos a pagar
ASD_0001634,ASI_000577,CTA_0009,,0.0,609.67,Obligaciones sociales
ASD_0001635,ASI_000578,CTA_0012,,1655.73,0.0,Gasto salarial
ASD_0001636,ASI_000578,CTA_0016,,397.38,0.0,Cargas patronales
ASD_0001637,ASI_000578,CTA_0008,,0.0,1374.26,Sueldos a pagar
ASD_0001638,ASI_000578,CTA_0009,,0.0,678.85,Obligaciones sociales
ASD_0001639,ASI_000579,CTA_0012,,1288.91,0.0,Gasto salarial
ASD_0001640,ASI_000579,CTA_0016,,309.34,0.0,Cargas patronales
ASD_0001641,ASI_000579,CTA_0008,,0.0,1069.8,Sueldos a pagar
ASD_0001642,ASI_000579,CTA_0009,,0.0,528.45,Obligaciones sociales
ASD_0001643,ASI_000580,CTA_0012,,1493.42,0.0,Gasto salarial
ASD_0001644,ASI_000580,CTA_0016,,358.42,0.0,Cargas patronales
ASD_0001645,ASI_000580,CTA_0008,,0.0,1239.54,Sueldos a pagar
ASD_0001646,ASI_000580,CTA_0009,,0.0,612.3,Obligaciones sociales
ASD_0001647,ASI_000581,CTA_0012,,1484.53,0.0,Gasto salarial
ASD_0001648,ASI_000581,CTA_0016,,356.29,0.0,Cargas patronales
ASD_0001649,ASI_000581,CTA_0008,,0.0,1232.16,Sueldos a pagar
ASD_0001650,ASI_000581,CTA_0009,,0.0,608.66,Obligaciones sociales
ASD_0001651,ASI_000582,CTA_0012,,1213.17,0.0,Gasto salarial
ASD_0001652,ASI_000582,CTA_0016,,291.16,0.0,Cargas patronales
ASD_0001653,ASI_000582,CTA_0008,,0.0,1006.93,Sueldos a pagar
ASD_0001654,ASI_000582,CTA_0009,,0.0,497.4,Obligaciones sociales
ASD_0001655,ASI_000583,CTA_0012,,1502.32,0.0,Gasto salarial
ASD_0001656,ASI_000583,CTA_0016,,360.56,0.0,Cargas patronales
ASD_0001657,ASI_000583,CTA_0008,,0.0,1246.93,Sueldos a pagar
ASD_0001658,ASI_000583,CTA_0009,,0.0,615.95,Obligaciones sociales
ASD_0001659,ASI_000584,CTA_0012,,1260.64,0.0,Gasto salarial
ASD_0001660,ASI_000584,CTA_0016,,302.55,0.0,Cargas patronales
ASD_0001661,ASI_000584,CTA_0008,,0.0,1046.33,Sueldos a pagar
ASD_0001662,ASI_000584,CTA_0009,,0.0,516.86,Obligaciones sociales
ASD_0001663,ASI_000585,CTA_0012,,1853.3,0.0,Gasto salarial
ASD_0001664,ASI_000585,CTA_0016,,444.79,0.0,Cargas patronales
ASD_0001665,ASI_000585,CTA_0008,,0.0,1538.24,Sueldos a pagar
ASD_0001666,ASI_000585,CTA_0009,,0.0,759.85,Obligaciones sociales
ASD_0001667,ASI_000586,CTA_0012,,1192.86,0.0,Gasto salarial
ASD_0001668,ASI_000586,CTA_0016,,286.29,0.0,Cargas patronales
ASD_0001669,ASI_000586,CTA_0008,,0.0,990.07,Sueldos a pagar
ASD_0001670,ASI_000586,CTA_0009,,0.0,489.08,Obligaciones sociales
ASD_0001671,ASI_000587,CTA_0012,,1288.83,0.0,Gasto salarial
ASD_0001672,ASI_000587,CTA_0016,,309.32,0.0,Cargas patronales
ASD_0001673,ASI_000587,CTA_0008,,0.0,1069.73,Sueldos a pagar
ASD_0001674,ASI_000587,CTA_0009,,0.0,528.42,Obligaciones sociales
ASD_0001675,ASI_000588,CTA_0012,,1186.94,0.0,Gasto salarial
ASD_0001676,ASI_000588,CTA_0016,,284.87,0.0,Cargas patronales
ASD_0001677,ASI_000588,CTA_0008,,0.0,985.16,Sueldos a pagar
ASD_0001678,ASI_000588,CTA_0009,,0.0,486.65,Obligaciones sociales
ASD_0001679,ASI_000589,CTA_0012,,1214.44,0.0,Gasto salarial
ASD_0001680,ASI_000589,CTA_0016,,291.47,0.0,Cargas patronales
ASD_0001681,ASI_000589,CTA_0008,,0.0,1007.99,Sueldos a pagar
ASD_0001682,ASI_000589,CTA_0009,,0.0,497.92,Obligaciones sociales
ASD_0001683,ASI_000590,CTA_0012,,1284.95,0.0,Gasto salarial
ASD_0001684,ASI_000590,CTA_0016,,308.39,0.0,Cargas patronales
ASD_0001685,ASI_000590,CTA_0008,,0.0,1066.51,Sueldos a pagar
ASD_0001686,ASI_000590,CTA_0009,,0.0,526.83,Obligaciones sociales
ASD_0001687,ASI_000591,CTA_0012,,1297.14,0.0,Gasto salarial
ASD_0001688,ASI_000591,CTA_0016,,311.31,0.0,Cargas patronales
ASD_0001689,ASI_000591,CTA_0008,,0.0,1076.63,Sueldos a pagar
ASD_0001690,ASI_000591,CTA_0009,,0.0,531.82,Obligaciones sociales
ASD_0001691,ASI_000592,CTA_0012,,1442.66,0.0,Gasto salarial
ASD_0001692,ASI_000592,CTA_0016,,346.24,0.0,Cargas patronales
ASD_0001693,ASI_000592,CTA_0008,,0.0,1197.41,Sueldos a pagar
ASD_0001694,ASI_000592,CTA_0009,,0.0,591.49,Obligaciones sociales
ASD_0001695,ASI_000593,CTA_0012,,1278.22,0.0,Gasto salarial
ASD_0001696,ASI_000593,CTA_0016,,306.77,0.0,Cargas patronales
ASD_0001697,ASI_000593,CTA_0008,,0.0,1060.92,Sueldos a pagar
ASD_0001698,ASI_000593,CTA_0009,,0.0,524.07,Obligaciones sociales
ASD_0001699,ASI_000594,CTA_0012,,1415.07,0.0,Gasto salarial
ASD_0001700,ASI_000594,CTA_0016,,339.62,0.0,Cargas patronales
ASD_0001701,ASI_000594,CTA_0008,,0.0,1174.51,Sueldos a pagar
ASD_0001702,ASI_000594,CTA_0009,,0.0,580.18,Obligaciones sociales
ASD_0001703,ASI_000595,CTA_0012,,1295.22,0.0,Gasto salarial
ASD_0001704,ASI_000595,CTA_0016,,310.85,0.0,Cargas patronales
ASD_0001705,ASI_000595,CTA_0008,,0.0,1075.03,Sueldos a pagar
ASD_0001706,ASI_000595,CTA_0009,,0.0,531.04,Obligaciones sociales
ASD_0001707,ASI_000596,CTA_0012,,1220.61,0.0,Gasto salarial
ASD_0001708,ASI_000596,CTA_0016,,292.95,0.0,Cargas patronales
ASD_0001709,ASI_000596,CTA_0008,,0.0,1013.11,Sueldos a pagar
ASD_0001710,ASI_000596,CTA_0009,,0.0,500.45,Obligaciones sociales
ASD_0001711,ASI_000597,CTA_0012,,1197.01,0.0,Gasto salarial
ASD_0001712,ASI_000597,CTA_0016,,287.28,0.0,Cargas patronales
ASD_0001713,ASI_000597,CTA_0008,,0.0,993.52,Sueldos a pagar
ASD_0001714,ASI_000597,CTA_0009,,0.0,490.77,Obligaciones sociales
ASD_0001715,ASI_000598,CTA_0012,,1197.4,0.0,Gasto salarial
ASD_0001716,ASI_000598,CTA_0016,,287.38,0.0,Cargas patronales
ASD_0001717,ASI_000598,CTA_0008,,0.0,993.84,Sueldos a pagar
ASD_0001718,ASI_000598,CTA_0009,,0.0,490.94,Obligaciones sociales
ASD_0001719,ASI_000599,CTA_0012,,1366.25,0.0,Gasto salarial
ASD_0001720,ASI_000599,CTA_0016,,327.9,0.0,Cargas patronales
ASD_0001721,ASI_000599,CTA_0008,,0.0,1133.99,Sueldos a pagar
ASD_0001722,ASI_000599,CTA_0009,,0.0,560.16,Obligaciones sociales
ASD_0001723,ASI_000600,CTA_0012,,1298.12,0.0,Gasto salarial
ASD_0001724,ASI_000600,CTA_0016,,311.55,0.0,Cargas patronales
ASD_0001725,ASI_000600,CTA_0008,,0.0,1077.44,Sueldos a pagar
ASD_0001726,ASI_000600,CTA_0009,,0.0,532.23,Obligaciones sociales
ASD_0001727,ASI_000601,CTA_0012,,1443.19,0.0,Gasto salarial
ASD_0001728,ASI_000601,CTA_0016,,346.37,0.0,Cargas patronales
ASD_0001729,ASI_000601,CTA_0008,,0.0,1197.85,Sueldos a pagar
ASD_0001730,ASI_000601,CTA_0009,,0.0,591.71,Obligaciones sociales
ASD_0001731,ASI_000602,CTA_0012,,1412.41,0.0,Gasto salarial
ASD_0001732,ASI_000602,CTA_0016,,338.98,0.0,Cargas patronales
ASD_0001733,ASI_000602,CTA_0008,,0.0,1172.3,Sueldos a pagar
ASD_0001734,ASI_000602,CTA_0009,,0.0,579.09,Obligaciones sociales
ASD_0001735,ASI_000603,CTA_0012,,1284.68,0.0,Gasto salarial
ASD_0001736,ASI_000603,CTA_0016,,308.32,0.0,Cargas patronales
ASD_0001737,ASI_000603,CTA_0008,,0.0,1066.28,Sueldos a pagar
ASD_0001738,ASI_000603,CTA_0009,,0.0,526.72,Obligaciones sociales
ASD_0001739,ASI_000604,CTA_0012,,1459.39,0.0,Gasto salarial
ASD_0001740,ASI_000604,CTA_0016,,350.25,0.0,Cargas patronales
ASD_0001741,ASI_000604,CTA_0008,,0.0,1211.29,Sueldos a pagar
ASD_0001742,ASI_000604,CTA_0009,,0.0,598.35,Obligaciones sociales
ASD_0001743,ASI_000605,CTA_0012,,1439.37,0.0,Gasto salarial
ASD_0001744,ASI_000605,CTA_0016,,345.45,0.0,Cargas patronales
ASD_0001745,ASI_000605,CTA_0008,,0.0,1194.68,Sueldos a pagar
ASD_0001746,ASI_000605,CTA_0009,,0.0,590.14,Obligaciones sociales
ASD_0001747,ASI_000606,CTA_0012,,1169.78,0.0,Gasto salarial
ASD_0001748,ASI_000606,CTA_0016,,280.75,0.0,Cargas patronales
ASD_0001749,ASI_000606,CTA_0008,,0.0,970.92,Sueldos a pagar
ASD_0001750,ASI_000606,CTA_0009,,0.0,479.61,Obligaciones sociales
ASD_0001751,ASI_000607,CTA_0012,,1495.52,0.0,Gasto salarial
ASD_0001752,ASI_000607,CTA_0016,,358.92,0.0,Cargas patronales
ASD_0001753,ASI_000607,CTA_0008,,0.0,1241.28,Sueldos a pagar
ASD_0001754,ASI_000607,CTA_0009,,0.0,613.16,Obligaciones sociales
ASD_0001755,ASI_000608,CTA_0012,,1263.31,0.0,Gasto salarial
ASD_0001756,ASI_000608,CTA_0016,,303.19,0.0,Cargas patronales
ASD_0001757,ASI_000608,CTA_0008,,0.0,1048.55,Sueldos a pagar
ASD_0001758,ASI_000608,CTA_0009,,0.0,517.95,Obligaciones sociales
ASD_0001759,ASI_000609,CTA_0012,,1793.44,0.0,Gasto salarial
ASD_0001760,ASI_000609,CTA_0016,,430.43,0.0,Cargas patronales
ASD_0001761,ASI_000609,CTA_0008,,0.0,1488.56,Sueldos a pagar
ASD_0001762,ASI_000609,CTA_0009,,0.0,735.31,Obligaciones sociales
ASD_0001763,ASI_000610,CTA_0012,,1207.16,0.0,Gasto salarial
ASD_0001764,ASI_000610,CTA_0016,,289.72,0.0,Cargas patronales
ASD_0001765,ASI_000610,CTA_0008,,0.0,1001.94,Sueldos a pagar
ASD_0001766,ASI_000610,CTA_0009,,0.0,494.94,Obligaciones sociales
ASD_0001767,ASI_000611,CTA_0012,,1243.76,0.0,Gasto salarial
ASD_0001768,ASI_000611,CTA_0016,,298.5,0.0,Cargas patronales
ASD_0001769,ASI_000611,CTA_0008,,0.0,1032.32,Sueldos a pagar
ASD_0001770,ASI_000611,CTA_0009,,0.0,509.94,Obligaciones sociales
ASD_0001771,ASI_000612,CTA_0012,,1218.45,0.0,Gasto salarial
ASD_0001772,ASI_000612,CTA_0016,,292.43,0.0,Cargas patronales
ASD_0001773,ASI_000612,CTA_0008,,0.0,1011.31,Sueldos a pagar
ASD_0001774,ASI_000612,CTA_0009,,0.0,499.57,Obligaciones sociales
ASD_0001775,ASI_000613,CTA_0012,,1178.32,0.0,Gasto salarial
ASD_0001776,ASI_000613,CTA_0016,,282.8,0.0,Cargas patronales
ASD_0001777,ASI_000613,CTA_0008,,0.0,978.01,Sueldos a pagar
ASD_0001778,ASI_000613,CTA_0009,,0.0,483.11,Obligaciones sociales
ASD_0001779,ASI_000614,CTA_0012,,1240.02,0.0,Gasto salarial
ASD_0001780,ASI_000614,CTA_0016,,297.6,0.0,Cargas patronales
ASD_0001781,ASI_000614,CTA_0008,,0.0,1029.22,Sueldos a pagar
ASD_0001782,ASI_000614,CTA_0009,,0.0,508.4,Obligaciones sociales
ASD_0001783,ASI_000615,CTA_0012,,1231.36,0.0,Gasto salarial
ASD_0001784,ASI_000615,CTA_0016,,295.53,0.0,Cargas patronales
ASD_0001785,ASI_000615,CTA_0008,,0.0,1022.03,Sueldos a pagar
ASD_0001786,ASI_000615,CTA_0009,,0.0,504.86,Obligaciones sociales
ASD_0001787,ASI_000616,CTA_0012,,1465.5,0.0,Gasto salarial
ASD_0001788,ASI_000616,CTA_0016,,351.72,0.0,Cargas patronales
ASD_0001789,ASI_000616,CTA_0008,,0.0,1216.36,Sueldos a pagar
ASD_0001790,ASI_000616,CTA_0009,,0.0,600.86,Obligaciones sociales
ASD_0001791,ASI_000617,CTA_0012,,1258.81,0.0,Gasto salarial
ASD_0001792,ASI_000617,CTA_0016,,302.11,0.0,Cargas patronales
ASD_0001793,ASI_000617,CTA_0008,,0.0,1044.81,Sueldos a pagar
ASD_0001794,ASI_000617,CTA_0009,,0.0,516.11,Obligaciones sociales
ASD_0001795,ASI_000618,CTA_0012,,1414.61,0.0,Gasto salarial
ASD_0001796,ASI_000618,CTA_0016,,339.51,0.0,Cargas patronales
ASD_0001797,ASI_000618,CTA_0008,,0.0,1174.13,Sueldos a pagar
ASD_0001798,ASI_000618,CTA_0009,,0.0,579.99,Obligaciones sociales
ASD_0001799,ASI_000619,CTA_0012,,1259.85,0.0,Gasto salarial
ASD_0001800,ASI_000619,CTA_0016,,302.36,0.0,Cargas patronales
ASD_0001801,ASI_000619,CTA_0008,,0.0,1045.68,Sueldos a pagar
ASD_0001802,ASI_000619,CTA_0009,,0.0,516.53,Obligaciones sociales
ASD_0001803,ASI_000620,CTA_0012,,1180.74,0.0,Gasto salarial
ASD_0001804,ASI_000620,CTA_0016,,283.38,0.0,Cargas patronales
ASD_0001805,ASI_000620,CTA_0008,,0.0,980.01,Sueldos a pagar
ASD_0001806,ASI_000620,CTA_0009,,0.0,484.11,Obligaciones sociales
ASD_0001807,ASI_000621,CTA_0012,,1174.93,0.0,Gasto salarial
ASD_0001808,ASI_000621,CTA_0016,,281.98,0.0,Cargas patronales
ASD_0001809,ASI_000621,CTA_0008,,0.0,975.19,Sueldos a pagar
ASD_0001810,ASI_000621,CTA_0009,,0.0,481.72,Obligaciones sociales
ASD_0001811,ASI_000622,CTA_0012,,1176.09,0.0,Gasto salarial
ASD_0001812,ASI_000622,CTA_0016,,282.26,0.0,Cargas patronales
ASD_0001813,ASI_000622,CTA_0008,,0.0,976.15,Sueldos a pagar
ASD_0001814,ASI_000622,CTA_0009,,0.0,482.2,Obligaciones sociales
ASD_0001815,ASI_000623,CTA_0012,,1429.23,0.0,Gasto salarial
ASD_0001816,ASI_000623,CTA_0016,,343.02,0.0,Cargas patronales
ASD_0001817,ASI_000623,CTA_0008,,0.0,1186.26,Sueldos a pagar
ASD_0001818,ASI_000623,CTA_0009,,0.0,585.99,Obligaciones sociales
ASD_0001819,ASI_000624,CTA_0012,,1237.38,0.0,Gasto salarial
ASD_0001820,ASI_000624,CTA_0016,,296.97,0.0,Cargas patronales
ASD_0001821,ASI_000624,CTA_0008,,0.0,1027.03,Sueldos a pagar
ASD_0001822,ASI_000624,CTA_0009,,0.0,507.32,Obligaciones sociales
ASD_0001823,ASI_000625,CTA_0012,,1506.97,0.0,Gasto salarial
ASD_0001824,ASI_000625,CTA_0016,,361.67,0.0,Cargas patronales
ASD_0001825,ASI_000625,CTA_0008,,0.0,1250.79,Sueldos a pagar
ASD_0001826,ASI_000625,CTA_0009,,0.0,617.85,Obligaciones sociales
ASD_0001827,ASI_000626,CTA_0012,,1379.47,0.0,Gasto salarial
ASD_0001828,ASI_000626,CTA_0016,,331.07,0.0,Cargas patronales
ASD_0001829,ASI_000626,CTA_0008,,0.0,1144.96,Sueldos a pagar
ASD_0001830,ASI_000626,CTA_0009,,0.0,565.58,Obligaciones sociales
ASD_0001831,ASI_000627,CTA_0012,,1231.63,0.0,Gasto salarial
ASD_0001832,ASI_000627,CTA_0016,,295.59,0.0,Cargas patronales
ASD_0001833,ASI_000627,CTA_0008,,0.0,1022.25,Sueldos a pagar
ASD_0001834,ASI_000627,CTA_0009,,0.0,504.97,Obligaciones sociales
ASD_0001835,ASI_000628,CTA_0012,,1442.64,0.0,Gasto salarial
ASD_0001836,ASI_000628,CTA_0016,,346.23,0.0,Cargas patronales
ASD_0001837,ASI_000628,CTA_0008,,0.0,1197.39,Sueldos a pagar
ASD_0001838,ASI_000628,CTA_0009,,0.0,591.48,Obligaciones sociales
ASD_0001839,ASI_000629,CTA_0012,,1426.08,0.0,Gasto salarial
ASD_0001840,ASI_000629,CTA_0016,,342.26,0.0,Cargas patronales
ASD_0001841,ASI_000629,CTA_0008,,0.0,1183.65,Sueldos a pagar
ASD_0001842,ASI_000629,CTA_0009,,0.0,584.69,Obligaciones sociales
ASD_0001843,ASI_000630,CTA_0012,,1212.33,0.0,Gasto salarial
ASD_0001844,ASI_000630,CTA_0016,,290.96,0.0,Cargas patronales
ASD_0001845,ASI_000630,CTA_0008,,0.0,1006.23,Sueldos a pagar
ASD_0001846,ASI_000630,CTA_0009,,0.0,497.06,Obligaciones sociales
ASD_0001847,ASI_000631,CTA_0012,,1465.59,0.0,Gasto salarial
ASD_0001848,ASI_000631,CTA_0016,,351.74,0.0,Cargas patronales
ASD_0001849,ASI_000631,CTA_0008,,0.0,1216.44,Sueldos a pagar
ASD_0001850,ASI_000631,CTA_0009,,0.0,600.89,Obligaciones sociales
ASD_0001851,ASI_000632,CTA_0012,,1250.27,0.0,Gasto salarial
ASD_0001852,ASI_000632,CTA_0016,,300.06,0.0,Cargas patronales
ASD_0001853,ASI_000632,CTA_0008,,0.0,1037.72,Sueldos a pagar
ASD_0001854,ASI_000632,CTA_0009,,0.0,512.61,Obligaciones sociales
ASD_0001855,ASI_000633,CTA_0012,,1855.9,0.0,Gasto salarial
ASD_0001856,ASI_000633,CTA_0016,,445.42,0.0,Cargas patronales
ASD_0001857,ASI_000633,CTA_0008,,0.0,1540.4,Sueldos a pagar
ASD_0001858,ASI_000633,CTA_0009,,0.0,760.92,Obligaciones sociales
ASD_0001859,ASI_000634,CTA_0012,,1201.05,0.0,Gasto salarial
ASD_0001860,ASI_000634,CTA_0016,,288.25,0.0,Cargas patronales
ASD_0001861,ASI_000634,CTA_0008,,0.0,996.87,Sueldos a pagar
ASD_0001862,ASI_000634,CTA_0009,,0.0,492.43,Obligaciones sociales
ASD_0001863,ASI_000635,CTA_0012,,1295.49,0.0,Gasto salarial
ASD_0001864,ASI_000635,CTA_0016,,310.92,0.0,Cargas patronales
ASD_0001865,ASI_000635,CTA_0008,,0.0,1075.26,Sueldos a pagar
ASD_0001866,ASI_000635,CTA_0009,,0.0,531.15,Obligaciones sociales
ASD_0001867,ASI_000636,CTA_0012,,1224.46,0.0,Gasto salarial
ASD_0001868,ASI_000636,CTA_0016,,293.87,0.0,Cargas patronales
ASD_0001869,ASI_000636,CTA_0008,,0.0,1016.3,Sueldos a pagar
ASD_0001870,ASI_000636,CTA_0009,,0.0,502.03,Obligaciones sociales
ASD_0001871,ASI_000637,CTA_0012,,1204.59,0.0,Gasto salarial
ASD_0001872,ASI_000637,CTA_0016,,289.1,0.0,Cargas patronales
ASD_0001873,ASI_000637,CTA_0008,,0.0,999.81,Sueldos a pagar
ASD_0001874,ASI_000637,CTA_0009,,0.0,493.88,Obligaciones sociales
ASD_0001875,ASI_000638,CTA_0012,,1286.34,0.0,Gasto salarial
ASD_0001876,ASI_000638,CTA_0016,,308.72,0.0,Cargas patronales
ASD_0001877,ASI_000638,CTA_0008,,0.0,1067.66,Sueldos a pagar
ASD_0001878,ASI_000638,CTA_0009,,0.0,527.4,Obligaciones sociales
ASD_0001879,ASI_000639,CTA_0012,,1284.43,0.0,Gasto salarial
ASD_0001880,ASI_000639,CTA_0016,,308.26,0.0,Cargas patronales
ASD_0001881,ASI_000639,CTA_0008,,0.0,1066.08,Sueldos a pagar
ASD_0001882,ASI_000639,CTA_0009,,0.0,526.61,Obligaciones sociales
ASD_0001883,ASI_000640,CTA_0012,,1463.74,0.0,Gasto salarial
ASD_0001884,ASI_000640,CTA_0016,,351.3,0.0,Cargas patronales
ASD_0001885,ASI_000640,CTA_0008,,0.0,1214.9,Sueldos a pagar
ASD_0001886,ASI_000640,CTA_0009,,0.0,600.14,Obligaciones sociales
ASD_0001887,ASI_000641,CTA_0012,,1277.83,0.0,Gasto salarial
ASD_0001888,ASI_000641,CTA_0016,,306.68,0.0,Cargas patronales
ASD_0001889,ASI_000641,CTA_0008,,0.0,1060.6,Sueldos a pagar
ASD_0001890,ASI_000641,CTA_0009,,0.0,523.91,Obligaciones sociales
ASD_0001891,ASI_000642,CTA_0012,,1358.88,0.0,Gasto salarial
ASD_0001892,ASI_000642,CTA_0016,,326.13,0.0,Cargas patronales
ASD_0001893,ASI_000642,CTA_0008,,0.0,1127.87,Sueldos a pagar
ASD_0001894,ASI_000642,CTA_0009,,0.0,557.14,Obligaciones sociales
ASD_0001895,ASI_000643,CTA_0012,,1281.85,0.0,Gasto salarial
ASD_0001896,ASI_000643,CTA_0016,,307.64,0.0,Cargas patronales
ASD_0001897,ASI_000643,CTA_0008,,0.0,1063.94,Sueldos a pagar
ASD_0001898,ASI_000643,CTA_0009,,0.0,525.55,Obligaciones sociales
ASD_0001899,ASI_000644,CTA_0012,,1224.5,0.0,Gasto salarial
ASD_0001900,ASI_000644,CTA_0016,,293.88,0.0,Cargas patronales
ASD_0001901,ASI_000644,CTA_0008,,0.0,1016.33,Sueldos a pagar
ASD_0001902,ASI_000644,CTA_0009,,0.0,502.05,Obligaciones sociales
ASD_0001903,ASI_000645,CTA_0012,,1162.42,0.0,Gasto salarial
ASD_0001904,ASI_000645,CTA_0016,,278.98,0.0,Cargas patronales
ASD_0001905,ASI_000645,CTA_0008,,0.0,964.81,Sueldos a pagar
ASD_0001906,ASI_000645,CTA_0009,,0.0,476.59,Obligaciones sociales
ASD_0001907,ASI_000646,CTA_0012,,1215.6,0.0,Gasto salarial
ASD_0001908,ASI_000646,CTA_0016,,291.74,0.0,Cargas patronales
ASD_0001909,ASI_000646,CTA_0008,,0.0,1008.95,Sueldos a pagar
ASD_0001910,ASI_000646,CTA_0009,,0.0,498.39,Obligaciones sociales
ASD_0001911,ASI_000647,CTA_0012,,1429.65,0.0,Gasto salarial
ASD_0001912,ASI_000647,CTA_0016,,343.12,0.0,Cargas patronales
ASD_0001913,ASI_000647,CTA_0008,,0.0,1186.61,Sueldos a pagar
ASD_0001914,ASI_000647,CTA_0009,,0.0,586.16,Obligaciones sociales
ASD_0001915,ASI_000648,CTA_0012,,1241.96,0.0,Gasto salarial
ASD_0001916,ASI_000648,CTA_0016,,298.07,0.0,Cargas patronales
ASD_0001917,ASI_000648,CTA_0008,,0.0,1030.83,Sueldos a pagar
ASD_0001918,ASI_000648,CTA_0009,,0.0,509.2,Obligaciones sociales
ASD_0001919,ASI_000649,CTA_0012,,1466.66,0.0,Gasto salarial
ASD_0001920,ASI_000649,CTA_0016,,352.0,0.0,Cargas patronales
ASD_0001921,ASI_000649,CTA_0008,,0.0,1217.33,Sueldos a pagar
ASD_0001922,ASI_000649,CTA_0009,,0.0,601.33,Obligaciones sociales
ASD_0001923,ASI_000650,CTA_0012,,1429.23,0.0,Gasto salarial
ASD_0001924,ASI_000650,CTA_0016,,343.02,0.0,Cargas patronales
ASD_0001925,ASI_000650,CTA_0008,,0.0,1186.26,Sueldos a pagar
ASD_0001926,ASI_000650,CTA_0009,,0.0,585.99,Obligaciones sociales
ASD_0001927,ASI_000651,CTA_0012,,1450.34,0.0,Gasto salarial
ASD_0001928,ASI_000651,CTA_0016,,348.08,0.0,Cargas patronales
ASD_0001929,ASI_000651,CTA_0008,,0.0,1203.78,Sueldos a pagar
ASD_0001930,ASI_000651,CTA_0009,,0.0,594.64,Obligaciones sociales
ASD_0001931,ASI_000652,CTA_0012,,1481.74,0.0,Gasto salarial
ASD_0001932,ASI_000652,CTA_0016,,355.62,0.0,Cargas patronales
ASD_0001933,ASI_000652,CTA_0008,,0.0,1229.84,Sueldos a pagar
ASD_0001934,ASI_000652,CTA_0009,,0.0,607.52,Obligaciones sociales
ASD_0001935,ASI_000653,CTA_0012,,1440.28,0.0,Gasto salarial
ASD_0001936,ASI_000653,CTA_0016,,345.67,0.0,Cargas patronales
ASD_0001937,ASI_000653,CTA_0008,,0.0,1195.43,Sueldos a pagar
ASD_0001938,ASI_000653,CTA_0009,,0.0,590.52,Obligaciones sociales
ASD_0001939,ASI_000654,CTA_0012,,1179.39,0.0,Gasto salarial
ASD_0001940,ASI_000654,CTA_0016,,283.05,0.0,Cargas patronales
ASD_0001941,ASI_000654,CTA_0008,,0.0,978.89,Sueldos a pagar
ASD_0001942,ASI_000654,CTA_0009,,0.0,483.55,Obligaciones sociales
ASD_0001943,ASI_000655,CTA_0012,,1423.03,0.0,Gasto salarial
ASD_0001944,ASI_000655,CTA_0016,,341.53,0.0,Cargas patronales
ASD_0001945,ASI_000655,CTA_0008,,0.0,1181.11,Sueldos a pagar
ASD_0001946,ASI_000655,CTA_0009,,0.0,583.45,Obligaciones sociales
ASD_0001947,ASI_000656,CTA_0012,,1324.26,0.0,Gasto salarial
ASD_0001948,ASI_000656,CTA_0016,,317.82,0.0,Cargas patronales
ASD_0001949,ASI_000656,CTA_0008,,0.0,1099.14,Sueldos a pagar
ASD_0001950,ASI_000656,CTA_0009,,0.0,542.94,Obligaciones sociales
ASD_0001951,ASI_000657,CTA_0012,,2030.78,0.0,Gasto salarial
ASD_0001952,ASI_000657,CTA_0016,,487.39,0.0,Cargas patronales
ASD_0001953,ASI_000657,CTA_0008,,0.0,1685.55,Sueldos a pagar
ASD_0001954,ASI_000657,CTA_0009,,0.0,832.62,Obligaciones sociales
ASD_0001955,ASI_000658,CTA_0012,,1185.8,0.0,Gasto salarial
ASD_0001956,ASI_000658,CTA_0016,,284.59,0.0,Cargas patronales
ASD_0001957,ASI_000658,CTA_0008,,0.0,984.21,Sueldos a pagar
ASD_0001958,ASI_000658,CTA_0009,,0.0,486.18,Obligaciones sociales
ASD_0001959,ASI_000659,CTA_0012,,1399.44,0.0,Gasto salarial
ASD_0001960,ASI_000659,CTA_0016,,335.87,0.0,Cargas patronales
ASD_0001961,ASI_000659,CTA_0008,,0.0,1161.54,Sueldos a pagar
ASD_0001962,ASI_000659,CTA_0009,,0.0,573.77,Obligaciones sociales
ASD_0001963,ASI_000660,CTA_0012,,1171.03,0.0,Gasto salarial
ASD_0001964,ASI_000660,CTA_0016,,281.05,0.0,Cargas patronales
ASD_0001965,ASI_000660,CTA_0008,,0.0,971.95,Sueldos a pagar
ASD_0001966,ASI_000660,CTA_0009,,0.0,480.13,Obligaciones sociales
ASD_0001967,ASI_000661,CTA_0012,,1178.52,0.0,Gasto salarial
ASD_0001968,ASI_000661,CTA_0016,,282.84,0.0,Cargas patronales
ASD_0001969,ASI_000661,CTA_0008,,0.0,978.17,Sueldos a pagar
ASD_0001970,ASI_000661,CTA_0009,,0.0,483.19,Obligaciones sociales
ASD_0001971,ASI_000662,CTA_0012,,1333.88,0.0,Gasto salarial
ASD_0001972,ASI_000662,CTA_0016,,320.13,0.0,Cargas patronales
ASD_0001973,ASI_000662,CTA_0008,,0.0,1107.12,Sueldos a pagar
ASD_0001974,ASI_000662,CTA_0009,,0.0,546.89,Obligaciones sociales
ASD_0001975,ASI_000663,CTA_0012,,1342.18,0.0,Gasto salarial
ASD_0001976,ASI_000663,CTA_0016,,322.12,0.0,Cargas patronales
ASD_0001977,ASI_000663,CTA_0008,,0.0,1114.01,Sueldos a pagar
ASD_0001978,ASI_000663,CTA_0009,,0.0,550.29,Obligaciones sociales
ASD_0001979,ASI_000664,CTA_0012,,1502.4,0.0,Gasto salarial
ASD_0001980,ASI_000664,CTA_0016,,360.58,0.0,Cargas patronales
ASD_0001981,ASI_000664,CTA_0008,,0.0,1246.99,Sueldos a pagar
ASD_0001982,ASI_000664,CTA_0009,,0.0,615.99,Obligaciones sociales
ASD_0001983,ASI_000665,CTA_0012,,1493.45,0.0,Gasto salarial
ASD_0001984,ASI_000665,CTA_0016,,358.43,0.0,Cargas patronales
ASD_0001985,ASI_000665,CTA_0008,,0.0,1239.56,Sueldos a pagar
ASD_0001986,ASI_000665,CTA_0009,,0.0,612.32,Obligaciones sociales
ASD_0001987,ASI_000666,CTA_0012,,1546.56,0.0,Gasto salarial
ASD_0001988,ASI_000666,CTA_0016,,371.17,0.0,Cargas patronales
ASD_0001989,ASI_000666,CTA_0008,,0.0,1283.64,Sueldos a pagar
ASD_0001990,ASI_000666,CTA_0009,,0.0,634.09,Obligaciones sociales
ASD_0001991,ASI_000667,CTA_0012,,1372.79,0.0,Gasto salarial
ASD_0001992,ASI_000667,CTA_0016,,329.47,0.0,Cargas patronales
ASD_0001993,ASI_000667,CTA_0008,,0.0,1139.42,Sueldos a pagar
ASD_0001994,ASI_000667,CTA_0009,,0.0,562.84,Obligaciones sociales
ASD_0001995,ASI_000668,CTA_0012,,1176.21,0.0,Gasto salarial
ASD_0001996,ASI_000668,CTA_0016,,282.29,0.0,Cargas patronales
ASD_0001997,ASI_000668,CTA_0008,,0.0,976.25,Sueldos a pagar
ASD_0001998,ASI_000668,CTA_0009,,0.0,482.25,Obligaciones sociales
ASD_0001999,ASI_000669,CTA_0012,,1204.96,0.0,Gasto salarial
ASD_0002000,ASI_000669,CTA_0016,,289.19,0.0,Cargas patronales
ASD_0002001,ASI_000669,CTA_0008,,0.0,1000.12,Sueldos a pagar
ASD_0002002,ASI_000669,CTA_0009,,0.0,494.03,Obligaciones sociales
ASD_0002003,ASI_000670,CTA_0012,,1215.94,0.0,Gasto salarial
ASD_0002004,ASI_000670,CTA_0016,,291.83,0.0,Cargas patronales
ASD_0002005,ASI_000670,CTA_0008,,0.0,1009.23,Sueldos a pagar
ASD_0002006,ASI_000670,CTA_0009,,0.0,498.54,Obligaciones sociales
ASD_0002007,ASI_000671,CTA_0012,,1561.59,0.0,Gasto salarial
ASD_0002008,ASI_000671,CTA_0016,,374.78,0.0,Cargas patronales
ASD_0002009,ASI_000671,CTA_0008,,0.0,1296.12,Sueldos a pagar
ASD_0002010,ASI_000671,CTA_0009,,0.0,640.25,Obligaciones sociales
ASD_0002011,ASI_000672,CTA_0012,,1449.86,0.0,Gasto salarial
ASD_0002012,ASI_000672,CTA_0016,,347.97,0.0,Cargas patronales
ASD_0002013,ASI_000672,CTA_0008,,0.0,1203.38,Sueldos a pagar
ASD_0002014,ASI_000672,CTA_0009,,0.0,594.45,Obligaciones sociales
ASD_0002015,ASI_000673,CTA_0012,,1468.41,0.0,Gasto salarial
ASD_0002016,ASI_000673,CTA_0016,,352.42,0.0,Cargas patronales
ASD_0002017,ASI_000673,CTA_0008,,0.0,1218.78,Sueldos a pagar
ASD_0002018,ASI_000673,CTA_0009,,0.0,602.05,Obligaciones sociales
ASD_0002019,ASI_000674,CTA_0012,,1435.7,0.0,Gasto salarial
ASD_0002020,ASI_000674,CTA_0016,,344.57,0.0,Cargas patronales
ASD_0002021,ASI_000674,CTA_0008,,0.0,1191.63,Sueldos a pagar
ASD_0002022,ASI_000674,CTA_0009,,0.0,588.64,Obligaciones sociales
ASD_0002023,ASI_000675,CTA_0012,,1476.49,0.0,Gasto salarial
ASD_0002024,ASI_000675,CTA_0016,,354.36,0.0,Cargas patronales
ASD_0002025,ASI_000675,CTA_0008,,0.0,1225.49,Sueldos a pagar
ASD_0002026,ASI_000675,CTA_0009,,0.0,605.36,Obligaciones sociales
ASD_0002027,ASI_000676,CTA_0012,,1475.02,0.0,Gasto salarial
ASD_0002028,ASI_000676,CTA_0016,,354.0,0.0,Cargas patronales
ASD_0002029,ASI_000676,CTA_0008,,0.0,1224.27,Sueldos a pagar
ASD_0002030,ASI_000676,CTA_0009,,0.0,604.75,Obligaciones sociales
ASD_0002031,ASI_000677,CTA_0012,,1457.0,0.0,Gasto salarial
ASD_0002032,ASI_000677,CTA_0016,,349.68,0.0,Cargas patronales
ASD_0002033,ASI_000677,CTA_0008,,0.0,1209.31,Sueldos a pagar
ASD_0002034,ASI_000677,CTA_0009,,0.0,597.37,Obligaciones sociales
ASD_0002035,ASI_000678,CTA_0012,,1189.69,0.0,Gasto salarial
ASD_0002036,ASI_000678,CTA_0016,,285.53,0.0,Cargas patronales
ASD_0002037,ASI_000678,CTA_0008,,0.0,987.44,Sueldos a pagar
ASD_0002038,ASI_000678,CTA_0009,,0.0,487.78,Obligaciones sociales
ASD_0002039,ASI_000679,CTA_0012,,1446.26,0.0,Gasto salarial
ASD_0002040,ASI_000679,CTA_0016,,347.1,0.0,Cargas patronales
ASD_0002041,ASI_000679,CTA_0008,,0.0,1200.4,Sueldos a pagar
ASD_0002042,ASI_000679,CTA_0009,,0.0,592.96,Obligaciones sociales
ASD_0002043,ASI_000680,CTA_0012,,1451.78,0.0,Gasto salarial
ASD_0002044,ASI_000680,CTA_0016,,348.43,0.0,Cargas patronales
ASD_0002045,ASI_000680,CTA_0008,,0.0,1204.98,Sueldos a pagar
ASD_0002046,ASI_000680,CTA_0009,,0.0,595.23,Obligaciones sociales
ASD_0002047,ASI_000681,CTA_0012,,1977.78,0.0,Gasto salarial
ASD_0002048,ASI_000681,CTA_0016,,474.67,0.0,Cargas patronales
ASD_0002049,ASI_000681,CTA_0008,,0.0,1641.56,Sueldos a pagar
ASD_0002050,ASI_000681,CTA_0009,,0.0,810.89,Obligaciones sociales
ASD_0002051,ASI_000682,CTA_0012,,1204.73,0.0,Gasto salarial
ASD_0002052,ASI_000682,CTA_0016,,289.14,0.0,Cargas patronales
ASD_0002053,ASI_000682,CTA_0008,,0.0,999.93,Sueldos a pagar
ASD_0002054,ASI_000682,CTA_0009,,0.0,493.94,Obligaciones sociales
ASD_0002055,ASI_000683,CTA_0012,,1498.88,0.0,Gasto salarial
ASD_0002056,ASI_000683,CTA_0016,,359.73,0.0,Cargas patronales
ASD_0002057,ASI_000683,CTA_0008,,0.0,1244.07,Sueldos a pagar
ASD_0002058,ASI_000683,CTA_0009,,0.0,614.54,Obligaciones sociales
ASD_0002059,ASI_000684,CTA_0012,,1199.46,0.0,Gasto salarial
ASD_0002060,ASI_000684,CTA_0016,,287.87,0.0,Cargas patronales
ASD_0002061,ASI_000684,CTA_0008,,0.0,995.55,Sueldos a pagar
ASD_0002062,ASI_000684,CTA_0009,,0.0,491.78,Obligaciones sociales
ASD_0002063,ASI_000685,CTA_0012,,1224.3,0.0,Gasto salarial
ASD_0002064,ASI_000685,CTA_0016,,293.83,0.0,Cargas patronales
ASD_0002065,ASI_000685,CTA_0008,,0.0,1016.17,Sueldos a pagar
ASD_0002066,ASI_000685,CTA_0009,,0.0,501.96,Obligaciones sociales
ASD_0002067,ASI_000686,CTA_0012,,1400.76,0.0,Gasto salarial
ASD_0002068,ASI_000686,CTA_0016,,336.18,0.0,Cargas patronales
ASD_0002069,ASI_000686,CTA_0008,,0.0,1162.63,Sueldos a pagar
ASD_0002070,ASI_000686,CTA_0009,,0.0,574.31,Obligaciones sociales
ASD_0002071,ASI_000687,CTA_0012,,1432.56,0.0,Gasto salarial
ASD_0002072,ASI_000687,CTA_0016,,343.81,0.0,Cargas patronales
ASD_0002073,ASI_000687,CTA_0008,,0.0,1189.02,Sueldos a pagar
ASD_0002074,ASI_000687,CTA_0009,,0.0,587.35,Obligaciones sociales
ASD_0002075,ASI_000688,CTA_0012,,1457.89,0.0,Gasto salarial
ASD_0002076,ASI_000688,CTA_0016,,349.89,0.0,Cargas patronales
ASD_0002077,ASI_000688,CTA_0008,,0.0,1210.05,Sueldos a pagar
ASD_0002078,ASI_000688,CTA_0009,,0.0,597.73,Obligaciones sociales
ASD_0002079,ASI_000689,CTA_0012,,1473.93,0.0,Gasto salarial
ASD_0002080,ASI_000689,CTA_0016,,353.74,0.0,Cargas patronales
ASD_0002081,ASI_000689,CTA_0008,,0.0,1223.36,Sueldos a pagar
ASD_0002082,ASI_000689,CTA_0009,,0.0,604.31,Obligaciones sociales
ASD_0002083,ASI_000690,CTA_0012,,1519.64,0.0,Gasto salarial
ASD_0002084,ASI_000690,CTA_0016,,364.71,0.0,Cargas patronales
ASD_0002085,ASI_000690,CTA_0008,,0.0,1261.3,Sueldos a pagar
ASD_0002086,ASI_000690,CTA_0009,,0.0,623.05,Obligaciones sociales
ASD_0002087,ASI_000691,CTA_0012,,1377.09,0.0,Gasto salarial
ASD_0002088,ASI_000691,CTA_0016,,330.5,0.0,Cargas patronales
ASD_0002089,ASI_000691,CTA_0008,,0.0,1142.98,Sueldos a pagar
ASD_0002090,ASI_000691,CTA_0009,,0.0,564.61,Obligaciones sociales
ASD_0002091,ASI_000692,CTA_0012,,1162.17,0.0,Gasto salarial
ASD_0002092,ASI_000692,CTA_0016,,278.92,0.0,Cargas patronales
ASD_0002093,ASI_000692,CTA_0008,,0.0,964.6,Sueldos a pagar
ASD_0002094,ASI_000692,CTA_0009,,0.0,476.49,Obligaciones sociales
ASD_0002095,ASI_000693,CTA_0012,,1189.67,0.0,Gasto salarial
ASD_0002096,ASI_000693,CTA_0016,,285.52,0.0,Cargas patronales
ASD_0002097,ASI_000693,CTA_0008,,0.0,987.43,Sueldos a pagar
ASD_0002098,ASI_000693,CTA_0009,,0.0,487.76,Obligaciones sociales
ASD_0002099,ASI_000694,CTA_0012,,1158.4,0.0,Gasto salarial
ASD_0002100,ASI_000694,CTA_0016,,278.02,0.0,Cargas patronales
ASD_0002101,ASI_000694,CTA_0008,,0.0,961.47,Sueldos a pagar
ASD_0002102,ASI_000694,CTA_0009,,0.0,474.95,Obligaciones sociales
ASD_0002103,ASI_000695,CTA_0012,,1541.01,0.0,Gasto salarial
ASD_0002104,ASI_000695,CTA_0016,,369.84,0.0,Cargas patronales
ASD_0002105,ASI_000695,CTA_0008,,0.0,1279.04,Sueldos a pagar
ASD_0002106,ASI_000695,CTA_0009,,0.0,631.81,Obligaciones sociales
ASD_0002107,ASI_000696,CTA_0012,,1460.79,0.0,Gasto salarial
ASD_0002108,ASI_000696,CTA_0016,,350.59,0.0,Cargas patronales
ASD_0002109,ASI_000696,CTA_0008,,0.0,1212.46,Sueldos a pagar
ASD_0002110,ASI_000696,CTA_0009,,0.0,598.92,Obligaciones sociales
ASD_0002111,ASI_000697,CTA_0012,,1443.39,0.0,Gasto salarial
ASD_0002112,ASI_000697,CTA_0016,,346.41,0.0,Cargas patronales
ASD_0002113,ASI_000697,CTA_0008,,0.0,1198.01,Sueldos a pagar
ASD_0002114,ASI_000697,CTA_0009,,0.0,591.79,Obligaciones sociales
ASD_0002115,ASI_000698,CTA_0012,,1520.73,0.0,Gasto salarial
ASD_0002116,ASI_000698,CTA_0016,,364.98,0.0,Cargas patronales
ASD_0002117,ASI_000698,CTA_0008,,0.0,1262.21,Sueldos a pagar
ASD_0002118,ASI_000698,CTA_0009,,0.0,623.5,Obligaciones sociales
ASD_0002119,ASI_000699,CTA_0012,,1252.8,0.0,Gasto salarial
ASD_0002120,ASI_000699,CTA_0016,,300.67,0.0,Cargas patronales
ASD_0002121,ASI_000699,CTA_0008,,0.0,1039.82,Sueldos a pagar
ASD_0002122,ASI_000699,CTA_0009,,0.0,513.65,Obligaciones sociales
ASD_0002123,ASI_000700,CTA_0012,,1438.72,0.0,Gasto salarial
ASD_0002124,ASI_000700,CTA_0016,,345.29,0.0,Cargas patronales
ASD_0002125,ASI_000700,CTA_0008,,0.0,1194.14,Sueldos a pagar
ASD_0002126,ASI_000700,CTA_0009,,0.0,589.87,Obligaciones sociales
ASD_0002127,ASI_000701,CTA_0012,,1430.7,0.0,Gasto salarial
ASD_0002128,ASI_000701,CTA_0016,,343.37,0.0,Cargas patronales
ASD_0002129,ASI_000701,CTA_0008,,0.0,1187.48,Sueldos a pagar
ASD_0002130,ASI_000701,CTA_0009,,0.0,586.59,Obligaciones sociales
ASD_0002131,ASI_000702,CTA_0012,,1164.89,0.0,Gasto salarial
ASD_0002132,ASI_000702,CTA_0016,,279.57,0.0,Cargas patronales
ASD_0002133,ASI_000702,CTA_0008,,0.0,966.86,Sueldos a pagar
ASD_0002134,ASI_000702,CTA_0009,,0.0,477.6,Obligaciones sociales
ASD_0002135,ASI_000703,CTA_0012,,1507.92,0.0,Gasto salarial
ASD_0002136,ASI_000703,CTA_0016,,361.9,0.0,Cargas patronales
ASD_0002137,ASI_000703,CTA_0008,,0.0,1251.57,Sueldos a pagar
ASD_0002138,ASI_000703,CTA_0009,,0.0,618.25,Obligaciones sociales
ASD_0002139,ASI_000704,CTA_0012,,1255.92,0.0,Gasto salarial
ASD_0002140,ASI_000704,CTA_0016,,301.42,0.0,Cargas patronales
ASD_0002141,ASI_000704,CTA_0008,,0.0,1042.41,Sueldos a pagar
ASD_0002142,ASI_000704,CTA_0009,,0.0,514.93,Obligaciones sociales
ASD_0002143,ASI_000705,CTA_0012,,1997.22,0.0,Gasto salarial
ASD_0002144,ASI_000705,CTA_0016,,479.33,0.0,Cargas patronales
ASD_0002145,ASI_000705,CTA_0008,,0.0,1657.69,Sueldos a pagar
ASD_0002146,ASI_000705,CTA_0009,,0.0,818.86,Obligaciones sociales
ASD_0002147,ASI_000706,CTA_0012,,1157.81,0.0,Gasto salarial
ASD_0002148,ASI_000706,CTA_0016,,277.87,0.0,Cargas patronales
ASD_0002149,ASI_000706,CTA_0008,,0.0,960.98,Sueldos a pagar
ASD_0002150,ASI_000706,CTA_0009,,0.0,474.7,Obligaciones sociales
ASD_0002151,ASI_000707,CTA_0012,,1256.39,0.0,Gasto salarial
ASD_0002152,ASI_000707,CTA_0016,,301.53,0.0,Cargas patronales
ASD_0002153,ASI_000707,CTA_0008,,0.0,1042.8,Sueldos a pagar
ASD_0002154,ASI_000707,CTA_0009,,0.0,515.12,Obligaciones sociales
ASD_0002155,ASI_000708,CTA_0012,,1207.2,0.0,Gasto salarial
ASD_0002156,ASI_000708,CTA_0016,,289.73,0.0,Cargas patronales
ASD_0002157,ASI_000708,CTA_0008,,0.0,1001.98,Sueldos a pagar
ASD_0002158,ASI_000708,CTA_0009,,0.0,494.95,Obligaciones sociales
ASD_0002159,ASI_000709,CTA_0012,,1221.15,0.0,Gasto salarial
ASD_0002160,ASI_000709,CTA_0016,,293.08,0.0,Cargas patronales
ASD_0002161,ASI_000709,CTA_0008,,0.0,1013.55,Sueldos a pagar
ASD_0002162,ASI_000709,CTA_0009,,0.0,500.68,Obligaciones sociales
ASD_0002163,ASI_000710,CTA_0012,,1278.47,0.0,Gasto salarial
ASD_0002164,ASI_000710,CTA_0016,,306.83,0.0,Cargas patronales
ASD_0002165,ASI_000710,CTA_0008,,0.0,1061.13,Sueldos a pagar
ASD_0002166,ASI_000710,CTA_0009,,0.0,524.17,Obligaciones sociales
ASD_0002167,ASI_000711,CTA_0012,,1259.77,0.0,Gasto salarial
ASD_0002168,ASI_000711,CTA_0016,,302.34,0.0,Cargas patronales
ASD_0002169,ASI_000711,CTA_0008,,0.0,1045.61,Sueldos a pagar
ASD_0002170,ASI_000711,CTA_0009,,0.0,516.5,Obligaciones sociales
ASD_0002171,ASI_000712,CTA_0012,,1505.78,0.0,Gasto salarial
ASD_0002172,ASI_000712,CTA_0016,,361.39,0.0,Cargas patronales
ASD_0002173,ASI_000712,CTA_0008,,0.0,1249.8,Sueldos a pagar
ASD_0002174,ASI_000712,CTA_0009,,0.0,617.37,Obligaciones sociales
ASD_0002175,ASI_000713,CTA_0012,,1227.95,0.0,Gasto salarial
ASD_0002176,ASI_000713,CTA_0016,,294.71,0.0,Cargas patronales
ASD_0002177,ASI_000713,CTA_0008,,0.0,1019.2,Sueldos a pagar
ASD_0002178,ASI_000713,CTA_0009,,0.0,503.46,Obligaciones sociales
ASD_0002179,ASI_000714,CTA_0012,,1434.11,0.0,Gasto salarial
ASD_0002180,ASI_000714,CTA_0016,,344.19,0.0,Cargas patronales
ASD_0002181,ASI_000714,CTA_0008,,0.0,1190.31,Sueldos a pagar
ASD_0002182,ASI_000714,CTA_0009,,0.0,587.99,Obligaciones sociales
ASD_0002183,ASI_000715,CTA_0012,,1288.7,0.0,Gasto salarial
ASD_0002184,ASI_000715,CTA_0016,,309.29,0.0,Cargas patronales
ASD_0002185,ASI_000715,CTA_0008,,0.0,1069.62,Sueldos a pagar
ASD_0002186,ASI_000715,CTA_0009,,0.0,528.37,Obligaciones sociales
ASD_0002187,ASI_000716,CTA_0012,,1222.17,0.0,Gasto salarial
ASD_0002188,ASI_000716,CTA_0016,,293.32,0.0,Cargas patronales
ASD_0002189,ASI_000716,CTA_0008,,0.0,1014.4,Sueldos a pagar
ASD_0002190,ASI_000716,CTA_0009,,0.0,501.09,Obligaciones sociales
ASD_0002191,ASI_000717,CTA_0012,,1174.44,0.0,Gasto salarial
ASD_0002192,ASI_000717,CTA_0016,,281.87,0.0,Cargas patronales
ASD_0002193,ASI_000717,CTA_0008,,0.0,974.79,Sueldos a pagar
ASD_0002194,ASI_000717,CTA_0009,,0.0,481.52,Obligaciones sociales
ASD_0002195,ASI_000718,CTA_0012,,1166.49,0.0,Gasto salarial
ASD_0002196,ASI_000718,CTA_0016,,279.96,0.0,Cargas patronales
ASD_0002197,ASI_000718,CTA_0008,,0.0,968.19,Sueldos a pagar
ASD_0002198,ASI_000718,CTA_0009,,0.0,478.26,Obligaciones sociales
ASD_0002199,ASI_000719,CTA_0012,,1407.32,0.0,Gasto salarial
ASD_0002200,ASI_000719,CTA_0016,,337.76,0.0,Cargas patronales
ASD_0002201,ASI_000719,CTA_0008,,0.0,1168.08,Sueldos a pagar
ASD_0002202,ASI_000719,CTA_0009,,0.0,577.0,Obligaciones sociales
ASD_0002203,ASI_000720,CTA_0012,,1263.69,0.0,Gasto salarial
ASD_0002204,ASI_000720,CTA_0016,,303.29,0.0,Cargas patronales
ASD_0002205,ASI_000720,CTA_0008,,0.0,1048.86,Sueldos a pagar
ASD_0002206,ASI_000720,CTA_0009,,0.0,518.12,Obligaciones sociales
ASD_0002207,ASI_000721,CTA_0012,,1466.52,0.0,Gasto salarial
ASD_0002208,ASI_000721,CTA_0016,,351.96,0.0,Cargas patronales
ASD_0002209,ASI_000721,CTA_0008,,0.0,1217.21,Sueldos a pagar
ASD_0002210,ASI_000721,CTA_0009,,0.0,601.27,Obligaciones sociales
ASD_0002211,ASI_000722,CTA_0012,,1428.96,0.0,Gasto salarial
ASD_0002212,ASI_000722,CTA_0016,,342.95,0.0,Cargas patronales
ASD_0002213,ASI_000722,CTA_0008,,0.0,1186.04,Sueldos a pagar
ASD_0002214,ASI_000722,CTA_0009,,0.0,585.87,Obligaciones sociales
ASD_0002215,ASI_000723,CTA_0012,,1271.51,0.0,Gasto salarial
ASD_0002216,ASI_000723,CTA_0016,,305.16,0.0,Cargas patronales
ASD_0002217,ASI_000723,CTA_0008,,0.0,1055.35,Sueldos a pagar
ASD_0002218,ASI_000723,CTA_0009,,0.0,521.32,Obligaciones sociales
ASD_0002219,ASI_000724,CTA_0012,,1448.06,0.0,Gasto salarial
ASD_0002220,ASI_000724,CTA_0016,,347.53,0.0,Cargas patronales
ASD_0002221,ASI_000724,CTA_0008,,0.0,1201.89,Sueldos a pagar
ASD_0002222,ASI_000724,CTA_0009,,0.0,593.7,Obligaciones sociales
ASD_0002223,ASI_000725,CTA_0012,,1455.81,0.0,Gasto salarial
ASD_0002224,ASI_000725,CTA_0016,,349.39,0.0,Cargas patronales
ASD_0002225,ASI_000725,CTA_0008,,0.0,1208.32,Sueldos a pagar
ASD_0002226,ASI_000725,CTA_0009,,0.0,596.88,Obligaciones sociales
ASD_0002227,ASI_000726,CTA_0012,,1165.85,0.0,Gasto salarial
ASD_0002228,ASI_000726,CTA_0016,,279.8,0.0,Cargas patronales
ASD_0002229,ASI_000726,CTA_0008,,0.0,967.66,Sueldos a pagar
ASD_0002230,ASI_000726,CTA_0009,,0.0,477.99,Obligaciones sociales
ASD_0002231,ASI_000727,CTA_0012,,1437.73,0.0,Gasto salarial
ASD_0002232,ASI_000727,CTA_0016,,345.06,0.0,Cargas patronales
ASD_0002233,ASI_000727,CTA_0008,,0.0,1193.32,Sueldos a pagar
ASD_0002234,ASI_000727,CTA_0009,,0.0,589.47,Obligaciones sociales
ASD_0002235,ASI_000728,CTA_0012,,1235.75,0.0,Gasto salarial
ASD_0002236,ASI_000728,CTA_0016,,296.58,0.0,Cargas patronales
ASD_0002237,ASI_000728,CTA_0008,,0.0,1025.67,Sueldos a pagar
ASD_0002238,ASI_000728,CTA_0009,,0.0,506.66,Obligaciones sociales
ASD_0002239,ASI_000729,CTA_0012,,1872.08,0.0,Gasto salarial
ASD_0002240,ASI_000729,CTA_0016,,449.3,0.0,Cargas patronales
ASD_0002241,ASI_000729,CTA_0008,,0.0,1553.83,Sueldos a pagar
ASD_0002242,ASI_000729,CTA_0009,,0.0,767.55,Obligaciones sociales
ASD_0002243,ASI_000730,CTA_0012,,1206.31,0.0,Gasto salarial
ASD_0002244,ASI_000730,CTA_0016,,289.51,0.0,Cargas patronales
ASD_0002245,ASI_000730,CTA_0008,,0.0,1001.24,Sueldos a pagar
ASD_0002246,ASI_000730,CTA_0009,,0.0,494.58,Obligaciones sociales
ASD_0002247,ASI_000731,CTA_0012,,1264.78,0.0,Gasto salarial
ASD_0002248,ASI_000731,CTA_0016,,303.55,0.0,Cargas patronales
ASD_0002249,ASI_000731,CTA_0008,,0.0,1049.77,Sueldos a pagar
ASD_0002250,ASI_000731,CTA_0009,,0.0,518.56,Obligaciones sociales
ASD_0002251,ASI_000732,CTA_0012,,1182.91,0.0,Gasto salarial
ASD_0002252,ASI_000732,CTA_0016,,283.9,0.0,Cargas patronales
ASD_0002253,ASI_000732,CTA_0008,,0.0,981.82,Sueldos a pagar
ASD_0002254,ASI_000732,CTA_0009,,0.0,484.99,Obligaciones sociales
ASD_0002255,ASI_000733,CTA_0012,,1203.73,0.0,Gasto salarial
ASD_0002256,ASI_000733,CTA_0016,,288.9,0.0,Cargas patronales
ASD_0002257,ASI_000733,CTA_0008,,0.0,999.1,Sueldos a pagar
ASD_0002258,ASI_000733,CTA_0009,,0.0,493.53,Obligaciones sociales
ASD_0002259,ASI_000734,CTA_0012,,1285.97,0.0,Gasto salarial
ASD_0002260,ASI_000734,CTA_0016,,308.63,0.0,Cargas patronales
ASD_0002261,ASI_000734,CTA_0008,,0.0,1067.36,Sueldos a pagar
ASD_0002262,ASI_000734,CTA_0009,,0.0,527.24,Obligaciones sociales
ASD_0002263,ASI_000735,CTA_0012,,1291.09,0.0,Gasto salarial
ASD_0002264,ASI_000735,CTA_0016,,309.86,0.0,Cargas patronales
ASD_0002265,ASI_000735,CTA_0008,,0.0,1071.6,Sueldos a pagar
ASD_0002266,ASI_000735,CTA_0009,,0.0,529.35,Obligaciones sociales
ASD_0002267,ASI_000736,CTA_0012,,1468.59,0.0,Gasto salarial
ASD_0002268,ASI_000736,CTA_0016,,352.46,0.0,Cargas patronales
ASD_0002269,ASI_000736,CTA_0008,,0.0,1218.93,Sueldos a pagar
ASD_0002270,ASI_000736,CTA_0009,,0.0,602.12,Obligaciones sociales
ASD_0002271,ASI_000737,CTA_0012,,1286.49,0.0,Gasto salarial
ASD_0002272,ASI_000737,CTA_0016,,308.76,0.0,Cargas patronales
ASD_0002273,ASI_000737,CTA_0008,,0.0,1067.79,Sueldos a pagar
ASD_0002274,ASI_000737,CTA_0009,,0.0,527.46,Obligaciones sociales
ASD_0002275,ASI_000738,CTA_0012,,1394.74,0.0,Gasto salarial
ASD_0002276,ASI_000738,CTA_0016,,334.74,0.0,Cargas patronales
ASD_0002277,ASI_000738,CTA_0008,,0.0,1157.63,Sueldos a pagar
ASD_0002278,ASI_000738,CTA_0009,,0.0,571.85,Obligaciones sociales
ASD_0002279,ASI_000739,CTA_0012,,1260.59,0.0,Gasto salarial
ASD_0002280,ASI_000739,CTA_0016,,302.54,0.0,Cargas patronales
ASD_0002281,ASI_000739,CTA_0008,,0.0,1046.29,Sueldos a pagar
ASD_0002282,ASI_000739,CTA_0009,,0.0,516.84,Obligaciones sociales
ASD_0002283,ASI_000740,CTA_0012,,1217.67,0.0,Gasto salarial
ASD_0002284,ASI_000740,CTA_0016,,292.24,0.0,Cargas patronales
ASD_0002285,ASI_000740,CTA_0008,,0.0,1010.67,Sueldos a pagar
ASD_0002286,ASI_000740,CTA_0009,,0.0,499.24,Obligaciones sociales
ASD_0002287,ASI_000741,CTA_0012,,1183.76,0.0,Gasto salarial
ASD_0002288,ASI_000741,CTA_0016,,284.1,0.0,Cargas patronales
ASD_0002289,ASI_000741,CTA_0008,,0.0,982.52,Sueldos a pagar
ASD_0002290,ASI_000741,CTA_0009,,0.0,485.34,Obligaciones sociales
ASD_0002291,ASI_000742,CTA_0012,,1184.43,0.0,Gasto salarial
ASD_0002292,ASI_000742,CTA_0016,,284.26,0.0,Cargas patronales
ASD_0002293,ASI_000742,CTA_0008,,0.0,983.08,Sueldos a pagar
ASD_0002294,ASI_000742,CTA_0009,,0.0,485.61,Obligaciones sociales
ASD_0002295,ASI_000743,CTA_0012,,1377.65,0.0,Gasto salarial
ASD_0002296,ASI_000743,CTA_0016,,330.64,0.0,Cargas patronales
ASD_0002297,ASI_000743,CTA_0008,,0.0,1143.45,Sueldos a pagar
ASD_0002298,ASI_000743,CTA_0009,,0.0,564.84,Obligaciones sociales
ASD_0002299,ASI_000744,CTA_0012,,1263.9,0.0,Gasto salarial
ASD_0002300,ASI_000744,CTA_0016,,303.34,0.0,Cargas patronales
ASD_0002301,ASI_000744,CTA_0008,,0.0,1049.04,Sueldos a pagar
ASD_0002302,ASI_000744,CTA_0009,,0.0,518.2,Obligaciones sociales
ASD_0002303,ASI_000745,CTA_0012,,1468.4,0.0,Gasto salarial
ASD_0002304,ASI_000745,CTA_0016,,352.42,0.0,Cargas patronales
ASD_0002305,ASI_000745,CTA_0008,,0.0,1218.77,Sueldos a pagar
ASD_0002306,ASI_000745,CTA_0009,,0.0,602.05,Obligaciones sociales
ASD_0002307,ASI_000746,CTA_0012,,1407.09,0.0,Gasto salarial
ASD_0002308,ASI_000746,CTA_0016,,337.7,0.0,Cargas patronales
ASD_0002309,ASI_000746,CTA_0008,,0.0,1167.88,Sueldos a pagar
ASD_0002310,ASI_000746,CTA_0009,,0.0,576.91,Obligaciones sociales
ASD_0002311,ASI_000747,CTA_0012,,1257.29,0.0,Gasto salarial
ASD_0002312,ASI_000747,CTA_0016,,301.75,0.0,Cargas patronales
ASD_0002313,ASI_000747,CTA_0008,,0.0,1043.55,Sueldos a pagar
ASD_0002314,ASI_000747,CTA_0009,,0.0,515.49,Obligaciones sociales
ASD_0002315,ASI_000748,CTA_0012,,1439.95,0.0,Gasto salarial
ASD_0002316,ASI_000748,CTA_0016,,345.59,0.0,Cargas patronales
ASD_0002317,ASI_000748,CTA_0008,,0.0,1195.16,Sueldos a pagar
ASD_0002318,ASI_000748,CTA_0009,,0.0,590.38,Obligaciones sociales
ASD_0002319,ASI_000749,CTA_0012,,1496.42,0.0,Gasto salarial
ASD_0002320,ASI_000749,CTA_0016,,359.14,0.0,Cargas patronales
ASD_0002321,ASI_000749,CTA_0008,,0.0,1242.03,Sueldos a pagar
ASD_0002322,ASI_000749,CTA_0009,,0.0,613.53,Obligaciones sociales
ASD_0002323,ASI_000750,CTA_0012,,1180.9,0.0,Gasto salarial
ASD_0002324,ASI_000750,CTA_0016,,283.42,0.0,Cargas patronales
ASD_0002325,ASI_000750,CTA_0008,,0.0,980.15,Sueldos a pagar
ASD_0002326,ASI_000750,CTA_0009,,0.0,484.17,Obligaciones sociales
ASD_0002327,ASI_000751,CTA_0012,,1501.3,0.0,Gasto salarial
ASD_0002328,ASI_000751,CTA_0016,,360.31,0.0,Cargas patronales
ASD_0002329,ASI_000751,CTA_0008,,0.0,1246.08,Sueldos a pagar
ASD_0002330,ASI_000751,CTA_0009,,0.0,615.53,Obligaciones sociales
ASD_0002331,ASI_000752,CTA_0012,,1240.55,0.0,Gasto salarial
ASD_0002332,ASI_000752,CTA_0016,,297.73,0.0,Cargas patronales
ASD_0002333,ASI_000752,CTA_0008,,0.0,1029.66,Sueldos a pagar
ASD_0002334,ASI_000752,CTA_0009,,0.0,508.62,Obligaciones sociales
ASD_0002335,ASI_000753,CTA_0012,,1844.76,0.0,Gasto salarial
ASD_0002336,ASI_000753,CTA_0016,,442.74,0.0,Cargas patronales
ASD_0002337,ASI_000753,CTA_0008,,0.0,1531.15,Sueldos a pagar
ASD_0002338,ASI_000753,CTA_0009,,0.0,756.35,Obligaciones sociales
ASD_0002339,ASI_000754,CTA_0012,,1194.39,0.0,Gasto salarial
ASD_0002340,ASI_000754,CTA_0016,,286.65,0.0,Cargas patronales
ASD_0002341,ASI_000754,CTA_0008,,0.0,991.34,Sueldos a pagar
ASD_0002342,ASI_000754,CTA_0009,,0.0,489.7,Obligaciones sociales
ASD_0002343,ASI_000755,CTA_0012,,1287.15,0.0,Gasto salarial
ASD_0002344,ASI_000755,CTA_0016,,308.92,0.0,Cargas patronales
ASD_0002345,ASI_000755,CTA_0008,,0.0,1068.33,Sueldos a pagar
ASD_0002346,ASI_000755,CTA_0009,,0.0,527.74,Obligaciones sociales
ASD_0002347,ASI_000756,CTA_0012,,1166.23,0.0,Gasto salarial
ASD_0002348,ASI_000756,CTA_0016,,279.9,0.0,Cargas patronales
ASD_0002349,ASI_000756,CTA_0008,,0.0,967.97,Sueldos a pagar
ASD_0002350,ASI_000756,CTA_0009,,0.0,478.16,Obligaciones sociales
ASD_0002351,ASI_000757,CTA_0012,,1220.82,0.0,Gasto salarial
ASD_0002352,ASI_000757,CTA_0016,,293.0,0.0,Cargas patronales
ASD_0002353,ASI_000757,CTA_0008,,0.0,1013.28,Sueldos a pagar
ASD_0002354,ASI_000757,CTA_0009,,0.0,500.54,Obligaciones sociales
ASD_0002355,ASI_000758,CTA_0012,,1264.86,0.0,Gasto salarial
ASD_0002356,ASI_000758,CTA_0016,,303.57,0.0,Cargas patronales
ASD_0002357,ASI_000758,CTA_0008,,0.0,1049.83,Sueldos a pagar
ASD_0002358,ASI_000758,CTA_0009,,0.0,518.6,Obligaciones sociales
ASD_0002359,ASI_000759,CTA_0012,,1268.96,0.0,Gasto salarial
ASD_0002360,ASI_000759,CTA_0016,,304.55,0.0,Cargas patronales
ASD_0002361,ASI_000759,CTA_0008,,0.0,1053.24,Sueldos a pagar
ASD_0002362,ASI_000759,CTA_0009,,0.0,520.27,Obligaciones sociales
ASD_0002363,ASI_000760,CTA_0012,,1465.38,0.0,Gasto salarial
ASD_0002364,ASI_000760,CTA_0016,,351.69,0.0,Cargas patronales
ASD_0002365,ASI_000760,CTA_0008,,0.0,1216.27,Sueldos a pagar
ASD_0002366,ASI_000760,CTA_0009,,0.0,600.8,Obligaciones sociales
ASD_0002367,ASI_000761,CTA_0012,,1227.7,0.0,Gasto salarial
ASD_0002368,ASI_000761,CTA_0016,,294.65,0.0,Cargas patronales
ASD_0002369,ASI_000761,CTA_0008,,0.0,1018.99,Sueldos a pagar
ASD_0002370,ASI_000761,CTA_0009,,0.0,503.36,Obligaciones sociales
ASD_0002371,ASI_000762,CTA_0012,,1393.56,0.0,Gasto salarial
ASD_0002372,ASI_000762,CTA_0016,,334.45,0.0,Cargas patronales
ASD_0002373,ASI_000762,CTA_0008,,0.0,1156.65,Sueldos a pagar
ASD_0002374,ASI_000762,CTA_0009,,0.0,571.36,Obligaciones sociales
ASD_0002375,ASI_000763,CTA_0012,,1244.77,0.0,Gasto salarial
ASD_0002376,ASI_000763,CTA_0016,,298.74,0.0,Cargas patronales
ASD_0002377,ASI_000763,CTA_0008,,0.0,1033.16,Sueldos a pagar
ASD_0002378,ASI_000763,CTA_0009,,0.0,510.35,Obligaciones sociales
ASD_0002379,ASI_000764,CTA_0012,,1180.66,0.0,Gasto salarial
ASD_0002380,ASI_000764,CTA_0016,,283.36,0.0,Cargas patronales
ASD_0002381,ASI_000764,CTA_0008,,0.0,979.95,Sueldos a pagar
ASD_0002382,ASI_000764,CTA_0009,,0.0,484.07,Obligaciones sociales
ASD_0002383,ASI_000765,CTA_0012,,1202.36,0.0,Gasto salarial
ASD_0002384,ASI_000765,CTA_0016,,288.57,0.0,Cargas patronales
ASD_0002385,ASI_000765,CTA_0008,,0.0,997.96,Sueldos a pagar
ASD_0002386,ASI_000765,CTA_0009,,0.0,492.97,Obligaciones sociales
ASD_0002387,ASI_000766,CTA_0012,,1191.64,0.0,Gasto salarial
ASD_0002388,ASI_000766,CTA_0016,,285.99,0.0,Cargas patronales
ASD_0002389,ASI_000766,CTA_0008,,0.0,989.06,Sueldos a pagar
ASD_0002390,ASI_000766,CTA_0009,,0.0,488.57,Obligaciones sociales
ASD_0002391,ASI_000767,CTA_0012,,1360.12,0.0,Gasto salarial
ASD_0002392,ASI_000767,CTA_0016,,326.43,0.0,Cargas patronales
ASD_0002393,ASI_000767,CTA_0008,,0.0,1128.9,Sueldos a pagar
ASD_0002394,ASI_000767,CTA_0009,,0.0,557.65,Obligaciones sociales
ASD_0002395,ASI_000768,CTA_0012,,1230.48,0.0,Gasto salarial
ASD_0002396,ASI_000768,CTA_0016,,295.32,0.0,Cargas patronales
ASD_0002397,ASI_000768,CTA_0008,,0.0,1021.3,Sueldos a pagar
ASD_0002398,ASI_000768,CTA_0009,,0.0,504.5,Obligaciones sociales
ASD_0002399,ASI_000769,CTA_0012,,1437.15,0.0,Gasto salarial
ASD_0002400,ASI_000769,CTA_0016,,344.92,0.0,Cargas patronales
ASD_0002401,ASI_000769,CTA_0008,,0.0,1192.83,Sueldos a pagar
ASD_0002402,ASI_000769,CTA_0009,,0.0,589.24,Obligaciones sociales
ASD_0002403,ASI_000770,CTA_0012,,1368.21,0.0,Gasto salarial
ASD_0002404,ASI_000770,CTA_0016,,328.37,0.0,Cargas patronales
ASD_0002405,ASI_000770,CTA_0008,,0.0,1135.61,Sueldos a pagar
ASD_0002406,ASI_000770,CTA_0009,,0.0,560.97,Obligaciones sociales
ASD_0002407,ASI_000771,CTA_0012,,1270.62,0.0,Gasto salarial
ASD_0002408,ASI_000771,CTA_0016,,304.95,0.0,Cargas patronales
ASD_0002409,ASI_000771,CTA_0008,,0.0,1054.61,Sueldos a pagar
ASD_0002410,ASI_000771,CTA_0009,,0.0,520.96,Obligaciones sociales
ASD_0002411,ASI_000772,CTA_0012,,1436.47,0.0,Gasto salarial
ASD_0002412,ASI_000772,CTA_0016,,344.75,0.0,Cargas patronales
ASD_0002413,ASI_000772,CTA_0008,,0.0,1192.27,Sueldos a pagar
ASD_0002414,ASI_000772,CTA_0009,,0.0,588.95,Obligaciones sociales
ASD_0002415,ASI_000773,CTA_0012,,1497.71,0.0,Gasto salarial
ASD_0002416,ASI_000773,CTA_0016,,359.45,0.0,Cargas patronales
ASD_0002417,ASI_000773,CTA_0008,,0.0,1243.1,Sueldos a pagar
ASD_0002418,ASI_000773,CTA_0009,,0.0,614.06,Obligaciones sociales
ASD_0002419,ASI_000774,CTA_0012,,1171.25,0.0,Gasto salarial
ASD_0002420,ASI_000774,CTA_0016,,281.1,0.0,Cargas patronales
ASD_0002421,ASI_000774,CTA_0008,,0.0,972.14,Sueldos a pagar
ASD_0002422,ASI_000774,CTA_0009,,0.0,480.21,Obligaciones sociales
ASD_0002423,ASI_000775,CTA_0012,,1428.93,0.0,Gasto salarial
ASD_0002424,ASI_000775,CTA_0016,,342.94,0.0,Cargas patronales
ASD_0002425,ASI_000775,CTA_0008,,0.0,1186.01,Sueldos a pagar
ASD_0002426,ASI_000775,CTA_0009,,0.0,585.86,Obligaciones sociales
ASD_0002427,ASI_000776,CTA_0012,,1290.68,0.0,Gasto salarial
ASD_0002428,ASI_000776,CTA_0016,,309.76,0.0,Cargas patronales
ASD_0002429,ASI_000776,CTA_0008,,0.0,1071.26,Sueldos a pagar
ASD_0002430,ASI_000776,CTA_0009,,0.0,529.18,Obligaciones sociales
ASD_0002431,ASI_000777,CTA_0012,,1815.85,0.0,Gasto salarial
ASD_0002432,ASI_000777,CTA_0016,,435.8,0.0,Cargas patronales
ASD_0002433,ASI_000777,CTA_0008,,0.0,1507.16,Sueldos a pagar
ASD_0002434,ASI_000777,CTA_0009,,0.0,744.49,Obligaciones sociales
ASD_0002435,ASI_000778,CTA_0012,,1186.52,0.0,Gasto salarial
ASD_0002436,ASI_000778,CTA_0016,,284.76,0.0,Cargas patronales
ASD_0002437,ASI_000778,CTA_0008,,0.0,984.81,Sueldos a pagar
ASD_0002438,ASI_000778,CTA_0009,,0.0,486.47,Obligaciones sociales
ASD_0002439,ASI_000779,CTA_0012,,1296.93,0.0,Gasto salarial
ASD_0002440,ASI_000779,CTA_0016,,311.26,0.0,Cargas patronales
ASD_0002441,ASI_000779,CTA_0008,,0.0,1076.45,Sueldos a pagar
ASD_0002442,ASI_000779,CTA_0009,,0.0,531.74,Obligaciones sociales
ASD_0002443,ASI_000780,CTA_0012,,1223.26,0.0,Gasto salarial
ASD_0002444,ASI_000780,CTA_0016,,293.58,0.0,Cargas patronales
ASD_0002445,ASI_000780,CTA_0008,,0.0,1015.31,Sueldos a pagar
ASD_0002446,ASI_000780,CTA_0009,,0.0,501.53,Obligaciones sociales
ASD_0002447,ASI_000781,CTA_0012,,1207.02,0.0,Gasto salarial
ASD_0002448,ASI_000781,CTA_0016,,289.68,0.0,Cargas patronales
ASD_0002449,ASI_000781,CTA_0008,,0.0,1001.83,Sueldos a pagar
ASD_0002450,ASI_000781,CTA_0009,,0.0,494.87,Obligaciones sociales
ASD_0002451,ASI_000782,CTA_0012,,1230.17,0.0,Gasto salarial
ASD_0002452,ASI_000782,CTA_0016,,295.24,0.0,Cargas patronales
ASD_0002453,ASI_000782,CTA_0008,,0.0,1021.04,Sueldos a pagar
ASD_0002454,ASI_000782,CTA_0009,,0.0,504.37,Obligaciones sociales
ASD_0002455,ASI_000783,CTA_0012,,1269.5,0.0,Gasto salarial
ASD_0002456,ASI_000783,CTA_0016,,304.68,0.0,Cargas patronales
ASD_0002457,ASI_000783,CTA_0008,,0.0,1053.68,Sueldos a pagar
ASD_0002458,ASI_000783,CTA_0009,,0.0,520.5,Obligaciones sociales
ASD_0002459,ASI_000784,CTA_0012,,1507.05,0.0,Gasto salarial
ASD_0002460,ASI_000784,CTA_0016,,361.69,0.0,Cargas patronales
ASD_0002461,ASI_000784,CTA_0008,,0.0,1250.85,Sueldos a pagar
ASD_0002462,ASI_000784,CTA_0009,,0.0,617.89,Obligaciones sociales
ASD_0002463,ASI_000785,CTA_0012,,1296.02,0.0,Gasto salarial
ASD_0002464,ASI_000785,CTA_0016,,311.04,0.0,Cargas patronales
ASD_0002465,ASI_000785,CTA_0008,,0.0,1075.7,Sueldos a pagar
ASD_0002466,ASI_000785,CTA_0009,,0.0,531.36,Obligaciones sociales
ASD_0002467,ASI_000786,CTA_0012,,1361.18,0.0,Gasto salarial
ASD_0002468,ASI_000786,CTA_0016,,326.68,0.0,Cargas patronales
ASD_0002469,ASI_000786,CTA_0008,,0.0,1129.78,Sueldos a pagar
ASD_0002470,ASI_000786,CTA_0009,,0.0,558.08,Obligaciones sociales
ASD_0002471,ASI_000787,CTA_0012,,1254.7,0.0,Gasto salarial
ASD_0002472,ASI_000787,CTA_0016,,301.13,0.0,Cargas patronales
ASD_0002473,ASI_000787,CTA_0008,,0.0,1041.4,Sueldos a pagar
ASD_0002474,ASI_000787,CTA_0009,,0.0,514.43,Obligaciones sociales
ASD_0002475,ASI_000788,CTA_0012,,1178.74,0.0,Gasto salarial
ASD_0002476,ASI_000788,CTA_0016,,282.9,0.0,Cargas patronales
ASD_0002477,ASI_000788,CTA_0008,,0.0,978.35,Sueldos a pagar
ASD_0002478,ASI_000788,CTA_0009,,0.0,483.29,Obligaciones sociales
ASD_0002479,ASI_000789,CTA_0012,,1165.58,0.0,Gasto salarial
ASD_0002480,ASI_000789,CTA_0016,,279.74,0.0,Cargas patronales
ASD_0002481,ASI_000789,CTA_0008,,0.0,967.43,Sueldos a pagar
ASD_0002482,ASI_000789,CTA_0009,,0.0,477.89,Obligaciones sociales
ASD_0002483,ASI_000790,CTA_0012,,1205.59,0.0,Gasto salarial
ASD_0002484,ASI_000790,CTA_0016,,289.34,0.0,Cargas patronales
ASD_0002485,ASI_000790,CTA_0008,,0.0,1000.64,Sueldos a pagar
ASD_0002486,ASI_000790,CTA_0009,,0.0,494.29,Obligaciones sociales
ASD_0002487,ASI_000791,CTA_0012,,1375.07,0.0,Gasto salarial
ASD_0002488,ASI_000791,CTA_0016,,330.02,0.0,Cargas patronales
ASD_0002489,ASI_000791,CTA_0008,,0.0,1141.31,Sueldos a pagar
ASD_0002490,ASI_000791,CTA_0009,,0.0,563.78,Obligaciones sociales
ASD_0002491,ASI_000792,CTA_0012,,1250.86,0.0,Gasto salarial
ASD_0002492,ASI_000792,CTA_0016,,300.21,0.0,Cargas patronales
ASD_0002493,ASI_000792,CTA_0008,,0.0,1038.21,Sueldos a pagar
ASD_0002494,ASI_000792,CTA_0009,,0.0,512.86,Obligaciones sociales
ASD_0002495,ASI_000793,CTA_0012,,1428.86,0.0,Gasto salarial
ASD_0002496,ASI_000793,CTA_0016,,342.93,0.0,Cargas patronales
ASD_0002497,ASI_000793,CTA_0008,,0.0,1185.95,Sueldos a pagar
ASD_0002498,ASI_000793,CTA_0009,,0.0,585.84,Obligaciones sociales
ASD_0002499,ASI_000794,CTA_0012,,1393.63,0.0,Gasto salarial
ASD_0002500,ASI_000794,CTA_0016,,334.47,0.0,Cargas patronales
ASD_0002501,ASI_000794,CTA_0008,,0.0,1156.71,Sueldos a pagar
ASD_0002502,ASI_000794,CTA_0009,,0.0,571.39,Obligaciones sociales
ASD_0002503,ASI_000795,CTA_0012,,1236.86,0.0,Gasto salarial
ASD_0002504,ASI_000795,CTA_0016,,296.85,0.0,Cargas patronales
ASD_0002505,ASI_000795,CTA_0008,,0.0,1026.59,Sueldos a pagar
ASD_0002506,ASI_000795,CTA_0009,,0.0,507.12,Obligaciones sociales
ASD_0002507,ASI_000796,CTA_0012,,1458.59,0.0,Gasto salarial
ASD_0002508,ASI_000796,CTA_0016,,350.06,0.0,Cargas patronales
ASD_0002509,ASI_000796,CTA_0008,,0.0,1210.63,Sueldos a pagar
ASD_0002510,ASI_000796,CTA_0009,,0.0,598.02,Obligaciones sociales
ASD_0002511,ASI_000797,CTA_0012,,1433.47,0.0,Gasto salarial
ASD_0002512,ASI_000797,CTA_0016,,344.03,0.0,Cargas patronales
ASD_0002513,ASI_000797,CTA_0008,,0.0,1189.78,Sueldos a pagar
ASD_0002514,ASI_000797,CTA_0009,,0.0,587.72,Obligaciones sociales
ASD_0002515,ASI_000798,CTA_0012,,1223.93,0.0,Gasto salarial
ASD_0002516,ASI_000798,CTA_0016,,293.74,0.0,Cargas patronales
ASD_0002517,ASI_000798,CTA_0008,,0.0,1015.86,Sueldos a pagar
ASD_0002518,ASI_000798,CTA_0009,,0.0,501.81,Obligaciones sociales
ASD_0002519,ASI_000799,CTA_0012,,1433.61,0.0,Gasto salarial
ASD_0002520,ASI_000799,CTA_0016,,344.07,0.0,Cargas patronales
ASD_0002521,ASI_000799,CTA_0008,,0.0,1189.9,Sueldos a pagar
ASD_0002522,ASI_000799,CTA_0009,,0.0,587.78,Obligaciones sociales
ASD_0002523,ASI_000800,CTA_0012,,1264.14,0.0,Gasto salarial
ASD_0002524,ASI_000800,CTA_0016,,303.39,0.0,Cargas patronales
ASD_0002525,ASI_000800,CTA_0008,,0.0,1049.24,Sueldos a pagar
ASD_0002526,ASI_000800,CTA_0009,,0.0,518.29,Obligaciones sociales
ASD_0002527,ASI_000801,CTA_0012,,1805.11,0.0,Gasto salarial
ASD_0002528,ASI_000801,CTA_0016,,433.23,0.0,Cargas patronales
ASD_0002529,ASI_000801,CTA_0008,,0.0,1498.24,Sueldos a pagar
ASD_0002530,ASI_000801,CTA_0009,,0.0,740.1,Obligaciones sociales
ASD_0002531,ASI_000802,CTA_0012,,1161.81,0.0,Gasto salarial
ASD_0002532,ASI_000802,CTA_0016,,278.83,0.0,Cargas patronales
ASD_0002533,ASI_000802,CTA_0008,,0.0,964.3,Sueldos a pagar
ASD_0002534,ASI_000802,CTA_0009,,0.0,476.34,Obligaciones sociales
ASD_0002535,ASI_000803,CTA_0012,,1240.17,0.0,Gasto salarial
ASD_0002536,ASI_000803,CTA_0016,,297.64,0.0,Cargas patronales
ASD_0002537,ASI_000803,CTA_0008,,0.0,1029.34,Sueldos a pagar
ASD_0002538,ASI_000803,CTA_0009,,0.0,508.47,Obligaciones sociales
ASD_0002539,ASI_000804,CTA_0012,,1160.28,0.0,Gasto salarial
ASD_0002540,ASI_000804,CTA_0016,,278.47,0.0,Cargas patronales
ASD_0002541,ASI_000804,CTA_0008,,0.0,963.03,Sueldos a pagar
ASD_0002542,ASI_000804,CTA_0009,,0.0,475.72,Obligaciones sociales
ASD_0002543,ASI_000805,CTA_0012,,1166.27,0.0,Gasto salarial
ASD_0002544,ASI_000805,CTA_0016,,279.9,0.0,Cargas patronales
ASD_0002545,ASI_000805,CTA_0008,,0.0,968.0,Sueldos a pagar
ASD_0002546,ASI_000805,CTA_0009,,0.0,478.17,Obligaciones sociales
ASD_0002547,ASI_000806,CTA_0012,,1262.01,0.0,Gasto salarial
ASD_0002548,ASI_000806,CTA_0016,,302.88,0.0,Cargas patronales
ASD_0002549,ASI_000806,CTA_0008,,0.0,1047.47,Sueldos a pagar
ASD_0002550,ASI_000806,CTA_0009,,0.0,517.42,Obligaciones sociales
ASD_0002551,ASI_000807,CTA_0012,,1273.89,0.0,Gasto salarial
ASD_0002552,ASI_000807,CTA_0016,,305.73,0.0,Cargas patronales
ASD_0002553,ASI_000807,CTA_0008,,0.0,1057.33,Sueldos a pagar
ASD_0002554,ASI_000807,CTA_0009,,0.0,522.29,Obligaciones sociales
ASD_0002555,ASI_000808,CTA_0012,,1428.6,0.0,Gasto salarial
ASD_0002556,ASI_000808,CTA_0016,,342.86,0.0,Cargas patronales
ASD_0002557,ASI_000808,CTA_0008,,0.0,1185.74,Sueldos a pagar
ASD_0002558,ASI_000808,CTA_0009,,0.0,585.72,Obligaciones sociales
ASD_0002559,ASI_000809,CTA_0012,,1258.08,0.0,Gasto salarial
ASD_0002560,ASI_000809,CTA_0016,,301.94,0.0,Cargas patronales
ASD_0002561,ASI_000809,CTA_0008,,0.0,1044.21,Sueldos a pagar
ASD_0002562,ASI_000809,CTA_0009,,0.0,515.81,Obligaciones sociales
ASD_0002563,ASI_000810,CTA_0012,,1400.53,0.0,Gasto salarial
ASD_0002564,ASI_000810,CTA_0016,,336.13,0.0,Cargas patronales
ASD_0002565,ASI_000810,CTA_0008,,0.0,1162.44,Sueldos a pagar
ASD_0002566,ASI_000810,CTA_0009,,0.0,574.22,Obligaciones sociales
ASD_0002567,ASI_000811,CTA_0012,,1242.57,0.0,Gasto salarial
ASD_0002568,ASI_000811,CTA_0016,,298.22,0.0,Cargas patronales
ASD_0002569,ASI_000811,CTA_0008,,0.0,1031.33,Sueldos a pagar
ASD_0002570,ASI_000811,CTA_0009,,0.0,509.46,Obligaciones sociales
ASD_0002571,ASI_000812,CTA_0012,,1182.74,0.0,Gasto salarial
ASD_0002572,ASI_000812,CTA_0016,,283.86,0.0,Cargas patronales
ASD_0002573,ASI_000812,CTA_0008,,0.0,981.67,Sueldos a pagar
ASD_0002574,ASI_000812,CTA_0009,,0.0,484.93,Obligaciones sociales
ASD_0002575,ASI_000813,CTA_0012,,1161.49,0.0,Gasto salarial
ASD_0002576,ASI_000813,CTA_0016,,278.76,0.0,Cargas patronales
ASD_0002577,ASI_000813,CTA_0008,,0.0,964.04,Sueldos a pagar
ASD_0002578,ASI_000813,CTA_0009,,0.0,476.21,Obligaciones sociales
ASD_0002579,ASI_000814,CTA_0012,,1171.99,0.0,Gasto salarial
ASD_0002580,ASI_000814,CTA_0016,,281.28,0.0,Cargas patronales
ASD_0002581,ASI_000814,CTA_0008,,0.0,972.75,Sueldos a pagar
ASD_0002582,ASI_000814,CTA_0009,,0.0,480.52,Obligaciones sociales
ASD_0002583,ASI_000815,CTA_0012,,1391.05,0.0,Gasto salarial
ASD_0002584,ASI_000815,CTA_0016,,333.85,0.0,Cargas patronales
ASD_0002585,ASI_000815,CTA_0008,,0.0,1154.57,Sueldos a pagar
ASD_0002586,ASI_000815,CTA_0009,,0.0,570.33,Obligaciones sociales
ASD_0002587,ASI_000816,CTA_0012,,1299.28,0.0,Gasto salarial
ASD_0002588,ASI_000816,CTA_0016,,311.83,0.0,Cargas patronales
ASD_0002589,ASI_000816,CTA_0008,,0.0,1078.4,Sueldos a pagar
ASD_0002590,ASI_000816,CTA_0009,,0.0,532.71,Obligaciones sociales
ASD_0002591,ASI_000817,CTA_0012,,1507.68,0.0,Gasto salarial
ASD_0002592,ASI_000817,CTA_0016,,361.84,0.0,Cargas patronales
ASD_0002593,ASI_000817,CTA_0008,,0.0,1251.37,Sueldos a pagar
ASD_0002594,ASI_000817,CTA_0009,,0.0,618.15,Obligaciones sociales
ASD_0002595,ASI_000818,CTA_0012,,1433.51,0.0,Gasto salarial
ASD_0002596,ASI_000818,CTA_0016,,344.04,0.0,Cargas patronales
ASD_0002597,ASI_000818,CTA_0008,,0.0,1189.81,Sueldos a pagar
ASD_0002598,ASI_000818,CTA_0009,,0.0,587.74,Obligaciones sociales
ASD_0002599,ASI_000819,CTA_0012,,1439.12,0.0,Gasto salarial
ASD_0002600,ASI_000819,CTA_0016,,345.39,0.0,Cargas patronales
ASD_0002601,ASI_000819,CTA_0008,,0.0,1194.47,Sueldos a pagar
ASD_0002602,ASI_000819,CTA_0009,,0.0,590.04,Obligaciones sociales
ASD_0002603,ASI_000820,CTA_0012,,1441.68,0.0,Gasto salarial
ASD_0002604,ASI_000820,CTA_0016,,346.0,0.0,Cargas patronales
ASD_0002605,ASI_000820,CTA_0008,,0.0,1196.59,Sueldos a pagar
ASD_0002606,ASI_000820,CTA_0009,,0.0,591.09,Obligaciones sociales
ASD_0002607,ASI_000821,CTA_0012,,1422.23,0.0,Gasto salarial
ASD_0002608,ASI_000821,CTA_0016,,341.34,0.0,Cargas patronales
ASD_0002609,ASI_000821,CTA_0008,,0.0,1180.45,Sueldos a pagar
ASD_0002610,ASI_000821,CTA_0009,,0.0,583.12,Obligaciones sociales
ASD_0002611,ASI_000822,CTA_0012,,1163.14,0.0,Gasto salarial
ASD_0002612,ASI_000822,CTA_0016,,279.15,0.0,Cargas patronales
ASD_0002613,ASI_000822,CTA_0008,,0.0,965.41,Sueldos a pagar
ASD_0002614,ASI_000822,CTA_0009,,0.0,476.88,Obligaciones sociales
ASD_0002615,ASI_000823,CTA_0012,,1460.43,0.0,Gasto salarial
ASD_0002616,ASI_000823,CTA_0016,,350.5,0.0,Cargas patronales
ASD_0002617,ASI_000823,CTA_0008,,0.0,1212.16,Sueldos a pagar
ASD_0002618,ASI_000823,CTA_0009,,0.0,598.77,Obligaciones sociales
ASD_0002619,ASI_000824,CTA_0012,,1317.89,0.0,Gasto salarial
ASD_0002620,ASI_000824,CTA_0016,,316.29,0.0,Cargas patronales
ASD_0002621,ASI_000824,CTA_0008,,0.0,1093.85,Sueldos a pagar
ASD_0002622,ASI_000824,CTA_0009,,0.0,540.33,Obligaciones sociales
ASD_0002623,ASI_000825,CTA_0012,,1981.62,0.0,Gasto salarial
ASD_0002624,ASI_000825,CTA_0016,,475.59,0.0,Cargas patronales
ASD_0002625,ASI_000825,CTA_0008,,0.0,1644.74,Sueldos a pagar
ASD_0002626,ASI_000825,CTA_0009,,0.0,812.47,Obligaciones sociales
ASD_0002627,ASI_000826,CTA_0012,,1173.46,0.0,Gasto salarial
ASD_0002628,ASI_000826,CTA_0016,,281.63,0.0,Cargas patronales
ASD_0002629,ASI_000826,CTA_0008,,0.0,973.97,Sueldos a pagar
ASD_0002630,ASI_000826,CTA_0009,,0.0,481.12,Obligaciones sociales
ASD_0002631,ASI_000827,CTA_0012,,1381.11,0.0,Gasto salarial
ASD_0002632,ASI_000827,CTA_0016,,331.47,0.0,Cargas patronales
ASD_0002633,ASI_000827,CTA_0008,,0.0,1146.32,Sueldos a pagar
ASD_0002634,ASI_000827,CTA_0009,,0.0,566.26,Obligaciones sociales
ASD_0002635,ASI_000828,CTA_0012,,1191.47,0.0,Gasto salarial
ASD_0002636,ASI_000828,CTA_0016,,285.95,0.0,Cargas patronales
ASD_0002637,ASI_000828,CTA_0008,,0.0,988.92,Sueldos a pagar
ASD_0002638,ASI_000828,CTA_0009,,0.0,488.5,Obligaciones sociales
ASD_0002639,ASI_000829,CTA_0012,,1167.19,0.0,Gasto salarial
ASD_0002640,ASI_000829,CTA_0016,,280.13,0.0,Cargas patronales
ASD_0002641,ASI_000829,CTA_0008,,0.0,968.77,Sueldos a pagar
ASD_0002642,ASI_000829,CTA_0009,,0.0,478.55,Obligaciones sociales
ASD_0002643,ASI_000830,CTA_0012,,1336.35,0.0,Gasto salarial
ASD_0002644,ASI_000830,CTA_0016,,320.72,0.0,Cargas patronales
ASD_0002645,ASI_000830,CTA_0008,,0.0,1109.17,Sueldos a pagar
ASD_0002646,ASI_000830,CTA_0009,,0.0,547.9,Obligaciones sociales
ASD_0002647,ASI_000831,CTA_0012,,1446.25,0.0,Gasto salarial
ASD_0002648,ASI_000831,CTA_0016,,347.1,0.0,Cargas patronales
ASD_0002649,ASI_000831,CTA_0008,,0.0,1200.39,Sueldos a pagar
ASD_0002650,ASI_000831,CTA_0009,,0.0,592.96,Obligaciones sociales
ASD_0002651,ASI_000832,CTA_0012,,1424.74,0.0,Gasto salarial
ASD_0002652,ASI_000832,CTA_0016,,341.94,0.0,Cargas patronales
ASD_0002653,ASI_000832,CTA_0008,,0.0,1182.53,Sueldos a pagar
ASD_0002654,ASI_000832,CTA_0009,,0.0,584.15,Obligaciones sociales
ASD_0002655,ASI_000833,CTA_0012,,1366.16,0.0,Gasto salarial
ASD_0002656,ASI_000833,CTA_0016,,327.88,0.0,Cargas patronales
ASD_0002657,ASI_000833,CTA_0008,,0.0,1133.91,Sueldos a pagar
ASD_0002658,ASI_000833,CTA_0009,,0.0,560.13,Obligaciones sociales
ASD_0002659,ASI_000834,CTA_0012,,1529.5,0.0,Gasto salarial
ASD_0002660,ASI_000834,CTA_0016,,367.08,0.0,Cargas patronales
ASD_0002661,ASI_000834,CTA_0008,,0.0,1269.48,Sueldos a pagar
ASD_0002662,ASI_000834,CTA_0009,,0.0,627.1,Obligaciones sociales
ASD_0002663,ASI_000835,CTA_0012,,1491.99,0.0,Gasto salarial
ASD_0002664,ASI_000835,CTA_0016,,358.08,0.0,Cargas patronales
ASD_0002665,ASI_000835,CTA_0008,,0.0,1238.35,Sueldos a pagar
ASD_0002666,ASI_000835,CTA_0009,,0.0,611.72,Obligaciones sociales
ASD_0002667,ASI_000836,CTA_0012,,1178.69,0.0,Gasto salarial
ASD_0002668,ASI_000836,CTA_0016,,282.89,0.0,Cargas patronales
ASD_0002669,ASI_000836,CTA_0008,,0.0,978.31,Sueldos a pagar
ASD_0002670,ASI_000836,CTA_0009,,0.0,483.27,Obligaciones sociales
ASD_0002671,ASI_000837,CTA_0012,,1220.29,0.0,Gasto salarial
ASD_0002672,ASI_000837,CTA_0016,,292.87,0.0,Cargas patronales
ASD_0002673,ASI_000837,CTA_0008,,0.0,1012.84,Sueldos a pagar
ASD_0002674,ASI_000837,CTA_0009,,0.0,500.32,Obligaciones sociales
ASD_0002675,ASI_000838,CTA_0012,,1212.79,0.0,Gasto salarial
ASD_0002676,ASI_000838,CTA_0016,,291.07,0.0,Cargas patronales
ASD_0002677,ASI_000838,CTA_0008,,0.0,1006.62,Sueldos a pagar
ASD_0002678,ASI_000838,CTA_0009,,0.0,497.24,Obligaciones sociales
ASD_0002679,ASI_000839,CTA_0012,,1532.34,0.0,Gasto salarial
ASD_0002680,ASI_000839,CTA_0016,,367.76,0.0,Cargas patronales
ASD_0002681,ASI_000839,CTA_0008,,0.0,1271.84,Sueldos a pagar
ASD_0002682,ASI_000839,CTA_0009,,0.0,628.26,Obligaciones sociales
ASD_0002683,ASI_000840,CTA_0012,,1469.41,0.0,Gasto salarial
ASD_0002684,ASI_000840,CTA_0016,,352.66,0.0,Cargas patronales
ASD_0002685,ASI_000840,CTA_0008,,0.0,1219.61,Sueldos a pagar
ASD_0002686,ASI_000840,CTA_0009,,0.0,602.46,Obligaciones sociales
ASD_0002687,ASI_000841,CTA_0012,,1465.45,0.0,Gasto salarial
ASD_0002688,ASI_000841,CTA_0016,,351.71,0.0,Cargas patronales
ASD_0002689,ASI_000841,CTA_0008,,0.0,1216.32,Sueldos a pagar
ASD_0002690,ASI_000841,CTA_0009,,0.0,600.84,Obligaciones sociales
ASD_0002691,ASI_000842,CTA_0012,,1539.18,0.0,Gasto salarial
ASD_0002692,ASI_000842,CTA_0016,,369.4,0.0,Cargas patronales
ASD_0002693,ASI_000842,CTA_0008,,0.0,1277.52,Sueldos a pagar
ASD_0002694,ASI_000842,CTA_0009,,0.0,631.06,Obligaciones sociales
ASD_0002695,ASI_000843,CTA_0012,,1473.45,0.0,Gasto salarial
ASD_0002696,ASI_000843,CTA_0016,,353.63,0.0,Cargas patronales
ASD_0002697,ASI_000843,CTA_0008,,0.0,1222.96,Sueldos a pagar
ASD_0002698,ASI_000843,CTA_0009,,0.0,604.12,Obligaciones sociales
ASD_0002699,ASI_000844,CTA_0012,,1448.26,0.0,Gasto salarial
ASD_0002700,ASI_000844,CTA_0016,,347.58,0.0,Cargas patronales
ASD_0002701,ASI_000844,CTA_0008,,0.0,1202.06,Sueldos a pagar
ASD_0002702,ASI_000844,CTA_0009,,0.0,593.78,Obligaciones sociales
ASD_0002703,ASI_000845,CTA_0012,,1494.67,0.0,Gasto salarial
ASD_0002704,ASI_000845,CTA_0016,,358.72,0.0,Cargas patronales
ASD_0002705,ASI_000845,CTA_0008,,0.0,1240.58,Sueldos a pagar
ASD_0002706,ASI_000845,CTA_0009,,0.0,612.81,Obligaciones sociales
ASD_0002707,ASI_000846,CTA_0012,,1183.22,0.0,Gasto salarial
ASD_0002708,ASI_000846,CTA_0016,,283.97,0.0,Cargas patronales
ASD_0002709,ASI_000846,CTA_0008,,0.0,982.07,Sueldos a pagar
ASD_0002710,ASI_000846,CTA_0009,,0.0,485.12,Obligaciones sociales
ASD_0002711,ASI_000847,CTA_0012,,1492.48,0.0,Gasto salarial
ASD_0002712,ASI_000847,CTA_0016,,358.2,0.0,Cargas patronales
ASD_0002713,ASI_000847,CTA_0008,,0.0,1238.76,Sueldos a pagar
ASD_0002714,ASI_000847,CTA_0009,,0.0,611.92,Obligaciones sociales
ASD_0002715,ASI_000848,CTA_0012,,1351.28,0.0,Gasto salarial
ASD_0002716,ASI_000848,CTA_0016,,324.31,0.0,Cargas patronales
ASD_0002717,ASI_000848,CTA_0008,,0.0,1121.56,Sueldos a pagar
ASD_0002718,ASI_000848,CTA_0009,,0.0,554.03,Obligaciones sociales
ASD_0002719,ASI_000849,CTA_0012,,2107.02,0.0,Gasto salarial
ASD_0002720,ASI_000849,CTA_0016,,505.68,0.0,Cargas patronales
ASD_0002721,ASI_000849,CTA_0008,,0.0,1748.83,Sueldos a pagar
ASD_0002722,ASI_000849,CTA_0009,,0.0,863.87,Obligaciones sociales
ASD_0002723,ASI_000850,CTA_0012,,1173.5,0.0,Gasto salarial
ASD_0002724,ASI_000850,CTA_0016,,281.64,0.0,Cargas patronales
ASD_0002725,ASI_000850,CTA_0008,,0.0,974.0,Sueldos a pagar
ASD_0002726,ASI_000850,CTA_0009,,0.0,481.14,Obligaciones sociales
ASD_0002727,ASI_000851,CTA_0012,,1471.12,0.0,Gasto salarial
ASD_0002728,ASI_000851,CTA_0016,,353.07,0.0,Cargas patronales
ASD_0002729,ASI_000851,CTA_0008,,0.0,1221.03,Sueldos a pagar
ASD_0002730,ASI_000851,CTA_0009,,0.0,603.16,Obligaciones sociales
ASD_0002731,ASI_000852,CTA_0012,,1207.2,0.0,Gasto salarial
ASD_0002732,ASI_000852,CTA_0016,,289.73,0.0,Cargas patronales
ASD_0002733,ASI_000852,CTA_0008,,0.0,1001.98,Sueldos a pagar
ASD_0002734,ASI_000852,CTA_0009,,0.0,494.95,Obligaciones sociales
ASD_0002735,ASI_000853,CTA_0012,,1223.63,0.0,Gasto salarial
ASD_0002736,ASI_000853,CTA_0016,,293.67,0.0,Cargas patronales
ASD_0002737,ASI_000853,CTA_0008,,0.0,1015.61,Sueldos a pagar
ASD_0002738,ASI_000853,CTA_0009,,0.0,501.69,Obligaciones sociales
ASD_0002739,ASI_000854,CTA_0012,,1370.31,0.0,Gasto salarial
ASD_0002740,ASI_000854,CTA_0016,,328.87,0.0,Cargas patronales
ASD_0002741,ASI_000854,CTA_0008,,0.0,1137.36,Sueldos a pagar
ASD_0002742,ASI_000854,CTA_0009,,0.0,561.82,Obligaciones sociales
ASD_0002743,ASI_000855,CTA_0012,,1466.72,0.0,Gasto salarial
ASD_0002744,ASI_000855,CTA_0016,,352.01,0.0,Cargas patronales
ASD_0002745,ASI_000855,CTA_0008,,0.0,1217.38,Sueldos a pagar
ASD_0002746,ASI_000855,CTA_0009,,0.0,601.35,Obligaciones sociales
ASD_0002747,ASI_000856,CTA_0012,,1446.49,0.0,Gasto salarial
ASD_0002748,ASI_000856,CTA_0016,,347.16,0.0,Cargas patronales
ASD_0002749,ASI_000856,CTA_0008,,0.0,1200.59,Sueldos a pagar
ASD_0002750,ASI_000856,CTA_0009,,0.0,593.06,Obligaciones sociales
ASD_0002751,ASI_000857,CTA_0012,,1390.91,0.0,Gasto salarial
ASD_0002752,ASI_000857,CTA_0016,,333.82,0.0,Cargas patronales
ASD_0002753,ASI_000857,CTA_0008,,0.0,1154.46,Sueldos a pagar
ASD_0002754,ASI_000857,CTA_0009,,0.0,570.27,Obligaciones sociales
ASD_0002755,ASI_000858,CTA_0012,,1581.47,0.0,Gasto salarial
ASD_0002756,ASI_000858,CTA_0016,,379.55,0.0,Cargas patronales
ASD_0002757,ASI_000858,CTA_0008,,0.0,1312.62,Sueldos a pagar
ASD_0002758,ASI_000858,CTA_0009,,0.0,648.4,Obligaciones sociales
ASD_0002759,ASI_000859,CTA_0012,,1368.94,0.0,Gasto salarial
ASD_0002760,ASI_000859,CTA_0016,,328.55,0.0,Cargas patronales
ASD_0002761,ASI_000859,CTA_0008,,0.0,1136.22,Sueldos a pagar
ASD_0002762,ASI_000859,CTA_0009,,0.0,561.27,Obligaciones sociales
ASD_0002763,ASI_000860,CTA_0012,,1212.27,0.0,Gasto salarial
ASD_0002764,ASI_000860,CTA_0016,,290.94,0.0,Cargas patronales
ASD_0002765,ASI_000860,CTA_0008,,0.0,1006.18,Sueldos a pagar
ASD_0002766,ASI_000860,CTA_0009,,0.0,497.03,Obligaciones sociales
ASD_0002767,ASI_000861,CTA_0012,,1176.32,0.0,Gasto salarial
ASD_0002768,ASI_000861,CTA_0016,,282.32,0.0,Cargas patronales
ASD_0002769,ASI_000861,CTA_0008,,0.0,976.35,Sueldos a pagar
ASD_0002770,ASI_000861,CTA_0009,,0.0,482.29,Obligaciones sociales
ASD_0002771,ASI_000862,CTA_0012,,1205.62,0.0,Gasto salarial
ASD_0002772,ASI_000862,CTA_0016,,289.35,0.0,Cargas patronales
ASD_0002773,ASI_000862,CTA_0008,,0.0,1000.66,Sueldos a pagar
ASD_0002774,ASI_000862,CTA_0009,,0.0,494.31,Obligaciones sociales
ASD_0002775,ASI_000863,CTA_0012,,1581.9,0.0,Gasto salarial
ASD_0002776,ASI_000863,CTA_0016,,379.66,0.0,Cargas patronales
ASD_0002777,ASI_000863,CTA_0008,,0.0,1312.98,Sueldos a pagar
ASD_0002778,ASI_000863,CTA_0009,,0.0,648.58,Obligaciones sociales
ASD_0002779,ASI_000864,CTA_0012,,1390.55,0.0,Gasto salarial
ASD_0002780,ASI_000864,CTA_0016,,333.73,0.0,Cargas patronales
ASD_0002781,ASI_000864,CTA_0008,,0.0,1154.16,Sueldos a pagar
ASD_0002782,ASI_000864,CTA_0009,,0.0,570.12,Obligaciones sociales
ASD_0002783,ASI_000865,CTA_0012,,1436.21,0.0,Gasto salarial
ASD_0002784,ASI_000865,CTA_0016,,344.69,0.0,Cargas patronales
ASD_0002785,ASI_000865,CTA_0008,,0.0,1192.05,Sueldos a pagar
ASD_0002786,ASI_000865,CTA_0009,,0.0,588.85,Obligaciones sociales
ASD_0002787,ASI_000866,CTA_0012,,1532.0,0.0,Gasto salarial
ASD_0002788,ASI_000866,CTA_0016,,367.68,0.0,Cargas patronales
ASD_0002789,ASI_000866,CTA_0008,,0.0,1271.56,Sueldos a pagar
ASD_0002790,ASI_000866,CTA_0009,,0.0,628.12,Obligaciones sociales
ASD_0002791,ASI_000867,CTA_0012,,1273.69,0.0,Gasto salarial
ASD_0002792,ASI_000867,CTA_0016,,305.69,0.0,Cargas patronales
ASD_0002793,ASI_000867,CTA_0008,,0.0,1057.16,Sueldos a pagar
ASD_0002794,ASI_000867,CTA_0009,,0.0,522.22,Obligaciones sociales
ASD_0002795,ASI_000868,CTA_0012,,1470.94,0.0,Gasto salarial
ASD_0002796,ASI_000868,CTA_0016,,353.03,0.0,Cargas patronales
ASD_0002797,ASI_000868,CTA_0008,,0.0,1220.88,Sueldos a pagar
ASD_0002798,ASI_000868,CTA_0009,,0.0,603.09,Obligaciones sociales
ASD_0002799,ASI_000869,CTA_0012,,1434.59,0.0,Gasto salarial
ASD_0002800,ASI_000869,CTA_0016,,344.3,0.0,Cargas patronales
ASD_0002801,ASI_000869,CTA_0008,,0.0,1190.71,Sueldos a pagar
ASD_0002802,ASI_000869,CTA_0009,,0.0,588.18,Obligaciones sociales
ASD_0002803,ASI_000870,CTA_0012,,1188.31,0.0,Gasto salarial
ASD_0002804,ASI_000870,CTA_0016,,285.19,0.0,Cargas patronales
ASD_0002805,ASI_000870,CTA_0008,,0.0,986.3,Sueldos a pagar
ASD_0002806,ASI_000870,CTA_0009,,0.0,487.2,Obligaciones sociales
ASD_0002807,ASI_000871,CTA_0012,,1453.14,0.0,Gasto salarial
ASD_0002808,ASI_000871,CTA_0016,,348.75,0.0,Cargas patronales
ASD_0002809,ASI_000871,CTA_0008,,0.0,1206.11,Sueldos a pagar
ASD_0002810,ASI_000871,CTA_0009,,0.0,595.78,Obligaciones sociales
ASD_0002811,ASI_000872,CTA_0012,,1245.57,0.0,Gasto salarial
ASD_0002812,ASI_000872,CTA_0016,,298.94,0.0,Cargas patronales
ASD_0002813,ASI_000872,CTA_0008,,0.0,1033.82,Sueldos a pagar
ASD_0002814,ASI_000872,CTA_0009,,0.0,510.69,Obligaciones sociales
ASD_0002815,ASI_000873,CTA_0012,,1863.24,0.0,Gasto salarial
ASD_0002816,ASI_000873,CTA_0016,,447.18,0.0,Cargas patronales
ASD_0002817,ASI_000873,CTA_0008,,0.0,1546.49,Sueldos a pagar
ASD_0002818,ASI_000873,CTA_0009,,0.0,763.93,Obligaciones sociales
ASD_0002819,ASI_000874,CTA_0012,,1178.32,0.0,Gasto salarial
ASD_0002820,ASI_000874,CTA_0016,,282.8,0.0,Cargas patronales
ASD_0002821,ASI_000874,CTA_0008,,0.0,978.01,Sueldos a pagar
ASD_0002822,ASI_000874,CTA_0009,,0.0,483.11,Obligaciones sociales
ASD_0002823,ASI_000875,CTA_0012,,1265.51,0.0,Gasto salarial
ASD_0002824,ASI_000875,CTA_0016,,303.72,0.0,Cargas patronales
ASD_0002825,ASI_000875,CTA_0008,,0.0,1050.37,Sueldos a pagar
ASD_0002826,ASI_000875,CTA_0009,,0.0,518.86,Obligaciones sociales
ASD_0002827,ASI_000876,CTA_0012,,1221.76,0.0,Gasto salarial
ASD_0002828,ASI_000876,CTA_0016,,293.22,0.0,Cargas patronales
ASD_0002829,ASI_000876,CTA_0008,,0.0,1014.06,Sueldos a pagar
ASD_0002830,ASI_000876,CTA_0009,,0.0,500.92,Obligaciones sociales
ASD_0002831,ASI_000877,CTA_0012,,1194.58,0.0,Gasto salarial
ASD_0002832,ASI_000877,CTA_0016,,286.7,0.0,Cargas patronales
ASD_0002833,ASI_000877,CTA_0008,,0.0,991.5,Sueldos a pagar
ASD_0002834,ASI_000877,CTA_0009,,0.0,489.78,Obligaciones sociales
ASD_0002835,ASI_000878,CTA_0012,,1271.28,0.0,Gasto salarial
ASD_0002836,ASI_000878,CTA_0016,,305.11,0.0,Cargas patronales
ASD_0002837,ASI_000878,CTA_0008,,0.0,1055.16,Sueldos a pagar
ASD_0002838,ASI_000878,CTA_0009,,0.0,521.23,Obligaciones sociales
ASD_0002839,ASI_000879,CTA_0012,,1230.49,0.0,Gasto salarial
ASD_0002840,ASI_000879,CTA_0016,,295.32,0.0,Cargas patronales
ASD_0002841,ASI_000879,CTA_0008,,0.0,1021.31,Sueldos a pagar
ASD_0002842,ASI_000879,CTA_0009,,0.0,504.5,Obligaciones sociales
ASD_0002843,ASI_000880,CTA_0012,,1436.5,0.0,Gasto salarial
ASD_0002844,ASI_000880,CTA_0016,,344.76,0.0,Cargas patronales
ASD_0002845,ASI_000880,CTA_0008,,0.0,1192.29,Sueldos a pagar
ASD_0002846,ASI_000880,CTA_0009,,0.0,588.97,Obligaciones sociales
ASD_0002847,ASI_000881,CTA_0012,,1232.57,0.0,Gasto salarial
ASD_0002848,ASI_000881,CTA_0016,,295.82,0.0,Cargas patronales
ASD_0002849,ASI_000881,CTA_0008,,0.0,1023.03,Sueldos a pagar
ASD_0002850,ASI_000881,CTA_0009,,0.0,505.36,Obligaciones sociales
ASD_0002851,ASI_000882,CTA_0012,,1415.73,0.0,Gasto salarial
ASD_0002852,ASI_000882,CTA_0016,,339.78,0.0,Cargas patronales
ASD_0002853,ASI_000882,CTA_0008,,0.0,1175.06,Sueldos a pagar
ASD_0002854,ASI_000882,CTA_0009,,0.0,580.45,Obligaciones sociales
ASD_0002855,ASI_000883,CTA_0012,,1287.69,0.0,Gasto salarial
ASD_0002856,ASI_000883,CTA_0016,,309.05,0.0,Cargas patronales
ASD_0002857,ASI_000883,CTA_0008,,0.0,1068.78,Sueldos a pagar
ASD_0002858,ASI_000883,CTA_0009,,0.0,527.96,Obligaciones sociales
ASD_0002859,ASI_000884,CTA_0012,,1169.6,0.0,Gasto salarial
ASD_0002860,ASI_000884,CTA_0016,,280.7,0.0,Cargas patronales
ASD_0002861,ASI_000884,CTA_0008,,0.0,970.77,Sueldos a pagar
ASD_0002862,ASI_000884,CTA_0009,,0.0,479.53,Obligaciones sociales
ASD_0002863,ASI_000885,CTA_0012,,1171.92,0.0,Gasto salarial
ASD_0002864,ASI_000885,CTA_0016,,281.26,0.0,Cargas patronales
ASD_0002865,ASI_000885,CTA_0008,,0.0,972.69,Sueldos a pagar
ASD_0002866,ASI_000885,CTA_0009,,0.0,480.49,Obligaciones sociales
ASD_0002867,ASI_000886,CTA_0012,,1179.28,0.0,Gasto salarial
ASD_0002868,ASI_000886,CTA_0016,,283.03,0.0,Cargas patronales
ASD_0002869,ASI_000886,CTA_0008,,0.0,978.8,Sueldos a pagar
ASD_0002870,ASI_000886,CTA_0009,,0.0,483.51,Obligaciones sociales
ASD_0002871,ASI_000887,CTA_0012,,1401.34,0.0,Gasto salarial
ASD_0002872,ASI_000887,CTA_0016,,336.32,0.0,Cargas patronales
ASD_0002873,ASI_000887,CTA_0008,,0.0,1163.11,Sueldos a pagar
ASD_0002874,ASI_000887,CTA_0009,,0.0,574.55,Obligaciones sociales
ASD_0002875,ASI_000888,CTA_0012,,1271.63,0.0,Gasto salarial
ASD_0002876,ASI_000888,CTA_0016,,305.19,0.0,Cargas patronales
ASD_0002877,ASI_000888,CTA_0008,,0.0,1055.45,Sueldos a pagar
ASD_0002878,ASI_000888,CTA_0009,,0.0,521.37,Obligaciones sociales
ASD_0002879,ASI_000889,CTA_0012,,1480.75,0.0,Gasto salarial
ASD_0002880,ASI_000889,CTA_0016,,355.38,0.0,Cargas patronales
ASD_0002881,ASI_000889,CTA_0008,,0.0,1229.02,Sueldos a pagar
ASD_0002882,ASI_000889,CTA_0009,,0.0,607.11,Obligaciones sociales
ASD_0002883,ASI_000890,CTA_0012,,1427.35,0.0,Gasto salarial
ASD_0002884,ASI_000890,CTA_0016,,342.56,0.0,Cargas patronales
ASD_0002885,ASI_000890,CTA_0008,,0.0,1184.7,Sueldos a pagar
ASD_0002886,ASI_000890,CTA_0009,,0.0,585.21,Obligaciones sociales
ASD_0002887,ASI_000891,CTA_0012,,1247.13,0.0,Gasto salarial
ASD_0002888,ASI_000891,CTA_0016,,299.31,0.0,Cargas patronales
ASD_0002889,ASI_000891,CTA_0008,,0.0,1035.12,Sueldos a pagar
ASD_0002890,ASI_000891,CTA_0009,,0.0,511.32,Obligaciones sociales
ASD_0002891,ASI_000892,CTA_0012,,1478.31,0.0,Gasto salarial
ASD_0002892,ASI_000892,CTA_0016,,354.79,0.0,Cargas patronales
ASD_0002893,ASI_000892,CTA_0008,,0.0,1227.0,Sueldos a pagar
ASD_0002894,ASI_000892,CTA_0009,,0.0,606.1,Obligaciones sociales
ASD_0002895,ASI_000893,CTA_0012,,1469.7,0.0,Gasto salarial
ASD_0002896,ASI_000893,CTA_0016,,352.73,0.0,Cargas patronales
ASD_0002897,ASI_000893,CTA_0008,,0.0,1219.85,Sueldos a pagar
ASD_0002898,ASI_000893,CTA_0009,,0.0,602.58,Obligaciones sociales
ASD_0002899,ASI_000894,CTA_0012,,1178.05,0.0,Gasto salarial
ASD_0002900,ASI_000894,CTA_0016,,282.73,0.0,Cargas patronales
ASD_0002901,ASI_000894,CTA_0008,,0.0,977.78,Sueldos a pagar
ASD_0002902,ASI_000894,CTA_0009,,0.0,483.0,Obligaciones sociales
ASD_0002903,ASI_000895,CTA_0012,,1499.95,0.0,Gasto salarial
ASD_0002904,ASI_000895,CTA_0016,,359.99,0.0,Cargas patronales
ASD_0002905,ASI_000895,CTA_0008,,0.0,1244.96,Sueldos a pagar
ASD_0002906,ASI_000895,CTA_0009,,0.0,614.98,Obligaciones sociales
ASD_0002907,ASI_000896,CTA_0012,,1232.16,0.0,Gasto salarial
ASD_0002908,ASI_000896,CTA_0016,,295.72,0.0,Cargas patronales
ASD_0002909,ASI_000896,CTA_0008,,0.0,1022.69,Sueldos a pagar
ASD_0002910,ASI_000896,CTA_0009,,0.0,505.19,Obligaciones sociales
ASD_0002911,ASI_000897,CTA_0012,,1861.35,0.0,Gasto salarial
ASD_0002912,ASI_000897,CTA_0016,,446.72,0.0,Cargas patronales
ASD_0002913,ASI_000897,CTA_0008,,0.0,1544.92,Sueldos a pagar
ASD_0002914,ASI_000897,CTA_0009,,0.0,763.15,Obligaciones sociales
ASD_0002915,ASI_000898,CTA_0012,,1207.93,0.0,Gasto salarial
ASD_0002916,ASI_000898,CTA_0016,,289.9,0.0,Cargas patronales
ASD_0002917,ASI_000898,CTA_0008,,0.0,1002.58,Sueldos a pagar
ASD_0002918,ASI_000898,CTA_0009,,0.0,495.25,Obligaciones sociales
ASD_0002919,ASI_000899,CTA_0012,,1293.65,0.0,Gasto salarial
ASD_0002920,ASI_000899,CTA_0016,,310.48,0.0,Cargas patronales
ASD_0002921,ASI_000899,CTA_0008,,0.0,1073.73,Sueldos a pagar
ASD_0002922,ASI_000899,CTA_0009,,0.0,530.4,Obligaciones sociales
ASD_0002923,ASI_000900,CTA_0012,,1193.12,0.0,Gasto salarial
ASD_0002924,ASI_000900,CTA_0016,,286.35,0.0,Cargas patronales
ASD_0002925,ASI_000900,CTA_0008,,0.0,990.29,Sueldos a pagar
ASD_0002926,ASI_000900,CTA_0009,,0.0,489.18,Obligaciones sociales
ASD_0002927,ASI_000901,CTA_0012,,1179.17,0.0,Gasto salarial
ASD_0002928,ASI_000901,CTA_0016,,283.0,0.0,Cargas patronales
ASD_0002929,ASI_000901,CTA_0008,,0.0,978.71,Sueldos a pagar
ASD_0002930,ASI_000901,CTA_0009,,0.0,483.46,Obligaciones sociales
ASD_0002931,ASI_000902,CTA_0012,,1287.08,0.0,Gasto salarial
ASD_0002932,ASI_000902,CTA_0016,,308.9,0.0,Cargas patronales
ASD_0002933,ASI_000902,CTA_0008,,0.0,1068.28,Sueldos a pagar
ASD_0002934,ASI_000902,CTA_0009,,0.0,527.7,Obligaciones sociales
ASD_0002935,ASI_000903,CTA_0012,,1282.81,0.0,Gasto salarial
ASD_0002936,ASI_000903,CTA_0016,,307.87,0.0,Cargas patronales
ASD_0002937,ASI_000903,CTA_0008,,0.0,1064.73,Sueldos a pagar
ASD_0002938,ASI_000903,CTA_0009,,0.0,525.95,Obligaciones sociales
ASD_0002939,ASI_000904,CTA_0012,,1464.53,0.0,Gasto salarial
ASD_0002940,ASI_000904,CTA_0016,,351.49,0.0,Cargas patronales
ASD_0002941,ASI_000904,CTA_0008,,0.0,1215.56,Sueldos a pagar
ASD_0002942,ASI_000904,CTA_0009,,0.0,600.46,Obligaciones sociales
ASD_0002943,ASI_000905,CTA_0012,,1282.59,0.0,Gasto salarial
ASD_0002944,ASI_000905,CTA_0016,,307.82,0.0,Cargas patronales
ASD_0002945,ASI_000905,CTA_0008,,0.0,1064.55,Sueldos a pagar
ASD_0002946,ASI_000905,CTA_0009,,0.0,525.86,Obligaciones sociales
ASD_0002947,ASI_000906,CTA_0012,,1374.58,0.0,Gasto salarial
ASD_0002948,ASI_000906,CTA_0016,,329.9,0.0,Cargas patronales
ASD_0002949,ASI_000906,CTA_0008,,0.0,1140.9,Sueldos a pagar
ASD_0002950,ASI_000906,CTA_0009,,0.0,563.58,Obligaciones sociales
ASD_0002951,ASI_000907,CTA_0012,,1269.21,0.0,Gasto salarial
ASD_0002952,ASI_000907,CTA_0016,,304.61,0.0,Cargas patronales
ASD_0002953,ASI_000907,CTA_0008,,0.0,1053.44,Sueldos a pagar
ASD_0002954,ASI_000907,CTA_0009,,0.0,520.38,Obligaciones sociales
ASD_0002955,ASI_000908,CTA_0012,,1217.65,0.0,Gasto salarial
ASD_0002956,ASI_000908,CTA_0016,,292.24,0.0,Cargas patronales
ASD_0002957,ASI_000908,CTA_0008,,0.0,1010.65,Sueldos a pagar
ASD_0002958,ASI_000908,CTA_0009,,0.0,499.24,Obligaciones sociales
ASD_0002959,ASI_000909,CTA_0012,,1178.91,0.0,Gasto salarial
ASD_0002960,ASI_000909,CTA_0016,,282.94,0.0,Cargas patronales
ASD_0002961,ASI_000909,CTA_0008,,0.0,978.5,Sueldos a pagar
ASD_0002962,ASI_000909,CTA_0009,,0.0,483.35,Obligaciones sociales
ASD_0002963,ASI_000910,CTA_0012,,1190.64,0.0,Gasto salarial
ASD_0002964,ASI_000910,CTA_0016,,285.75,0.0,Cargas patronales
ASD_0002965,ASI_000910,CTA_0008,,0.0,988.23,Sueldos a pagar
ASD_0002966,ASI_000910,CTA_0009,,0.0,488.16,Obligaciones sociales
ASD_0002967,ASI_000911,CTA_0012,,1431.15,0.0,Gasto salarial
ASD_0002968,ASI_000911,CTA_0016,,343.48,0.0,Cargas patronales
ASD_0002969,ASI_000911,CTA_0008,,0.0,1187.85,Sueldos a pagar
ASD_0002970,ASI_000911,CTA_0009,,0.0,586.78,Obligaciones sociales
ASD_0002971,ASI_000912,CTA_0012,,1284.87,0.0,Gasto salarial
ASD_0002972,ASI_000912,CTA_0016,,308.37,0.0,Cargas patronales
ASD_0002973,ASI_000912,CTA_0008,,0.0,1066.44,Sueldos a pagar
ASD_0002974,ASI_000912,CTA_0009,,0.0,526.8,Obligaciones sociales
ASD_0002975,ASI_000913,CTA_0012,,1498.17,0.0,Gasto salarial
ASD_0002976,ASI_000913,CTA_0016,,359.56,0.0,Cargas patronales
ASD_0002977,ASI_000913,CTA_0008,,0.0,1243.48,Sueldos a pagar
ASD_0002978,ASI_000913,CTA_0009,,0.0,614.25,Obligaciones sociales
ASD_0002979,ASI_000914,CTA_0012,,1384.3,0.0,Gasto salarial
ASD_0002980,ASI_000914,CTA_0016,,332.23,0.0,Cargas patronales
ASD_0002981,ASI_000914,CTA_0008,,0.0,1148.97,Sueldos a pagar
ASD_0002982,ASI_000914,CTA_0009,,0.0,567.56,Obligaciones sociales
ASD_0002983,ASI_000915,CTA_0012,,1299.74,0.0,Gasto salarial
ASD_0002984,ASI_000915,CTA_0016,,311.94,0.0,Cargas patronales
ASD_0002985,ASI_000915,CTA_0008,,0.0,1078.78,Sueldos a pagar
ASD_0002986,ASI_000915,CTA_0009,,0.0,532.9,Obligaciones sociales
ASD_0002987,ASI_000916,CTA_0012,,1434.27,0.0,Gasto salarial
ASD_0002988,ASI_000916,CTA_0016,,344.22,0.0,Cargas patronales
ASD_0002989,ASI_000916,CTA_0008,,0.0,1190.44,Sueldos a pagar
ASD_0002990,ASI_000916,CTA_0009,,0.0,588.05,Obligaciones sociales
ASD_0002991,ASI_000917,CTA_0012,,1466.13,0.0,Gasto salarial
ASD_0002992,ASI_000917,CTA_0016,,351.87,0.0,Cargas patronales
ASD_0002993,ASI_000917,CTA_0008,,0.0,1216.89,Sueldos a pagar
ASD_0002994,ASI_000917,CTA_0009,,0.0,601.11,Obligaciones sociales
ASD_0002995,ASI_000918,CTA_0012,,1190.33,0.0,Gasto salarial
ASD_0002996,ASI_000918,CTA_0016,,285.68,0.0,Cargas patronales
ASD_0002997,ASI_000918,CTA_0008,,0.0,987.97,Sueldos a pagar
ASD_0002998,ASI_000918,CTA_0009,,0.0,488.04,Obligaciones sociales
ASD_0002999,ASI_000919,CTA_0012,,1490.46,0.0,Gasto salarial
ASD_0003000,ASI_000919,CTA_0016,,357.71,0.0,Cargas patronales
ASD_0003001,ASI_000919,CTA_0008,,0.0,1237.08,Sueldos a pagar
ASD_0003002,ASI_000919,CTA_0009,,0.0,611.09,Obligaciones sociales
ASD_0003003,ASI_000920,CTA_0012,,1293.15,0.0,Gasto salarial
ASD_0003004,ASI_000920,CTA_0016,,310.36,0.0,Cargas patronales
ASD_0003005,ASI_000920,CTA_0008,,0.0,1073.31,Sueldos a pagar
ASD_0003006,ASI_000920,CTA_0009,,0.0,530.2,Obligaciones sociales
ASD_0003007,ASI_000921,CTA_0012,,1863.44,0.0,Gasto salarial
ASD_0003008,ASI_000921,CTA_0016,,447.23,0.0,Cargas patronales
ASD_0003009,ASI_000921,CTA_0008,,0.0,1546.66,Sueldos a pagar
ASD_0003010,ASI_000921,CTA_0009,,0.0,764.01,Obligaciones sociales
ASD_0003011,ASI_000922,CTA_0012,,1200.78,0.0,Gasto salarial
ASD_0003012,ASI_000922,CTA_0016,,288.19,0.0,Cargas patronales
ASD_0003013,ASI_000922,CTA_0008,,0.0,996.65,Sueldos a pagar
ASD_0003014,ASI_000922,CTA_0009,,0.0,492.32,Obligaciones sociales
ASD_0003015,ASI_000923,CTA_0012,,1257.06,0.0,Gasto salarial
ASD_0003016,ASI_000923,CTA_0016,,301.69,0.0,Cargas patronales
ASD_0003017,ASI_000923,CTA_0008,,0.0,1043.36,Sueldos a pagar
ASD_0003018,ASI_000923,CTA_0009,,0.0,515.39,Obligaciones sociales
ASD_0003019,ASI_000924,CTA_0012,,1192.53,0.0,Gasto salarial
ASD_0003020,ASI_000924,CTA_0016,,286.21,0.0,Cargas patronales
ASD_0003021,ASI_000924,CTA_0008,,0.0,989.8,Sueldos a pagar
ASD_0003022,ASI_000924,CTA_0009,,0.0,488.94,Obligaciones sociales
ASD_0003023,ASI_000925,CTA_0012,,1192.46,0.0,Gasto salarial
ASD_0003024,ASI_000925,CTA_0016,,286.19,0.0,Cargas patronales
ASD_0003025,ASI_000925,CTA_0008,,0.0,989.74,Sueldos a pagar
ASD_0003026,ASI_000925,CTA_0009,,0.0,488.91,Obligaciones sociales
ASD_0003027,ASI_000926,CTA_0012,,1226.53,0.0,Gasto salarial
ASD_0003028,ASI_000926,CTA_0016,,294.37,0.0,Cargas patronales
ASD_0003029,ASI_000926,CTA_0008,,0.0,1018.02,Sueldos a pagar
ASD_0003030,ASI_000926,CTA_0009,,0.0,502.88,Obligaciones sociales
ASD_0003031,ASI_000927,CTA_0012,,1262.73,0.0,Gasto salarial
ASD_0003032,ASI_000927,CTA_0016,,303.06,0.0,Cargas patronales
ASD_0003033,ASI_000927,CTA_0008,,0.0,1048.07,Sueldos a pagar
ASD_0003034,ASI_000927,CTA_0009,,0.0,517.72,Obligaciones sociales
ASD_0003035,ASI_000928,CTA_0012,,1495.47,0.0,Gasto salarial
ASD_0003036,ASI_000928,CTA_0016,,358.91,0.0,Cargas patronales
ASD_0003037,ASI_000928,CTA_0008,,0.0,1241.24,Sueldos a pagar
ASD_0003038,ASI_000928,CTA_0009,,0.0,613.14,Obligaciones sociales
ASD_0003039,ASI_000929,CTA_0012,,1278.2,0.0,Gasto salarial
ASD_0003040,ASI_000929,CTA_0016,,306.77,0.0,Cargas patronales
ASD_0003041,ASI_000929,CTA_0008,,0.0,1060.91,Sueldos a pagar
ASD_0003042,ASI_000929,CTA_0009,,0.0,524.06,Obligaciones sociales
ASD_0003043,ASI_000930,CTA_0012,,1418.28,0.0,Gasto salarial
ASD_0003044,ASI_000930,CTA_0016,,340.39,0.0,Cargas patronales
ASD_0003045,ASI_000930,CTA_0008,,0.0,1177.17,Sueldos a pagar
ASD_0003046,ASI_000930,CTA_0009,,0.0,581.5,Obligaciones sociales
ASD_0003047,ASI_000931,CTA_0012,,1254.29,0.0,Gasto salarial
ASD_0003048,ASI_000931,CTA_0016,,301.03,0.0,Cargas patronales
ASD_0003049,ASI_000931,CTA_0008,,0.0,1041.06,Sueldos a pagar
ASD_0003050,ASI_000931,CTA_0009,,0.0,514.26,Obligaciones sociales
ASD_0003051,ASI_000932,CTA_0012,,1193.85,0.0,Gasto salarial
ASD_0003052,ASI_000932,CTA_0016,,286.52,0.0,Cargas patronales
ASD_0003053,ASI_000932,CTA_0008,,0.0,990.9,Sueldos a pagar
ASD_0003054,ASI_000932,CTA_0009,,0.0,489.47,Obligaciones sociales
ASD_0003055,ASI_000933,CTA_0012,,1158.77,0.0,Gasto salarial
ASD_0003056,ASI_000933,CTA_0016,,278.1,0.0,Cargas patronales
ASD_0003057,ASI_000933,CTA_0008,,0.0,961.78,Sueldos a pagar
ASD_0003058,ASI_000933,CTA_0009,,0.0,475.09,Obligaciones sociales
ASD_0003059,ASI_000934,CTA_0012,,1183.52,0.0,Gasto salarial
ASD_0003060,ASI_000934,CTA_0016,,284.04,0.0,Cargas patronales
ASD_0003061,ASI_000934,CTA_0008,,0.0,982.32,Sueldos a pagar
ASD_0003062,ASI_000934,CTA_0009,,0.0,485.24,Obligaciones sociales
ASD_0003063,ASI_000935,CTA_0012,,1391.68,0.0,Gasto salarial
ASD_0003064,ASI_000935,CTA_0016,,334.0,0.0,Cargas patronales
ASD_0003065,ASI_000935,CTA_0008,,0.0,1155.09,Sueldos a pagar
ASD_0003066,ASI_000935,CTA_0009,,0.0,570.59,Obligaciones sociales
ASD_0003067,ASI_000936,CTA_0012,,1244.14,0.0,Gasto salarial
ASD_0003068,ASI_000936,CTA_0016,,298.59,0.0,Cargas patronales
ASD_0003069,ASI_000936,CTA_0008,,0.0,1032.64,Sueldos a pagar
ASD_0003070,ASI_000936,CTA_0009,,0.0,510.09,Obligaciones sociales
ASD_0003071,ASI_000937,CTA_0012,,1423.72,0.0,Gasto salarial
ASD_0003072,ASI_000937,CTA_0016,,341.69,0.0,Cargas patronales
ASD_0003073,ASI_000937,CTA_0008,,0.0,1181.69,Sueldos a pagar
ASD_0003074,ASI_000937,CTA_0009,,0.0,583.72,Obligaciones sociales
ASD_0003075,ASI_000938,CTA_0012,,1409.57,0.0,Gasto salarial
ASD_0003076,ASI_000938,CTA_0016,,338.3,0.0,Cargas patronales
ASD_0003077,ASI_000938,CTA_0008,,0.0,1169.94,Sueldos a pagar
ASD_0003078,ASI_000938,CTA_0009,,0.0,577.93,Obligaciones sociales
ASD_0003079,ASI_000939,CTA_0012,,1326.75,0.0,Gasto salarial
ASD_0003080,ASI_000939,CTA_0016,,318.42,0.0,Cargas patronales
ASD_0003081,ASI_000939,CTA_0008,,0.0,1101.2,Sueldos a pagar
ASD_0003082,ASI_000939,CTA_0009,,0.0,543.97,Obligaciones sociales
ASD_0003083,ASI_000940,CTA_0012,,1467.79,0.0,Gasto salarial
ASD_0003084,ASI_000940,CTA_0016,,352.27,0.0,Cargas patronales
ASD_0003085,ASI_000940,CTA_0008,,0.0,1218.27,Sueldos a pagar
ASD_0003086,ASI_000940,CTA_0009,,0.0,601.79,Obligaciones sociales
ASD_0003087,ASI_000941,CTA_0012,,1459.11,0.0,Gasto salarial
ASD_0003088,ASI_000941,CTA_0016,,350.19,0.0,Cargas patronales
ASD_0003089,ASI_000941,CTA_0008,,0.0,1211.06,Sueldos a pagar
ASD_0003090,ASI_000941,CTA_0009,,0.0,598.24,Obligaciones sociales
ASD_0003091,ASI_000942,CTA_0012,,1189.96,0.0,Gasto salarial
ASD_0003092,ASI_000942,CTA_0016,,285.59,0.0,Cargas patronales
ASD_0003093,ASI_000942,CTA_0008,,0.0,987.67,Sueldos a pagar
ASD_0003094,ASI_000942,CTA_0009,,0.0,487.88,Obligaciones sociales
ASD_0003095,ASI_000943,CTA_0012,,1471.54,0.0,Gasto salarial
ASD_0003096,ASI_000943,CTA_0016,,353.17,0.0,Cargas patronales
ASD_0003097,ASI_000943,CTA_0008,,0.0,1221.38,Sueldos a pagar
ASD_0003098,ASI_000943,CTA_0009,,0.0,603.33,Obligaciones sociales
ASD_0003099,ASI_000944,CTA_0012,,1383.77,0.0,Gasto salarial
ASD_0003100,ASI_000944,CTA_0016,,332.1,0.0,Cargas patronales
ASD_0003101,ASI_000944,CTA_0008,,0.0,1148.53,Sueldos a pagar
ASD_0003102,ASI_000944,CTA_0009,,0.0,567.34,Obligaciones sociales
ASD_0003103,ASI_000945,CTA_0012,,1966.42,0.0,Gasto salarial
ASD_0003104,ASI_000945,CTA_0016,,471.94,0.0,Cargas patronales
ASD_0003105,ASI_000945,CTA_0008,,0.0,1632.13,Sueldos a pagar
ASD_0003106,ASI_000945,CTA_0009,,0.0,806.23,Obligaciones sociales
ASD_0003107,ASI_000946,CTA_0012,,1193.48,0.0,Gasto salarial
ASD_0003108,ASI_000946,CTA_0016,,286.44,0.0,Cargas patronales
ASD_0003109,ASI_000946,CTA_0008,,0.0,990.59,Sueldos a pagar
ASD_0003110,ASI_000946,CTA_0009,,0.0,489.33,Obligaciones sociales
ASD_0003111,ASI_000947,CTA_0012,,1414.16,0.0,Gasto salarial
ASD_0003112,ASI_000947,CTA_0016,,339.4,0.0,Cargas patronales
ASD_0003113,ASI_000947,CTA_0008,,0.0,1173.75,Sueldos a pagar
ASD_0003114,ASI_000947,CTA_0009,,0.0,579.81,Obligaciones sociales
ASD_0003115,ASI_000948,CTA_0012,,1184.46,0.0,Gasto salarial
ASD_0003116,ASI_000948,CTA_0016,,284.27,0.0,Cargas patronales
ASD_0003117,ASI_000948,CTA_0008,,0.0,983.1,Sueldos a pagar
ASD_0003118,ASI_000948,CTA_0009,,0.0,485.63,Obligaciones sociales
ASD_0003119,ASI_000949,CTA_0012,,1201.62,0.0,Gasto salarial
ASD_0003120,ASI_000949,CTA_0016,,288.39,0.0,Cargas patronales
ASD_0003121,ASI_000949,CTA_0008,,0.0,997.34,Sueldos a pagar
ASD_0003122,ASI_000949,CTA_0009,,0.0,492.67,Obligaciones sociales
ASD_0003123,ASI_000950,CTA_0012,,1431.13,0.0,Gasto salarial
ASD_0003124,ASI_000950,CTA_0016,,343.47,0.0,Cargas patronales
ASD_0003125,ASI_000950,CTA_0008,,0.0,1187.84,Sueldos a pagar
ASD_0003126,ASI_000950,CTA_0009,,0.0,586.76,Obligaciones sociales
ASD_0003127,ASI_000951,CTA_0012,,1328.89,0.0,Gasto salarial
ASD_0003128,ASI_000951,CTA_0016,,318.93,0.0,Cargas patronales
ASD_0003129,ASI_000951,CTA_0008,,0.0,1102.98,Sueldos a pagar
ASD_0003130,ASI_000951,CTA_0009,,0.0,544.84,Obligaciones sociales
ASD_0003131,ASI_000952,CTA_0012,,1504.7,0.0,Gasto salarial
ASD_0003132,ASI_000952,CTA_0016,,361.13,0.0,Cargas patronales
ASD_0003133,ASI_000952,CTA_0008,,0.0,1248.9,Sueldos a pagar
ASD_0003134,ASI_000952,CTA_0009,,0.0,616.93,Obligaciones sociales
ASD_0003135,ASI_000953,CTA_0012,,1388.37,0.0,Gasto salarial
ASD_0003136,ASI_000953,CTA_0016,,333.21,0.0,Cargas patronales
ASD_0003137,ASI_000953,CTA_0008,,0.0,1152.35,Sueldos a pagar
ASD_0003138,ASI_000953,CTA_0009,,0.0,569.23,Obligaciones sociales
ASD_0003139,ASI_000954,CTA_0012,,1669.45,0.0,Gasto salarial
ASD_0003140,ASI_000954,CTA_0016,,400.67,0.0,Cargas patronales
ASD_0003141,ASI_000954,CTA_0008,,0.0,1385.64,Sueldos a pagar
ASD_0003142,ASI_000954,CTA_0009,,0.0,684.48,Obligaciones sociales
ASD_0003143,ASI_000955,CTA_0012,,1451.5,0.0,Gasto salarial
ASD_0003144,ASI_000955,CTA_0016,,348.36,0.0,Cargas patronales
ASD_0003145,ASI_000955,CTA_0008,,0.0,1204.74,Sueldos a pagar
ASD_0003146,ASI_000955,CTA_0009,,0.0,595.12,Obligaciones sociales
ASD_0003147,ASI_000956,CTA_0012,,1220.04,0.0,Gasto salarial
ASD_0003148,ASI_000956,CTA_0016,,292.81,0.0,Cargas patronales
ASD_0003149,ASI_000956,CTA_0008,,0.0,1012.63,Sueldos a pagar
ASD_0003150,ASI_000956,CTA_0009,,0.0,500.22,Obligaciones sociales
ASD_0003151,ASI_000957,CTA_0012,,1207.78,0.0,Gasto salarial
ASD_0003152,ASI_000957,CTA_0016,,289.87,0.0,Cargas patronales
ASD_0003153,ASI_000957,CTA_0008,,0.0,1002.46,Sueldos a pagar
ASD_0003154,ASI_000957,CTA_0009,,0.0,495.19,Obligaciones sociales
ASD_0003155,ASI_000958,CTA_0012,,1165.42,0.0,Gasto salarial
ASD_0003156,ASI_000958,CTA_0016,,279.7,0.0,Cargas patronales
ASD_0003157,ASI_000958,CTA_0008,,0.0,967.3,Sueldos a pagar
ASD_0003158,ASI_000958,CTA_0009,,0.0,477.82,Obligaciones sociales
ASD_0003159,ASI_000959,CTA_0012,,1656.3,0.0,Gasto salarial
ASD_0003160,ASI_000959,CTA_0016,,397.51,0.0,Cargas patronales
ASD_0003161,ASI_000959,CTA_0008,,0.0,1374.73,Sueldos a pagar
ASD_0003162,ASI_000959,CTA_0009,,0.0,679.08,Obligaciones sociales
ASD_0003163,ASI_000960,CTA_0012,,1509.29,0.0,Gasto salarial
ASD_0003164,ASI_000960,CTA_0016,,362.23,0.0,Cargas patronales
ASD_0003165,ASI_000960,CTA_0008,,0.0,1252.71,Sueldos a pagar
ASD_0003166,ASI_000960,CTA_0009,,0.0,618.81,Obligaciones sociales
ASD_0003167,ASI_000961,CTA_0012,,1432.65,0.0,Gasto salarial
ASD_0003168,ASI_000961,CTA_0016,,343.84,0.0,Cargas patronales
ASD_0003169,ASI_000961,CTA_0008,,0.0,1189.1,Sueldos a pagar
ASD_0003170,ASI_000961,CTA_0009,,0.0,587.39,Obligaciones sociales
ASD_0003171,ASI_000962,CTA_0012,,1572.69,0.0,Gasto salarial
ASD_0003172,ASI_000962,CTA_0016,,377.45,0.0,Cargas patronales
ASD_0003173,ASI_000962,CTA_0008,,0.0,1305.33,Sueldos a pagar
ASD_0003174,ASI_000962,CTA_0009,,0.0,644.81,Obligaciones sociales
ASD_0003175,ASI_000963,CTA_0012,,1373.19,0.0,Gasto salarial
ASD_0003176,ASI_000963,CTA_0016,,329.57,0.0,Cargas patronales
ASD_0003177,ASI_000963,CTA_0008,,0.0,1139.75,Sueldos a pagar
ASD_0003178,ASI_000963,CTA_0009,,0.0,563.01,Obligaciones sociales
ASD_0003179,ASI_000964,CTA_0012,,1493.72,0.0,Gasto salarial
ASD_0003180,ASI_000964,CTA_0016,,358.49,0.0,Cargas patronales
ASD_0003181,ASI_000964,CTA_0008,,0.0,1239.79,Sueldos a pagar
ASD_0003182,ASI_000964,CTA_0009,,0.0,612.42,Obligaciones sociales
ASD_0003183,ASI_000965,CTA_0012,,1445.34,0.0,Gasto salarial
ASD_0003184,ASI_000965,CTA_0016,,346.88,0.0,Cargas patronales
ASD_0003185,ASI_000965,CTA_0008,,0.0,1199.63,Sueldos a pagar
ASD_0003186,ASI_000965,CTA_0009,,0.0,592.59,Obligaciones sociales
ASD_0003187,ASI_000966,CTA_0012,,1193.16,0.0,Gasto salarial
ASD_0003188,ASI_000966,CTA_0016,,286.36,0.0,Cargas patronales
ASD_0003189,ASI_000966,CTA_0008,,0.0,990.32,Sueldos a pagar
ASD_0003190,ASI_000966,CTA_0009,,0.0,489.2,Obligaciones sociales
ASD_0003191,ASI_000967,CTA_0012,,1431.22,0.0,Gasto salarial
ASD_0003192,ASI_000967,CTA_0016,,343.49,0.0,Cargas patronales
ASD_0003193,ASI_000967,CTA_0008,,0.0,1187.91,Sueldos a pagar
ASD_0003194,ASI_000967,CTA_0009,,0.0,586.8,Obligaciones sociales
ASD_0003195,ASI_000968,CTA_0012,,1473.99,0.0,Gasto salarial
ASD_0003196,ASI_000968,CTA_0016,,353.76,0.0,Cargas patronales
ASD_0003197,ASI_000968,CTA_0008,,0.0,1223.41,Sueldos a pagar
ASD_0003198,ASI_000968,CTA_0009,,0.0,604.34,Obligaciones sociales
ASD_0003199,ASI_000969,CTA_0012,,2007.57,0.0,Gasto salarial
ASD_0003200,ASI_000969,CTA_0016,,481.82,0.0,Cargas patronales
ASD_0003201,ASI_000969,CTA_0008,,0.0,1666.28,Sueldos a pagar
ASD_0003202,ASI_000969,CTA_0009,,0.0,823.11,Obligaciones sociales
ASD_0003203,ASI_000970,CTA_0012,,1163.89,0.0,Gasto salarial
ASD_0003204,ASI_000970,CTA_0016,,279.33,0.0,Cargas patronales
ASD_0003205,ASI_000970,CTA_0008,,0.0,966.03,Sueldos a pagar
ASD_0003206,ASI_000970,CTA_0009,,0.0,477.19,Obligaciones sociales
ASD_0003207,ASI_000971,CTA_0012,,1375.58,0.0,Gasto salarial
ASD_0003208,ASI_000971,CTA_0016,,330.14,0.0,Cargas patronales
ASD_0003209,ASI_000971,CTA_0008,,0.0,1141.73,Sueldos a pagar
ASD_0003210,ASI_000971,CTA_0009,,0.0,563.99,Obligaciones sociales
ASD_0003211,ASI_000972,CTA_0012,,1209.58,0.0,Gasto salarial
ASD_0003212,ASI_000972,CTA_0016,,290.3,0.0,Cargas patronales
ASD_0003213,ASI_000972,CTA_0008,,0.0,1003.95,Sueldos a pagar
ASD_0003214,ASI_000972,CTA_0009,,0.0,495.93,Obligaciones sociales
ASD_0003215,ASI_000973,CTA_0012,,1169.86,0.0,Gasto salarial
ASD_0003216,ASI_000973,CTA_0016,,280.77,0.0,Cargas patronales
ASD_0003217,ASI_000973,CTA_0008,,0.0,970.98,Sueldos a pagar
ASD_0003218,ASI_000973,CTA_0009,,0.0,479.65,Obligaciones sociales
ASD_0003219,ASI_000974,CTA_0012,,1375.25,0.0,Gasto salarial
ASD_0003220,ASI_000974,CTA_0016,,330.06,0.0,Cargas patronales
ASD_0003221,ASI_000974,CTA_0008,,0.0,1141.46,Sueldos a pagar
ASD_0003222,ASI_000974,CTA_0009,,0.0,563.85,Obligaciones sociales
ASD_0003223,ASI_000975,CTA_0012,,1420.93,0.0,Gasto salarial
ASD_0003224,ASI_000975,CTA_0016,,341.02,0.0,Cargas patronales
ASD_0003225,ASI_000975,CTA_0008,,0.0,1179.37,Sueldos a pagar
ASD_0003226,ASI_000975,CTA_0009,,0.0,582.58,Obligaciones sociales
ASD_0003227,ASI_000976,CTA_0012,,1460.09,0.0,Gasto salarial
ASD_0003228,ASI_000976,CTA_0016,,350.42,0.0,Cargas patronales
ASD_0003229,ASI_000976,CTA_0008,,0.0,1211.87,Sueldos a pagar
ASD_0003230,ASI_000976,CTA_0009,,0.0,598.64,Obligaciones sociales
ASD_0003231,ASI_000977,CTA_0012,,1387.9,0.0,Gasto salarial
ASD_0003232,ASI_000977,CTA_0016,,333.1,0.0,Cargas patronales
ASD_0003233,ASI_000977,CTA_0008,,0.0,1151.96,Sueldos a pagar
ASD_0003234,ASI_000977,CTA_0009,,0.0,569.04,Obligaciones sociales
ASD_0003235,ASI_000978,CTA_0012,,1556.61,0.0,Gasto salarial
ASD_0003236,ASI_000978,CTA_0016,,373.59,0.0,Cargas patronales
ASD_0003237,ASI_000978,CTA_0008,,0.0,1291.99,Sueldos a pagar
ASD_0003238,ASI_000978,CTA_0009,,0.0,638.21,Obligaciones sociales
ASD_0003239,ASI_000979,CTA_0012,,1394.55,0.0,Gasto salarial
ASD_0003240,ASI_000979,CTA_0016,,334.69,0.0,Cargas patronales
ASD_0003241,ASI_000979,CTA_0008,,0.0,1157.48,Sueldos a pagar
ASD_0003242,ASI_000979,CTA_0009,,0.0,571.76,Obligaciones sociales
ASD_0003243,ASI_000980,CTA_0012,,1157.4,0.0,Gasto salarial
ASD_0003244,ASI_000980,CTA_0016,,277.78,0.0,Cargas patronales
ASD_0003245,ASI_000980,CTA_0008,,0.0,960.64,Sueldos a pagar
ASD_0003246,ASI_000980,CTA_0009,,0.0,474.54,Obligaciones sociales
ASD_0003247,ASI_000981,CTA_0012,,1180.08,0.0,Gasto salarial
ASD_0003248,ASI_000981,CTA_0016,,283.22,0.0,Cargas patronales
ASD_0003249,ASI_000981,CTA_0008,,0.0,979.47,Sueldos a pagar
ASD_0003250,ASI_000981,CTA_0009,,0.0,483.83,Obligaciones sociales
ASD_0003251,ASI_000982,CTA_0012,,1167.22,0.0,Gasto salarial
ASD_0003252,ASI_000982,CTA_0016,,280.13,0.0,Cargas patronales
ASD_0003253,ASI_000982,CTA_0008,,0.0,968.79,Sueldos a pagar
ASD_0003254,ASI_000982,CTA_0009,,0.0,478.56,Obligaciones sociales
ASD_0003255,ASI_000983,CTA_0012,,1587.46,0.0,Gasto salarial
ASD_0003256,ASI_000983,CTA_0016,,380.99,0.0,Cargas patronales
ASD_0003257,ASI_000983,CTA_0008,,0.0,1317.59,Sueldos a pagar
ASD_0003258,ASI_000983,CTA_0009,,0.0,650.86,Obligaciones sociales
ASD_0003259,ASI_000984,CTA_0012,,1500.15,0.0,Gasto salarial
ASD_0003260,ASI_000984,CTA_0016,,360.04,0.0,Cargas patronales
ASD_0003261,ASI_000984,CTA_0008,,0.0,1245.12,Sueldos a pagar
ASD_0003262,ASI_000984,CTA_0009,,0.0,615.07,Obligaciones sociales
ASD_0003263,ASI_000985,CTA_0012,,1443.25,0.0,Gasto salarial
ASD_0003264,ASI_000985,CTA_0016,,346.38,0.0,Cargas patronales
ASD_0003265,ASI_000985,CTA_0008,,0.0,1197.9,Sueldos a pagar
ASD_0003266,ASI_000985,CTA_0009,,0.0,591.73,Obligaciones sociales
ASD_0003267,ASI_000986,CTA_0012,,1515.26,0.0,Gasto salarial
ASD_0003268,ASI_000986,CTA_0016,,363.66,0.0,Cargas patronales
ASD_0003269,ASI_000986,CTA_0008,,0.0,1257.67,Sueldos a pagar
ASD_0003270,ASI_000986,CTA_0009,,0.0,621.25,Obligaciones sociales
ASD_0003271,ASI_000987,CTA_0012,,1279.92,0.0,Gasto salarial
ASD_0003272,ASI_000987,CTA_0016,,307.18,0.0,Cargas patronales
ASD_0003273,ASI_000987,CTA_0008,,0.0,1062.33,Sueldos a pagar
ASD_0003274,ASI_000987,CTA_0009,,0.0,524.77,Obligaciones sociales
ASD_0003275,ASI_000988,CTA_0012,,1488.25,0.0,Gasto salarial
ASD_0003276,ASI_000988,CTA_0016,,357.18,0.0,Cargas patronales
ASD_0003277,ASI_000988,CTA_0008,,0.0,1235.25,Sueldos a pagar
ASD_0003278,ASI_000988,CTA_0009,,0.0,610.18,Obligaciones sociales
ASD_0003279,ASI_000989,CTA_0012,,1426.84,0.0,Gasto salarial
ASD_0003280,ASI_000989,CTA_0016,,342.44,0.0,Cargas patronales
ASD_0003281,ASI_000989,CTA_0008,,0.0,1184.28,Sueldos a pagar
ASD_0003282,ASI_000989,CTA_0009,,0.0,585.0,Obligaciones sociales
ASD_0003283,ASI_000990,CTA_0012,,1168.57,0.0,Gasto salarial
ASD_0003284,ASI_000990,CTA_0016,,280.46,0.0,Cargas patronales
ASD_0003285,ASI_000990,CTA_0008,,0.0,969.91,Sueldos a pagar
ASD_0003286,ASI_000990,CTA_0009,,0.0,479.12,Obligaciones sociales
ASD_0003287,ASI_000991,CTA_0012,,1454.43,0.0,Gasto salarial
ASD_0003288,ASI_000991,CTA_0016,,349.06,0.0,Cargas patronales
ASD_0003289,ASI_000991,CTA_0008,,0.0,1207.18,Sueldos a pagar
ASD_0003290,ASI_000991,CTA_0009,,0.0,596.31,Obligaciones sociales
ASD_0003291,ASI_000992,CTA_0012,,1290.11,0.0,Gasto salarial
ASD_0003292,ASI_000992,CTA_0016,,309.63,0.0,Cargas patronales
ASD_0003293,ASI_000992,CTA_0008,,0.0,1070.79,Sueldos a pagar
ASD_0003294,ASI_000992,CTA_0009,,0.0,528.95,Obligaciones sociales
ASD_0003295,ASI_000993,CTA_0012,,2013.98,0.0,Gasto salarial
ASD_0003296,ASI_000993,CTA_0016,,483.36,0.0,Cargas patronales
ASD_0003297,ASI_000993,CTA_0008,,0.0,1671.6,Sueldos a pagar
ASD_0003298,ASI_000993,CTA_0009,,0.0,825.74,Obligaciones sociales
ASD_0003299,ASI_000994,CTA_0012,,1211.84,0.0,Gasto salarial
ASD_0003300,ASI_000994,CTA_0016,,290.84,0.0,Cargas patronales
ASD_0003301,ASI_000994,CTA_0008,,0.0,1005.83,Sueldos a pagar
ASD_0003302,ASI_000994,CTA_0009,,0.0,496.85,Obligaciones sociales
ASD_0003303,ASI_000995,CTA_0012,,1287.11,0.0,Gasto salarial
ASD_0003304,ASI_000995,CTA_0016,,308.91,0.0,Cargas patronales
ASD_0003305,ASI_000995,CTA_0008,,0.0,1068.3,Sueldos a pagar
ASD_0003306,ASI_000995,CTA_0009,,0.0,527.72,Obligaciones sociales
ASD_0003307,ASI_000996,CTA_0012,,1190.12,0.0,Gasto salarial
ASD_0003308,ASI_000996,CTA_0016,,285.63,0.0,Cargas patronales
ASD_0003309,ASI_000996,CTA_0008,,0.0,987.8,Sueldos a pagar
ASD_0003310,ASI_000996,CTA_0009,,0.0,487.95,Obligaciones sociales
ASD_0003311,ASI_000997,CTA_0012,,1192.42,0.0,Gasto salarial
ASD_0003312,ASI_000997,CTA_0016,,286.18,0.0,Cargas patronales
ASD_0003313,ASI_000997,CTA_0008,,0.0,989.71,Sueldos a pagar
ASD_0003314,ASI_000997,CTA_0009,,0.0,488.89,Obligaciones sociales
ASD_0003315,ASI_000998,CTA_0012,,1278.85,0.0,Gasto salarial
ASD_0003316,ASI_000998,CTA_0016,,306.92,0.0,Cargas patronales
ASD_0003317,ASI_000998,CTA_0008,,0.0,1061.45,Sueldos a pagar
ASD_0003318,ASI_000998,CTA_0009,,0.0,524.32,Obligaciones sociales
ASD_0003319,ASI_000999,CTA_0012,,1244.75,0.0,Gasto salarial
ASD_0003320,ASI_000999,CTA_0016,,298.74,0.0,Cargas patronales
ASD_0003321,ASI_000999,CTA_0008,,0.0,1033.14,Sueldos a pagar
ASD_0003322,ASI_000999,CTA_0009,,0.0,510.35,Obligaciones sociales
ASD_0003323,ASI_001000,CTA_0012,,1495.34,0.0,Gasto salarial
ASD_0003324,ASI_001000,CTA_0016,,358.88,0.0,Cargas patronales
ASD_0003325,ASI_001000,CTA_0008,,0.0,1241.13,Sueldos a pagar
ASD_0003326,ASI_001000,CTA_0009,,0.0,613.09,Obligaciones sociales
ASD_0003327,ASI_001001,CTA_0012,,1226.56,0.0,Gasto salarial
ASD_0003328,ASI_001001,CTA_0016,,294.37,0.0,Cargas patronales
ASD_0003329,ASI_001001,CTA_0008,,0.0,1018.04,Sueldos a pagar
ASD_0003330,ASI_001001,CTA_0009,,0.0,502.89,Obligaciones sociales
ASD_0003331,ASI_001002,CTA_0012,,1368.61,0.0,Gasto salarial
ASD_0003332,ASI_001002,CTA_0016,,328.47,0.0,Cargas patronales
ASD_0003333,ASI_001002,CTA_0008,,0.0,1135.95,Sueldos a pagar
ASD_0003334,ASI_001002,CTA_0009,,0.0,561.13,Obligaciones sociales
ASD_0003335,ASI_001003,CTA_0012,,1285.01,0.0,Gasto salarial
ASD_0003336,ASI_001003,CTA_0016,,308.4,0.0,Cargas patronales
ASD_0003337,ASI_001003,CTA_0008,,0.0,1066.56,Sueldos a pagar
ASD_0003338,ASI_001003,CTA_0009,,0.0,526.85,Obligaciones sociales
ASD_0003339,ASI_001004,CTA_0012,,1180.49,0.0,Gasto salarial
ASD_0003340,ASI_001004,CTA_0016,,283.32,0.0,Cargas patronales
ASD_0003341,ASI_001004,CTA_0008,,0.0,979.81,Sueldos a pagar
ASD_0003342,ASI_001004,CTA_0009,,0.0,484.0,Obligaciones sociales
ASD_0003343,ASI_001005,CTA_0012,,1167.01,0.0,Gasto salarial
ASD_0003344,ASI_001005,CTA_0016,,280.08,0.0,Cargas patronales
ASD_0003345,ASI_001005,CTA_0008,,0.0,968.62,Sueldos a pagar
ASD_0003346,ASI_001005,CTA_0009,,0.0,478.47,Obligaciones sociales
ASD_0003347,ASI_001006,CTA_0012,,1169.62,0.0,Gasto salarial
ASD_0003348,ASI_001006,CTA_0016,,280.71,0.0,Cargas patronales
ASD_0003349,ASI_001006,CTA_0008,,0.0,970.78,Sueldos a pagar
ASD_0003350,ASI_001006,CTA_0009,,0.0,479.55,Obligaciones sociales
ASD_0003351,ASI_001007,CTA_0012,,1396.35,0.0,Gasto salarial
ASD_0003352,ASI_001007,CTA_0016,,335.12,0.0,Cargas patronales
ASD_0003353,ASI_001007,CTA_0008,,0.0,1158.97,Sueldos a pagar
ASD_0003354,ASI_001007,CTA_0009,,0.0,572.5,Obligaciones sociales
ASD_0003355,ASI_001008,CTA_0012,,1288.46,0.0,Gasto salarial
ASD_0003356,ASI_001008,CTA_0016,,309.23,0.0,Cargas patronales
ASD_0003357,ASI_001008,CTA_0008,,0.0,1069.42,Sueldos a pagar
ASD_0003358,ASI_001008,CTA_0009,,0.0,528.27,Obligaciones sociales
ASD_0003359,ASI_001009,CTA_0012,,1427.15,0.0,Gasto salarial
ASD_0003360,ASI_001009,CTA_0016,,342.52,0.0,Cargas patronales
ASD_0003361,ASI_001009,CTA_0008,,0.0,1184.53,Sueldos a pagar
ASD_0003362,ASI_001009,CTA_0009,,0.0,585.14,Obligaciones sociales
ASD_0003363,ASI_001010,CTA_0012,,1354.92,0.0,Gasto salarial
ASD_0003364,ASI_001010,CTA_0016,,325.18,0.0,Cargas patronales
ASD_0003365,ASI_001010,CTA_0008,,0.0,1124.58,Sueldos a pagar
ASD_0003366,ASI_001010,CTA_0009,,0.0,555.52,Obligaciones sociales
ASD_0003367,ASI_001011,CTA_0012,,1259.89,0.0,Gasto salarial
ASD_0003368,ASI_001011,CTA_0016,,302.37,0.0,Cargas patronales
ASD_0003369,ASI_001011,CTA_0008,,0.0,1045.71,Sueldos a pagar
ASD_0003370,ASI_001011,CTA_0009,,0.0,516.55,Obligaciones sociales
ASD_0003371,ASI_001012,CTA_0012,,1504.19,0.0,Gasto salarial
ASD_0003372,ASI_001012,CTA_0016,,361.01,0.0,Cargas patronales
ASD_0003373,ASI_001012,CTA_0008,,0.0,1248.48,Sueldos a pagar
ASD_0003374,ASI_001012,CTA_0009,,0.0,616.72,Obligaciones sociales
ASD_0003375,ASI_001013,CTA_0012,,1445.27,0.0,Gasto salarial
ASD_0003376,ASI_001013,CTA_0016,,346.86,0.0,Cargas patronales
ASD_0003377,ASI_001013,CTA_0008,,0.0,1199.57,Sueldos a pagar
ASD_0003378,ASI_001013,CTA_0009,,0.0,592.56,Obligaciones sociales
ASD_0003379,ASI_001014,CTA_0012,,1224.31,0.0,Gasto salarial
ASD_0003380,ASI_001014,CTA_0016,,293.83,0.0,Cargas patronales
ASD_0003381,ASI_001014,CTA_0008,,0.0,1016.18,Sueldos a pagar
ASD_0003382,ASI_001014,CTA_0009,,0.0,501.96,Obligaciones sociales
ASD_0003383,ASI_001015,CTA_0012,,1498.23,0.0,Gasto salarial
ASD_0003384,ASI_001015,CTA_0016,,359.58,0.0,Cargas patronales
ASD_0003385,ASI_001015,CTA_0008,,0.0,1243.53,Sueldos a pagar
ASD_0003386,ASI_001015,CTA_0009,,0.0,614.28,Obligaciones sociales
ASD_0003387,ASI_001016,CTA_0012,,1246.24,0.0,Gasto salarial
ASD_0003388,ASI_001016,CTA_0016,,299.1,0.0,Cargas patronales
ASD_0003389,ASI_001016,CTA_0008,,0.0,1034.38,Sueldos a pagar
ASD_0003390,ASI_001016,CTA_0009,,0.0,510.96,Obligaciones sociales
ASD_0003391,ASI_001017,CTA_0012,,1872.81,0.0,Gasto salarial
ASD_0003392,ASI_001017,CTA_0016,,449.47,0.0,Cargas patronales
ASD_0003393,ASI_001017,CTA_0008,,0.0,1554.43,Sueldos a pagar
ASD_0003394,ASI_001017,CTA_0009,,0.0,767.85,Obligaciones sociales
ASD_0003395,ASI_001018,CTA_0012,,1204.96,0.0,Gasto salarial
ASD_0003396,ASI_001018,CTA_0016,,289.19,0.0,Cargas patronales
ASD_0003397,ASI_001018,CTA_0008,,0.0,1000.12,Sueldos a pagar
ASD_0003398,ASI_001018,CTA_0009,,0.0,494.03,Obligaciones sociales
ASD_0003399,ASI_001019,CTA_0012,,1263.39,0.0,Gasto salarial
ASD_0003400,ASI_001019,CTA_0016,,303.21,0.0,Cargas patronales
ASD_0003401,ASI_001019,CTA_0008,,0.0,1048.61,Sueldos a pagar
ASD_0003402,ASI_001019,CTA_0009,,0.0,517.99,Obligaciones sociales
ASD_0003403,ASI_001020,CTA_0012,,1186.34,0.0,Gasto salarial
ASD_0003404,ASI_001020,CTA_0016,,284.72,0.0,Cargas patronales
ASD_0003405,ASI_001020,CTA_0008,,0.0,984.66,Sueldos a pagar
ASD_0003406,ASI_001020,CTA_0009,,0.0,486.4,Obligaciones sociales
ASD_0003407,ASI_001021,CTA_0012,,1214.14,0.0,Gasto salarial
ASD_0003408,ASI_001021,CTA_0016,,291.39,0.0,Cargas patronales
ASD_0003409,ASI_001021,CTA_0008,,0.0,1007.74,Sueldos a pagar
ASD_0003410,ASI_001021,CTA_0009,,0.0,497.79,Obligaciones sociales
ASD_0003411,ASI_001022,CTA_0012,,1284.48,0.0,Gasto salarial
ASD_0003412,ASI_001022,CTA_0016,,308.28,0.0,Cargas patronales
ASD_0003413,ASI_001022,CTA_0008,,0.0,1066.12,Sueldos a pagar
ASD_0003414,ASI_001022,CTA_0009,,0.0,526.64,Obligaciones sociales
ASD_0003415,ASI_001023,CTA_0012,,1281.77,0.0,Gasto salarial
ASD_0003416,ASI_001023,CTA_0016,,307.62,0.0,Cargas patronales
ASD_0003417,ASI_001023,CTA_0008,,0.0,1063.87,Sueldos a pagar
ASD_0003418,ASI_001023,CTA_0009,,0.0,525.52,Obligaciones sociales
ASD_0003419,ASI_001024,CTA_0012,,1507.85,0.0,Gasto salarial
ASD_0003420,ASI_001024,CTA_0016,,361.88,0.0,Cargas patronales
ASD_0003421,ASI_001024,CTA_0008,,0.0,1251.52,Sueldos a pagar
ASD_0003422,ASI_001024,CTA_0009,,0.0,618.21,Obligaciones sociales
ASD_0003423,ASI_001025,CTA_0012,,1260.89,0.0,Gasto salarial
ASD_0003424,ASI_001025,CTA_0016,,302.61,0.0,Cargas patronales
ASD_0003425,ASI_001025,CTA_0008,,0.0,1046.54,Sueldos a pagar
ASD_0003426,ASI_001025,CTA_0009,,0.0,516.96,Obligaciones sociales
ASD_0003427,ASI_001026,CTA_0012,,1419.21,0.0,Gasto salarial
ASD_0003428,ASI_001026,CTA_0016,,340.61,0.0,Cargas patronales
ASD_0003429,ASI_001026,CTA_0008,,0.0,1177.94,Sueldos a pagar
ASD_0003430,ASI_001026,CTA_0009,,0.0,581.88,Obligaciones sociales
ASD_0003431,ASI_001027,CTA_0012,,1289.69,0.0,Gasto salarial
ASD_0003432,ASI_001027,CTA_0016,,309.53,0.0,Cargas patronales
ASD_0003433,ASI_001027,CTA_0008,,0.0,1070.44,Sueldos a pagar
ASD_0003434,ASI_001027,CTA_0009,,0.0,528.78,Obligaciones sociales
ASD_0003435,ASI_001028,CTA_0012,,1171.38,0.0,Gasto salarial
ASD_0003436,ASI_001028,CTA_0016,,281.13,0.0,Cargas patronales
ASD_0003437,ASI_001028,CTA_0008,,0.0,972.25,Sueldos a pagar
ASD_0003438,ASI_001028,CTA_0009,,0.0,480.26,Obligaciones sociales
ASD_0003439,ASI_001029,CTA_0012,,1159.38,0.0,Gasto salarial
ASD_0003440,ASI_001029,CTA_0016,,278.25,0.0,Cargas patronales
ASD_0003441,ASI_001029,CTA_0008,,0.0,962.29,Sueldos a pagar
ASD_0003442,ASI_001029,CTA_0009,,0.0,475.34,Obligaciones sociales
ASD_0003443,ASI_001030,CTA_0012,,1185.06,0.0,Gasto salarial
ASD_0003444,ASI_001030,CTA_0016,,284.41,0.0,Cargas patronales
ASD_0003445,ASI_001030,CTA_0008,,0.0,983.6,Sueldos a pagar
ASD_0003446,ASI_001030,CTA_0009,,0.0,485.87,Obligaciones sociales
ASD_0003447,ASI_001031,CTA_0012,,1423.34,0.0,Gasto salarial
ASD_0003448,ASI_001031,CTA_0016,,341.6,0.0,Cargas patronales
ASD_0003449,ASI_001031,CTA_0008,,0.0,1181.37,Sueldos a pagar
ASD_0003450,ASI_001031,CTA_0009,,0.0,583.57,Obligaciones sociales
ASD_0003451,ASI_001032,CTA_0012,,1246.68,0.0,Gasto salarial
ASD_0003452,ASI_001032,CTA_0016,,299.2,0.0,Cargas patronales
ASD_0003453,ASI_001032,CTA_0008,,0.0,1034.74,Sueldos a pagar
ASD_0003454,ASI_001032,CTA_0009,,0.0,511.14,Obligaciones sociales
ASD_0003455,ASI_001033,CTA_0012,,1481.9,0.0,Gasto salarial
ASD_0003456,ASI_001033,CTA_0016,,355.66,0.0,Cargas patronales
ASD_0003457,ASI_001033,CTA_0008,,0.0,1229.98,Sueldos a pagar
ASD_0003458,ASI_001033,CTA_0009,,0.0,607.58,Obligaciones sociales
ASD_0003459,ASI_001034,CTA_0012,,1353.01,0.0,Gasto salarial
ASD_0003460,ASI_001034,CTA_0016,,324.72,0.0,Cargas patronales
ASD_0003461,ASI_001034,CTA_0008,,0.0,1123.0,Sueldos a pagar
ASD_0003462,ASI_001034,CTA_0009,,0.0,554.73,Obligaciones sociales
ASD_0003463,ASI_001035,CTA_0012,,1251.65,0.0,Gasto salarial
ASD_0003464,ASI_001035,CTA_0016,,300.4,0.0,Cargas patronales
ASD_0003465,ASI_001035,CTA_0008,,0.0,1038.87,Sueldos a pagar
ASD_0003466,ASI_001035,CTA_0009,,0.0,513.18,Obligaciones sociales
ASD_0003467,ASI_001036,CTA_0012,,1474.55,0.0,Gasto salarial
ASD_0003468,ASI_001036,CTA_0016,,353.89,0.0,Cargas patronales
ASD_0003469,ASI_001036,CTA_0008,,0.0,1223.88,Sueldos a pagar
ASD_0003470,ASI_001036,CTA_0009,,0.0,604.56,Obligaciones sociales
ASD_0003471,ASI_001037,CTA_0012,,1432.29,0.0,Gasto salarial
ASD_0003472,ASI_001037,CTA_0016,,343.75,0.0,Cargas patronales
ASD_0003473,ASI_001037,CTA_0008,,0.0,1188.8,Sueldos a pagar
ASD_0003474,ASI_001037,CTA_0009,,0.0,587.24,Obligaciones sociales
ASD_0003475,ASI_001038,CTA_0012,,1219.88,0.0,Gasto salarial
ASD_0003476,ASI_001038,CTA_0016,,292.77,0.0,Cargas patronales
ASD_0003477,ASI_001038,CTA_0008,,0.0,1012.5,Sueldos a pagar
ASD_0003478,ASI_001038,CTA_0009,,0.0,500.15,Obligaciones sociales
ASD_0003479,ASI_001039,CTA_0012,,1434.6,0.0,Gasto salarial
ASD_0003480,ASI_001039,CTA_0016,,344.3,0.0,Cargas patronales
ASD_0003481,ASI_001039,CTA_0008,,0.0,1190.72,Sueldos a pagar
ASD_0003482,ASI_001039,CTA_0009,,0.0,588.18,Obligaciones sociales
ASD_0003483,ASI_001040,CTA_0012,,1293.23,0.0,Gasto salarial
ASD_0003484,ASI_001040,CTA_0016,,310.38,0.0,Cargas patronales
ASD_0003485,ASI_001040,CTA_0008,,0.0,1073.38,Sueldos a pagar
ASD_0003486,ASI_001040,CTA_0009,,0.0,530.23,Obligaciones sociales
ASD_0003487,ASI_001041,CTA_0012,,1807.23,0.0,Gasto salarial
ASD_0003488,ASI_001041,CTA_0016,,433.74,0.0,Cargas patronales
ASD_0003489,ASI_001041,CTA_0008,,0.0,1500.0,Sueldos a pagar
ASD_0003490,ASI_001041,CTA_0009,,0.0,740.97,Obligaciones sociales
ASD_0003491,ASI_001042,CTA_0012,,1226.79,0.0,Gasto salarial
ASD_0003492,ASI_001042,CTA_0016,,294.43,0.0,Cargas patronales
ASD_0003493,ASI_001042,CTA_0008,,0.0,1018.24,Sueldos a pagar
ASD_0003494,ASI_001042,CTA_0009,,0.0,502.98,Obligaciones sociales
ASD_0003495,ASI_001043,CTA_0012,,1270.36,0.0,Gasto salarial
ASD_0003496,ASI_001043,CTA_0016,,304.89,0.0,Cargas patronales
ASD_0003497,ASI_001043,CTA_0008,,0.0,1054.4,Sueldos a pagar
ASD_0003498,ASI_001043,CTA_0009,,0.0,520.85,Obligaciones sociales
ASD_0003499,ASI_001044,CTA_0012,,1162.37,0.0,Gasto salarial
ASD_0003500,ASI_001044,CTA_0016,,278.97,0.0,Cargas patronales
ASD_0003501,ASI_001044,CTA_0008,,0.0,964.77,Sueldos a pagar
ASD_0003502,ASI_001044,CTA_0009,,0.0,476.57,Obligaciones sociales
ASD_0003503,ASI_001045,CTA_0012,,1161.02,0.0,Gasto salarial
ASD_0003504,ASI_001045,CTA_0016,,278.64,0.0,Cargas patronales
ASD_0003505,ASI_001045,CTA_0008,,0.0,963.65,Sueldos a pagar
ASD_0003506,ASI_001045,CTA_0009,,0.0,476.01,Obligaciones sociales
ASD_0003507,ASI_001046,CTA_0012,,1230.62,0.0,Gasto salarial
ASD_0003508,ASI_001046,CTA_0016,,295.35,0.0,Cargas patronales
ASD_0003509,ASI_001046,CTA_0008,,0.0,1021.41,Sueldos a pagar
ASD_0003510,ASI_001046,CTA_0009,,0.0,504.56,Obligaciones sociales
ASD_0003511,ASI_001047,CTA_0012,,1269.24,0.0,Gasto salarial
ASD_0003512,ASI_001047,CTA_0016,,304.62,0.0,Cargas patronales
ASD_0003513,ASI_001047,CTA_0008,,0.0,1053.47,Sueldos a pagar
ASD_0003514,ASI_001047,CTA_0009,,0.0,520.39,Obligaciones sociales
ASD_0003515,ASI_001048,CTA_0012,,1491.43,0.0,Gasto salarial
ASD_0003516,ASI_001048,CTA_0016,,357.94,0.0,Cargas patronales
ASD_0003517,ASI_001048,CTA_0008,,0.0,1237.89,Sueldos a pagar
ASD_0003518,ASI_001048,CTA_0009,,0.0,611.48,Obligaciones sociales
ASD_0003519,ASI_001049,CTA_0012,,1255.22,0.0,Gasto salarial
ASD_0003520,ASI_001049,CTA_0016,,301.25,0.0,Cargas patronales
ASD_0003521,ASI_001049,CTA_0008,,0.0,1041.83,Sueldos a pagar
ASD_0003522,ASI_001049,CTA_0009,,0.0,514.64,Obligaciones sociales
ASD_0003523,ASI_001050,CTA_0012,,1389.23,0.0,Gasto salarial
ASD_0003524,ASI_001050,CTA_0016,,333.42,0.0,Cargas patronales
ASD_0003525,ASI_001050,CTA_0008,,0.0,1153.06,Sueldos a pagar
ASD_0003526,ASI_001050,CTA_0009,,0.0,569.59,Obligaciones sociales
ASD_0003527,ASI_001051,CTA_0012,,1269.2,0.0,Gasto salarial
ASD_0003528,ASI_001051,CTA_0016,,304.61,0.0,Cargas patronales
ASD_0003529,ASI_001051,CTA_0008,,0.0,1053.44,Sueldos a pagar
ASD_0003530,ASI_001051,CTA_0009,,0.0,520.37,Obligaciones sociales
ASD_0003531,ASI_001052,CTA_0012,,1194.14,0.0,Gasto salarial
ASD_0003532,ASI_001052,CTA_0016,,286.59,0.0,Cargas patronales
ASD_0003533,ASI_001052,CTA_0008,,0.0,991.14,Sueldos a pagar
ASD_0003534,ASI_001052,CTA_0009,,0.0,489.59,Obligaciones sociales
ASD_0003535,ASI_001053,CTA_0012,,1205.11,0.0,Gasto salarial
ASD_0003536,ASI_001053,CTA_0016,,289.23,0.0,Cargas patronales
ASD_0003537,ASI_001053,CTA_0008,,0.0,1000.24,Sueldos a pagar
ASD_0003538,ASI_001053,CTA_0009,,0.0,494.1,Obligaciones sociales
ASD_0003539,ASI_001054,CTA_0012,,1189.8,0.0,Gasto salarial
ASD_0003540,ASI_001054,CTA_0016,,285.55,0.0,Cargas patronales
ASD_0003541,ASI_001054,CTA_0008,,0.0,987.53,Sueldos a pagar
ASD_0003542,ASI_001054,CTA_0009,,0.0,487.82,Obligaciones sociales
ASD_0003543,ASI_001055,CTA_0012,,1411.51,0.0,Gasto salarial
ASD_0003544,ASI_001055,CTA_0016,,338.76,0.0,Cargas patronales
ASD_0003545,ASI_001055,CTA_0008,,0.0,1171.55,Sueldos a pagar
ASD_0003546,ASI_001055,CTA_0009,,0.0,578.72,Obligaciones sociales
ASD_0003547,ASI_001056,CTA_0012,,1299.8,0.0,Gasto salarial
ASD_0003548,ASI_001056,CTA_0016,,311.95,0.0,Cargas patronales
ASD_0003549,ASI_001056,CTA_0008,,0.0,1078.83,Sueldos a pagar
ASD_0003550,ASI_001056,CTA_0009,,0.0,532.92,Obligaciones sociales
ASD_0003551,ASI_001057,CTA_0012,,1451.48,0.0,Gasto salarial
ASD_0003552,ASI_001057,CTA_0016,,348.36,0.0,Cargas patronales
ASD_0003553,ASI_001057,CTA_0008,,0.0,1204.73,Sueldos a pagar
ASD_0003554,ASI_001057,CTA_0009,,0.0,595.11,Obligaciones sociales
ASD_0003555,ASI_001058,CTA_0012,,1353.41,0.0,Gasto salarial
ASD_0003556,ASI_001058,CTA_0016,,324.82,0.0,Cargas patronales
ASD_0003557,ASI_001058,CTA_0008,,0.0,1123.33,Sueldos a pagar
ASD_0003558,ASI_001058,CTA_0009,,0.0,554.9,Obligaciones sociales
ASD_0003559,ASI_001059,CTA_0012,,1234.42,0.0,Gasto salarial
ASD_0003560,ASI_001059,CTA_0016,,296.26,0.0,Cargas patronales
ASD_0003561,ASI_001059,CTA_0008,,0.0,1024.57,Sueldos a pagar
ASD_0003562,ASI_001059,CTA_0009,,0.0,506.11,Obligaciones sociales
ASD_0003563,ASI_001060,CTA_0012,,1469.16,0.0,Gasto salarial
ASD_0003564,ASI_001060,CTA_0016,,352.6,0.0,Cargas patronales
ASD_0003565,ASI_001060,CTA_0008,,0.0,1219.4,Sueldos a pagar
ASD_0003566,ASI_001060,CTA_0009,,0.0,602.36,Obligaciones sociales
ASD_0003567,ASI_001061,CTA_0012,,1450.95,0.0,Gasto salarial
ASD_0003568,ASI_001061,CTA_0016,,348.23,0.0,Cargas patronales
ASD_0003569,ASI_001061,CTA_0008,,0.0,1204.29,Sueldos a pagar
ASD_0003570,ASI_001061,CTA_0009,,0.0,594.89,Obligaciones sociales
ASD_0003571,ASI_001062,CTA_0012,,1222.95,0.0,Gasto salarial
ASD_0003572,ASI_001062,CTA_0016,,293.51,0.0,Cargas patronales
ASD_0003573,ASI_001062,CTA_0008,,0.0,1015.05,Sueldos a pagar
ASD_0003574,ASI_001062,CTA_0009,,0.0,501.41,Obligaciones sociales
ASD_0003575,ASI_001063,CTA_0012,,1475.59,0.0,Gasto salarial
ASD_0003576,ASI_001063,CTA_0016,,354.14,0.0,Cargas patronales
ASD_0003577,ASI_001063,CTA_0008,,0.0,1224.74,Sueldos a pagar
ASD_0003578,ASI_001063,CTA_0009,,0.0,604.99,Obligaciones sociales
ASD_0003579,ASI_001064,CTA_0012,,1264.03,0.0,Gasto salarial
ASD_0003580,ASI_001064,CTA_0016,,303.37,0.0,Cargas patronales
ASD_0003581,ASI_001064,CTA_0008,,0.0,1049.14,Sueldos a pagar
ASD_0003582,ASI_001064,CTA_0009,,0.0,518.26,Obligaciones sociales
ASD_0003583,ASI_001065,CTA_0012,,1870.75,0.0,Gasto salarial
ASD_0003584,ASI_001065,CTA_0016,,448.98,0.0,Cargas patronales
ASD_0003585,ASI_001065,CTA_0008,,0.0,1552.72,Sueldos a pagar
ASD_0003586,ASI_001065,CTA_0009,,0.0,767.01,Obligaciones sociales
ASD_0003587,ASI_001066,CTA_0012,,1174.71,0.0,Gasto salarial
ASD_0003588,ASI_001066,CTA_0016,,281.93,0.0,Cargas patronales
ASD_0003589,ASI_001066,CTA_0008,,0.0,975.01,Sueldos a pagar
ASD_0003590,ASI_001066,CTA_0009,,0.0,481.63,Obligaciones sociales
ASD_0003591,ASI_001067,CTA_0012,,1286.48,0.0,Gasto salarial
ASD_0003592,ASI_001067,CTA_0016,,308.76,0.0,Cargas patronales
ASD_0003593,ASI_001067,CTA_0008,,0.0,1067.78,Sueldos a pagar
ASD_0003594,ASI_001067,CTA_0009,,0.0,527.46,Obligaciones sociales
ASD_0003595,ASI_001068,CTA_0012,,1156.62,0.0,Gasto salarial
ASD_0003596,ASI_001068,CTA_0016,,277.59,0.0,Cargas patronales
ASD_0003597,ASI_001068,CTA_0008,,0.0,959.99,Sueldos a pagar
ASD_0003598,ASI_001068,CTA_0009,,0.0,474.22,Obligaciones sociales
ASD_0003599,ASI_001069,CTA_0012,,1200.27,0.0,Gasto salarial
ASD_0003600,ASI_001069,CTA_0016,,288.06,0.0,Cargas patronales
ASD_0003601,ASI_001069,CTA_0008,,0.0,996.22,Sueldos a pagar
ASD_0003602,ASI_001069,CTA_0009,,0.0,492.11,Obligaciones sociales
ASD_0003603,ASI_001070,CTA_0012,,1295.11,0.0,Gasto salarial
ASD_0003604,ASI_001070,CTA_0016,,310.83,0.0,Cargas patronales
ASD_0003605,ASI_001070,CTA_0008,,0.0,1074.94,Sueldos a pagar
ASD_0003606,ASI_001070,CTA_0009,,0.0,531.0,Obligaciones sociales
ASD_0003607,ASI_001071,CTA_0012,,1284.09,0.0,Gasto salarial
ASD_0003608,ASI_001071,CTA_0016,,308.18,0.0,Cargas patronales
ASD_0003609,ASI_001071,CTA_0008,,0.0,1065.79,Sueldos a pagar
ASD_0003610,ASI_001071,CTA_0009,,0.0,526.48,Obligaciones sociales
ASD_0003611,ASI_001072,CTA_0012,,1495.27,0.0,Gasto salarial
ASD_0003612,ASI_001072,CTA_0016,,358.86,0.0,Cargas patronales
ASD_0003613,ASI_001072,CTA_0008,,0.0,1241.07,Sueldos a pagar
ASD_0003614,ASI_001072,CTA_0009,,0.0,613.06,Obligaciones sociales
ASD_0003615,ASI_001073,CTA_0012,,1254.77,0.0,Gasto salarial
ASD_0003616,ASI_001073,CTA_0016,,301.14,0.0,Cargas patronales
ASD_0003617,ASI_001073,CTA_0008,,0.0,1041.46,Sueldos a pagar
ASD_0003618,ASI_001073,CTA_0009,,0.0,514.45,Obligaciones sociales
ASD_0003619,ASI_001074,CTA_0012,,1420.65,0.0,Gasto salarial
ASD_0003620,ASI_001074,CTA_0016,,340.96,0.0,Cargas patronales
ASD_0003621,ASI_001074,CTA_0008,,0.0,1179.14,Sueldos a pagar
ASD_0003622,ASI_001074,CTA_0009,,0.0,582.47,Obligaciones sociales
ASD_0003623,ASI_001075,CTA_0012,,1266.31,0.0,Gasto salarial
ASD_0003624,ASI_001075,CTA_0016,,303.91,0.0,Cargas patronales
ASD_0003625,ASI_001075,CTA_0008,,0.0,1051.04,Sueldos a pagar
ASD_0003626,ASI_001075,CTA_0009,,0.0,519.18,Obligaciones sociales
ASD_0003627,ASI_001076,CTA_0012,,1200.19,0.0,Gasto salarial
ASD_0003628,ASI_001076,CTA_0016,,288.05,0.0,Cargas patronales
ASD_0003629,ASI_001076,CTA_0008,,0.0,996.16,Sueldos a pagar
ASD_0003630,ASI_001076,CTA_0009,,0.0,492.08,Obligaciones sociales
ASD_0003631,ASI_001077,CTA_0012,,1160.57,0.0,Gasto salarial
ASD_0003632,ASI_001077,CTA_0016,,278.54,0.0,Cargas patronales
ASD_0003633,ASI_001077,CTA_0008,,0.0,963.27,Sueldos a pagar
ASD_0003634,ASI_001077,CTA_0009,,0.0,475.84,Obligaciones sociales
ASD_0003635,ASI_001078,CTA_0012,,1170.67,0.0,Gasto salarial
ASD_0003636,ASI_001078,CTA_0016,,280.96,0.0,Cargas patronales
ASD_0003637,ASI_001078,CTA_0008,,0.0,971.66,Sueldos a pagar
ASD_0003638,ASI_001078,CTA_0009,,0.0,479.97,Obligaciones sociales
ASD_0003639,ASI_001079,CTA_0012,,1398.02,0.0,Gasto salarial
ASD_0003640,ASI_001079,CTA_0016,,335.52,0.0,Cargas patronales
ASD_0003641,ASI_001079,CTA_0008,,0.0,1160.36,Sueldos a pagar
ASD_0003642,ASI_001079,CTA_0009,,0.0,573.18,Obligaciones sociales
ASD_0003643,ASI_001080,CTA_0012,,1229.41,0.0,Gasto salarial
ASD_0003644,ASI_001080,CTA_0016,,295.06,0.0,Cargas patronales
ASD_0003645,ASI_001080,CTA_0008,,0.0,1020.41,Sueldos a pagar
ASD_0003646,ASI_001080,CTA_0009,,0.0,504.06,Obligaciones sociales
ASD_0003647,ASI_001081,CTA_0012,,1485.51,0.0,Gasto salarial
ASD_0003648,ASI_001081,CTA_0016,,356.52,0.0,Cargas patronales
ASD_0003649,ASI_001081,CTA_0008,,0.0,1232.97,Sueldos a pagar
ASD_0003650,ASI_001081,CTA_0009,,0.0,609.06,Obligaciones sociales
ASD_0003651,ASI_001082,CTA_0012,,1421.96,0.0,Gasto salarial
ASD_0003652,ASI_001082,CTA_0016,,341.27,0.0,Cargas patronales
ASD_0003653,ASI_001082,CTA_0008,,0.0,1180.23,Sueldos a pagar
ASD_0003654,ASI_001082,CTA_0009,,0.0,583.0,Obligaciones sociales
ASD_0003655,ASI_001083,CTA_0012,,1294.03,0.0,Gasto salarial
ASD_0003656,ASI_001083,CTA_0016,,310.57,0.0,Cargas patronales
ASD_0003657,ASI_001083,CTA_0008,,0.0,1074.04,Sueldos a pagar
ASD_0003658,ASI_001083,CTA_0009,,0.0,530.56,Obligaciones sociales
ASD_0003659,ASI_001084,CTA_0012,,1429.85,0.0,Gasto salarial
ASD_0003660,ASI_001084,CTA_0016,,343.16,0.0,Cargas patronales
ASD_0003661,ASI_001084,CTA_0008,,0.0,1186.78,Sueldos a pagar
ASD_0003662,ASI_001084,CTA_0009,,0.0,586.23,Obligaciones sociales
ASD_0003663,ASI_001085,CTA_0012,,1502.76,0.0,Gasto salarial
ASD_0003664,ASI_001085,CTA_0016,,360.66,0.0,Cargas patronales
ASD_0003665,ASI_001085,CTA_0008,,0.0,1247.29,Sueldos a pagar
ASD_0003666,ASI_001085,CTA_0009,,0.0,616.13,Obligaciones sociales
ASD_0003667,ASI_001086,CTA_0012,,1161.19,0.0,Gasto salarial
ASD_0003668,ASI_001086,CTA_0016,,278.69,0.0,Cargas patronales
ASD_0003669,ASI_001086,CTA_0008,,0.0,963.79,Sueldos a pagar
ASD_0003670,ASI_001086,CTA_0009,,0.0,476.09,Obligaciones sociales
ASD_0003671,ASI_001087,CTA_0012,,1462.24,0.0,Gasto salarial
ASD_0003672,ASI_001087,CTA_0016,,350.94,0.0,Cargas patronales
ASD_0003673,ASI_001087,CTA_0008,,0.0,1213.66,Sueldos a pagar
ASD_0003674,ASI_001087,CTA_0009,,0.0,599.52,Obligaciones sociales
ASD_0003675,ASI_001088,CTA_0012,,1288.02,0.0,Gasto salarial
ASD_0003676,ASI_001088,CTA_0016,,309.12,0.0,Cargas patronales
ASD_0003677,ASI_001088,CTA_0008,,0.0,1069.06,Sueldos a pagar
ASD_0003678,ASI_001088,CTA_0009,,0.0,528.08,Obligaciones sociales
ASD_0003679,ASI_001089,CTA_0012,,1791.28,0.0,Gasto salarial
ASD_0003680,ASI_001089,CTA_0016,,429.91,0.0,Cargas patronales
ASD_0003681,ASI_001089,CTA_0008,,0.0,1486.76,Sueldos a pagar
ASD_0003682,ASI_001089,CTA_0009,,0.0,734.43,Obligaciones sociales
ASD_0003683,ASI_001090,CTA_0012,,1157.69,0.0,Gasto salarial
ASD_0003684,ASI_001090,CTA_0016,,277.85,0.0,Cargas patronales
ASD_0003685,ASI_001090,CTA_0008,,0.0,960.88,Sueldos a pagar
ASD_0003686,ASI_001090,CTA_0009,,0.0,474.66,Obligaciones sociales
ASD_0003687,ASI_001091,CTA_0012,,1226.87,0.0,Gasto salarial
ASD_0003688,ASI_001091,CTA_0016,,294.45,0.0,Cargas patronales
ASD_0003689,ASI_001091,CTA_0008,,0.0,1018.3,Sueldos a pagar
ASD_0003690,ASI_001091,CTA_0009,,0.0,503.02,Obligaciones sociales
ASD_0003691,ASI_001092,CTA_0012,,1192.6,0.0,Gasto salarial
ASD_0003692,ASI_001092,CTA_0016,,286.22,0.0,Cargas patronales
ASD_0003693,ASI_001092,CTA_0008,,0.0,989.86,Sueldos a pagar
ASD_0003694,ASI_001092,CTA_0009,,0.0,488.96,Obligaciones sociales
ASD_0003695,ASI_001093,CTA_0012,,1213.86,0.0,Gasto salarial
ASD_0003696,ASI_001093,CTA_0016,,291.33,0.0,Cargas patronales
ASD_0003697,ASI_001093,CTA_0008,,0.0,1007.5,Sueldos a pagar
ASD_0003698,ASI_001093,CTA_0009,,0.0,497.69,Obligaciones sociales
ASD_0003699,ASI_001094,CTA_0012,,1234.56,0.0,Gasto salarial
ASD_0003700,ASI_001094,CTA_0016,,296.29,0.0,Cargas patronales
ASD_0003701,ASI_001094,CTA_0008,,0.0,1024.68,Sueldos a pagar
ASD_0003702,ASI_001094,CTA_0009,,0.0,506.17,Obligaciones sociales
ASD_0003703,ASI_001095,CTA_0012,,1234.35,0.0,Gasto salarial
ASD_0003704,ASI_001095,CTA_0016,,296.24,0.0,Cargas patronales
ASD_0003705,ASI_001095,CTA_0008,,0.0,1024.51,Sueldos a pagar
ASD_0003706,ASI_001095,CTA_0009,,0.0,506.08,Obligaciones sociales
ASD_0003707,ASI_001096,CTA_0012,,1470.46,0.0,Gasto salarial
ASD_0003708,ASI_001096,CTA_0016,,352.91,0.0,Cargas patronales
ASD_0003709,ASI_001096,CTA_0008,,0.0,1220.48,Sueldos a pagar
ASD_0003710,ASI_001096,CTA_0009,,0.0,602.89,Obligaciones sociales
ASD_0003711,ASI_001097,CTA_0012,,1242.57,0.0,Gasto salarial
ASD_0003712,ASI_001097,CTA_0016,,298.22,0.0,Cargas patronales
ASD_0003713,ASI_001097,CTA_0008,,0.0,1031.33,Sueldos a pagar
ASD_0003714,ASI_001097,CTA_0009,,0.0,509.46,Obligaciones sociales
ASD_0003715,ASI_001098,CTA_0012,,1412.86,0.0,Gasto salarial
ASD_0003716,ASI_001098,CTA_0016,,339.09,0.0,Cargas patronales
ASD_0003717,ASI_001098,CTA_0008,,0.0,1172.67,Sueldos a pagar
ASD_0003718,ASI_001098,CTA_0009,,0.0,579.28,Obligaciones sociales
ASD_0003719,ASI_001099,CTA_0012,,1296.22,0.0,Gasto salarial
ASD_0003720,ASI_001099,CTA_0016,,311.09,0.0,Cargas patronales
ASD_0003721,ASI_001099,CTA_0008,,0.0,1075.86,Sueldos a pagar
ASD_0003722,ASI_001099,CTA_0009,,0.0,531.45,Obligaciones sociales
ASD_0003723,ASI_001100,CTA_0012,,1210.64,0.0,Gasto salarial
ASD_0003724,ASI_001100,CTA_0016,,290.55,0.0,Cargas patronales
ASD_0003725,ASI_001100,CTA_0008,,0.0,1004.83,Sueldos a pagar
ASD_0003726,ASI_001100,CTA_0009,,0.0,496.36,Obligaciones sociales
ASD_0003727,ASI_001101,CTA_0012,,1218.5,0.0,Gasto salarial
ASD_0003728,ASI_001101,CTA_0016,,292.44,0.0,Cargas patronales
ASD_0003729,ASI_001101,CTA_0008,,0.0,1011.35,Sueldos a pagar
ASD_0003730,ASI_001101,CTA_0009,,0.0,499.59,Obligaciones sociales
ASD_0003731,ASI_001102,CTA_0012,,1193.19,0.0,Gasto salarial
ASD_0003732,ASI_001102,CTA_0016,,286.37,0.0,Cargas patronales
ASD_0003733,ASI_001102,CTA_0008,,0.0,990.35,Sueldos a pagar
ASD_0003734,ASI_001102,CTA_0009,,0.0,489.21,Obligaciones sociales
ASD_0003735,ASI_001103,CTA_0012,,1421.32,0.0,Gasto salarial
ASD_0003736,ASI_001103,CTA_0016,,341.12,0.0,Cargas patronales
ASD_0003737,ASI_001103,CTA_0008,,0.0,1179.7,Sueldos a pagar
ASD_0003738,ASI_001103,CTA_0009,,0.0,582.74,Obligaciones sociales
ASD_0003739,ASI_001104,CTA_0012,,1238.72,0.0,Gasto salarial
ASD_0003740,ASI_001104,CTA_0016,,297.29,0.0,Cargas patronales
ASD_0003741,ASI_001104,CTA_0008,,0.0,1028.14,Sueldos a pagar
ASD_0003742,ASI_001104,CTA_0009,,0.0,507.87,Obligaciones sociales
ASD_0003743,ASI_001105,CTA_0012,,1426.95,0.0,Gasto salarial
ASD_0003744,ASI_001105,CTA_0016,,342.47,0.0,Cargas patronales
ASD_0003745,ASI_001105,CTA_0008,,0.0,1184.37,Sueldos a pagar
ASD_0003746,ASI_001105,CTA_0009,,0.0,585.05,Obligaciones sociales
ASD_0003747,ASI_001106,CTA_0012,,1406.71,0.0,Gasto salarial
ASD_0003748,ASI_001106,CTA_0016,,337.61,0.0,Cargas patronales
ASD_0003749,ASI_001106,CTA_0008,,0.0,1167.57,Sueldos a pagar
ASD_0003750,ASI_001106,CTA_0009,,0.0,576.75,Obligaciones sociales
ASD_0003751,ASI_001107,CTA_0012,,1388.79,0.0,Gasto salarial
ASD_0003752,ASI_001107,CTA_0016,,333.31,0.0,Cargas patronales
ASD_0003753,ASI_001107,CTA_0008,,0.0,1152.7,Sueldos a pagar
ASD_0003754,ASI_001107,CTA_0009,,0.0,569.4,Obligaciones sociales
ASD_0003755,ASI_001108,CTA_0012,,1503.84,0.0,Gasto salarial
ASD_0003756,ASI_001108,CTA_0016,,360.92,0.0,Cargas patronales
ASD_0003757,ASI_001108,CTA_0008,,0.0,1248.19,Sueldos a pagar
ASD_0003758,ASI_001108,CTA_0009,,0.0,616.57,Obligaciones sociales
ASD_0003759,ASI_001109,CTA_0012,,1448.31,0.0,Gasto salarial
ASD_0003760,ASI_001109,CTA_0016,,347.59,0.0,Cargas patronales
ASD_0003761,ASI_001109,CTA_0008,,0.0,1202.1,Sueldos a pagar
ASD_0003762,ASI_001109,CTA_0009,,0.0,593.8,Obligaciones sociales
ASD_0003763,ASI_001110,CTA_0012,,1190.82,0.0,Gasto salarial
ASD_0003764,ASI_001110,CTA_0016,,285.8,0.0,Cargas patronales
ASD_0003765,ASI_001110,CTA_0008,,0.0,988.38,Sueldos a pagar
ASD_0003766,ASI_001110,CTA_0009,,0.0,488.24,Obligaciones sociales
ASD_0003767,ASI_001111,CTA_0012,,1485.53,0.0,Gasto salarial
ASD_0003768,ASI_001111,CTA_0016,,356.53,0.0,Cargas patronales
ASD_0003769,ASI_001111,CTA_0008,,0.0,1232.99,Sueldos a pagar
ASD_0003770,ASI_001111,CTA_0009,,0.0,609.07,Obligaciones sociales
ASD_0003771,ASI_001112,CTA_0012,,1482.93,0.0,Gasto salarial
ASD_0003772,ASI_001112,CTA_0016,,355.9,0.0,Cargas patronales
ASD_0003773,ASI_001112,CTA_0008,,0.0,1230.83,Sueldos a pagar
ASD_0003774,ASI_001112,CTA_0009,,0.0,608.0,Obligaciones sociales
ASD_0003775,ASI_001113,CTA_0012,,2110.95,0.0,Gasto salarial
ASD_0003776,ASI_001113,CTA_0016,,506.63,0.0,Cargas patronales
ASD_0003777,ASI_001113,CTA_0008,,0.0,1752.09,Sueldos a pagar
ASD_0003778,ASI_001113,CTA_0009,,0.0,865.49,Obligaciones sociales
ASD_0003779,ASI_001114,CTA_0012,,1164.76,0.0,Gasto salarial
ASD_0003780,ASI_001114,CTA_0016,,279.54,0.0,Cargas patronales
ASD_0003781,ASI_001114,CTA_0008,,0.0,966.75,Sueldos a pagar
ASD_0003782,ASI_001114,CTA_0009,,0.0,477.55,Obligaciones sociales
ASD_0003783,ASI_001115,CTA_0012,,1515.05,0.0,Gasto salarial
ASD_0003784,ASI_001115,CTA_0016,,363.61,0.0,Cargas patronales
ASD_0003785,ASI_001115,CTA_0008,,0.0,1257.49,Sueldos a pagar
ASD_0003786,ASI_001115,CTA_0009,,0.0,621.17,Obligaciones sociales
ASD_0003787,ASI_001116,CTA_0012,,1166.78,0.0,Gasto salarial
ASD_0003788,ASI_001116,CTA_0016,,280.03,0.0,Cargas patronales
ASD_0003789,ASI_001116,CTA_0008,,0.0,968.43,Sueldos a pagar
ASD_0003790,ASI_001116,CTA_0009,,0.0,478.38,Obligaciones sociales
ASD_0003791,ASI_001117,CTA_0012,,1186.98,0.0,Gasto salarial
ASD_0003792,ASI_001117,CTA_0016,,284.88,0.0,Cargas patronales
ASD_0003793,ASI_001117,CTA_0008,,0.0,985.19,Sueldos a pagar
ASD_0003794,ASI_001117,CTA_0009,,0.0,486.67,Obligaciones sociales
ASD_0003795,ASI_001118,CTA_0012,,1472.94,0.0,Gasto salarial
ASD_0003796,ASI_001118,CTA_0016,,353.51,0.0,Cargas patronales
ASD_0003797,ASI_001118,CTA_0008,,0.0,1222.54,Sueldos a pagar
ASD_0003798,ASI_001118,CTA_0009,,0.0,603.91,Obligaciones sociales
ASD_0003799,ASI_001119,CTA_0012,,1325.96,0.0,Gasto salarial
ASD_0003800,ASI_001119,CTA_0016,,318.23,0.0,Cargas patronales
ASD_0003801,ASI_001119,CTA_0008,,0.0,1100.55,Sueldos a pagar
ASD_0003802,ASI_001119,CTA_0009,,0.0,543.64,Obligaciones sociales
ASD_0003803,ASI_001120,CTA_0012,,1435.76,0.0,Gasto salarial
ASD_0003804,ASI_001120,CTA_0016,,344.58,0.0,Cargas patronales
ASD_0003805,ASI_001120,CTA_0008,,0.0,1191.68,Sueldos a pagar
ASD_0003806,ASI_001120,CTA_0009,,0.0,588.66,Obligaciones sociales
ASD_0003807,ASI_001121,CTA_0012,,1509.87,0.0,Gasto salarial
ASD_0003808,ASI_001121,CTA_0016,,362.37,0.0,Cargas patronales
ASD_0003809,ASI_001121,CTA_0008,,0.0,1253.19,Sueldos a pagar
ASD_0003810,ASI_001121,CTA_0009,,0.0,619.05,Obligaciones sociales
ASD_0003811,ASI_001122,CTA_0012,,1452.01,0.0,Gasto salarial
ASD_0003812,ASI_001122,CTA_0016,,348.48,0.0,Cargas patronales
ASD_0003813,ASI_001122,CTA_0008,,0.0,1205.17,Sueldos a pagar
ASD_0003814,ASI_001122,CTA_0009,,0.0,595.32,Obligaciones sociales
ASD_0003815,ASI_001123,CTA_0012,,1366.17,0.0,Gasto salarial
ASD_0003816,ASI_001123,CTA_0016,,327.88,0.0,Cargas patronales
ASD_0003817,ASI_001123,CTA_0008,,0.0,1133.92,Sueldos a pagar
ASD_0003818,ASI_001123,CTA_0009,,0.0,560.13,Obligaciones sociales
ASD_0003819,ASI_001124,CTA_0012,,1216.01,0.0,Gasto salarial
ASD_0003820,ASI_001124,CTA_0016,,291.84,0.0,Cargas patronales
ASD_0003821,ASI_001124,CTA_0008,,0.0,1009.29,Sueldos a pagar
ASD_0003822,ASI_001124,CTA_0009,,0.0,498.56,Obligaciones sociales
ASD_0003823,ASI_001125,CTA_0012,,1221.2,0.0,Gasto salarial
ASD_0003824,ASI_001125,CTA_0016,,293.09,0.0,Cargas patronales
ASD_0003825,ASI_001125,CTA_0008,,0.0,1013.6,Sueldos a pagar
ASD_0003826,ASI_001125,CTA_0009,,0.0,500.69,Obligaciones sociales
ASD_0003827,ASI_001126,CTA_0012,,1177.87,0.0,Gasto salarial
ASD_0003828,ASI_001126,CTA_0016,,282.69,0.0,Cargas patronales
ASD_0003829,ASI_001126,CTA_0008,,0.0,977.63,Sueldos a pagar
ASD_0003830,ASI_001126,CTA_0009,,0.0,482.93,Obligaciones sociales
ASD_0003831,ASI_001127,CTA_0012,,1480.37,0.0,Gasto salarial
ASD_0003832,ASI_001127,CTA_0016,,355.29,0.0,Cargas patronales
ASD_0003833,ASI_001127,CTA_0008,,0.0,1228.71,Sueldos a pagar
ASD_0003834,ASI_001127,CTA_0009,,0.0,606.95,Obligaciones sociales
ASD_0003835,ASI_001128,CTA_0012,,1443.57,0.0,Gasto salarial
ASD_0003836,ASI_001128,CTA_0016,,346.46,0.0,Cargas patronales
ASD_0003837,ASI_001128,CTA_0008,,0.0,1198.16,Sueldos a pagar
ASD_0003838,ASI_001128,CTA_0009,,0.0,591.87,Obligaciones sociales
ASD_0003839,ASI_001129,CTA_0012,,1466.15,0.0,Gasto salarial
ASD_0003840,ASI_001129,CTA_0016,,351.88,0.0,Cargas patronales
ASD_0003841,ASI_001129,CTA_0008,,0.0,1216.9,Sueldos a pagar
ASD_0003842,ASI_001129,CTA_0009,,0.0,601.13,Obligaciones sociales
ASD_0003843,ASI_001130,CTA_0012,,1498.82,0.0,Gasto salarial
ASD_0003844,ASI_001130,CTA_0016,,359.72,0.0,Cargas patronales
ASD_0003845,ASI_001130,CTA_0008,,0.0,1244.02,Sueldos a pagar
ASD_0003846,ASI_001130,CTA_0009,,0.0,614.52,Obligaciones sociales
ASD_0003847,ASI_001131,CTA_0012,,1455.94,0.0,Gasto salarial
ASD_0003848,ASI_001131,CTA_0016,,349.43,0.0,Cargas patronales
ASD_0003849,ASI_001131,CTA_0008,,0.0,1208.43,Sueldos a pagar
ASD_0003850,ASI_001131,CTA_0009,,0.0,596.94,Obligaciones sociales
ASD_0003851,ASI_001132,CTA_0012,,1434.66,0.0,Gasto salarial
ASD_0003852,ASI_001132,CTA_0016,,344.32,0.0,Cargas patronales
ASD_0003853,ASI_001132,CTA_0008,,0.0,1190.77,Sueldos a pagar
ASD_0003854,ASI_001132,CTA_0009,,0.0,588.21,Obligaciones sociales
ASD_0003855,ASI_001133,CTA_0012,,1488.71,0.0,Gasto salarial
ASD_0003856,ASI_001133,CTA_0016,,357.29,0.0,Cargas patronales
ASD_0003857,ASI_001133,CTA_0008,,0.0,1235.63,Sueldos a pagar
ASD_0003858,ASI_001133,CTA_0009,,0.0,610.37,Obligaciones sociales
ASD_0003859,ASI_001134,CTA_0012,,1212.9,0.0,Gasto salarial
ASD_0003860,ASI_001134,CTA_0016,,291.1,0.0,Cargas patronales
ASD_0003861,ASI_001134,CTA_0008,,0.0,1006.71,Sueldos a pagar
ASD_0003862,ASI_001134,CTA_0009,,0.0,497.29,Obligaciones sociales
ASD_0003863,ASI_001135,CTA_0012,,1485.95,0.0,Gasto salarial
ASD_0003864,ASI_001135,CTA_0016,,356.63,0.0,Cargas patronales
ASD_0003865,ASI_001135,CTA_0008,,0.0,1233.34,Sueldos a pagar
ASD_0003866,ASI_001135,CTA_0009,,0.0,609.24,Obligaciones sociales
ASD_0003867,ASI_001136,CTA_0012,,1316.06,0.0,Gasto salarial
ASD_0003868,ASI_001136,CTA_0016,,315.85,0.0,Cargas patronales
ASD_0003869,ASI_001136,CTA_0008,,0.0,1092.33,Sueldos a pagar
ASD_0003870,ASI_001136,CTA_0009,,0.0,539.58,Obligaciones sociales
ASD_0003871,ASI_001137,CTA_0012,,2236.1,0.0,Gasto salarial
ASD_0003872,ASI_001137,CTA_0016,,536.66,0.0,Cargas patronales
ASD_0003873,ASI_001137,CTA_0008,,0.0,1855.96,Sueldos a pagar
ASD_0003874,ASI_001137,CTA_0009,,0.0,916.8,Obligaciones sociales
ASD_0003875,ASI_001138,CTA_0012,,1218.35,0.0,Gasto salarial
ASD_0003876,ASI_001138,CTA_0016,,292.4,0.0,Cargas patronales
ASD_0003877,ASI_001138,CTA_0008,,0.0,1011.23,Sueldos a pagar
ASD_0003878,ASI_001138,CTA_0009,,0.0,499.52,Obligaciones sociales
ASD_0003879,ASI_001139,CTA_0012,,1402.05,0.0,Gasto salarial
ASD_0003880,ASI_001139,CTA_0016,,336.49,0.0,Cargas patronales
ASD_0003881,ASI_001139,CTA_0008,,0.0,1163.7,Sueldos a pagar
ASD_0003882,ASI_001139,CTA_0009,,0.0,574.84,Obligaciones sociales
ASD_0003883,ASI_001140,CTA_0012,,1160.1,0.0,Gasto salarial
ASD_0003884,ASI_001140,CTA_0016,,278.42,0.0,Cargas patronales
ASD_0003885,ASI_001140,CTA_0008,,0.0,962.88,Sueldos a pagar
ASD_0003886,ASI_001140,CTA_0009,,0.0,475.64,Obligaciones sociales
ASD_0003887,ASI_001141,CTA_0012,,1208.97,0.0,Gasto salarial
ASD_0003888,ASI_001141,CTA_0016,,290.15,0.0,Cargas patronales
ASD_0003889,ASI_001141,CTA_0008,,0.0,1003.45,Sueldos a pagar
ASD_0003890,ASI_001141,CTA_0009,,0.0,495.67,Obligaciones sociales
ASD_0003891,ASI_001142,CTA_0012,,1435.43,0.0,Gasto salarial
ASD_0003892,ASI_001142,CTA_0016,,344.5,0.0,Cargas patronales
ASD_0003893,ASI_001142,CTA_0008,,0.0,1191.41,Sueldos a pagar
ASD_0003894,ASI_001142,CTA_0009,,0.0,588.52,Obligaciones sociales
ASD_0003895,ASI_001143,CTA_0012,,1355.59,0.0,Gasto salarial
ASD_0003896,ASI_001143,CTA_0016,,325.34,0.0,Cargas patronales
ASD_0003897,ASI_001143,CTA_0008,,0.0,1125.14,Sueldos a pagar
ASD_0003898,ASI_001143,CTA_0009,,0.0,555.79,Obligaciones sociales
ASD_0003899,ASI_001144,CTA_0012,,1421.19,0.0,Gasto salarial
ASD_0003900,ASI_001144,CTA_0016,,341.09,0.0,Cargas patronales
ASD_0003901,ASI_001144,CTA_0008,,0.0,1179.59,Sueldos a pagar
ASD_0003902,ASI_001144,CTA_0009,,0.0,582.69,Obligaciones sociales
ASD_0003903,ASI_001145,CTA_0012,,1369.24,0.0,Gasto salarial
ASD_0003904,ASI_001145,CTA_0016,,328.62,0.0,Cargas patronales
ASD_0003905,ASI_001145,CTA_0008,,0.0,1136.47,Sueldos a pagar
ASD_0003906,ASI_001145,CTA_0009,,0.0,561.39,Obligaciones sociales
ASD_0003907,ASI_001146,CTA_0012,,1511.0,0.0,Gasto salarial
ASD_0003908,ASI_001146,CTA_0016,,362.64,0.0,Cargas patronales
ASD_0003909,ASI_001146,CTA_0008,,0.0,1254.13,Sueldos a pagar
ASD_0003910,ASI_001146,CTA_0009,,0.0,619.51,Obligaciones sociales
ASD_0003911,ASI_001147,CTA_0012,,1365.96,0.0,Gasto salarial
ASD_0003912,ASI_001147,CTA_0016,,327.83,0.0,Cargas patronales
ASD_0003913,ASI_001147,CTA_0008,,0.0,1133.75,Sueldos a pagar
ASD_0003914,ASI_001147,CTA_0009,,0.0,560.04,Obligaciones sociales
ASD_0003915,ASI_001148,CTA_0012,,1166.18,0.0,Gasto salarial
ASD_0003916,ASI_001148,CTA_0016,,279.88,0.0,Cargas patronales
ASD_0003917,ASI_001148,CTA_0008,,0.0,967.93,Sueldos a pagar
ASD_0003918,ASI_001148,CTA_0009,,0.0,478.13,Obligaciones sociales
ASD_0003919,ASI_001149,CTA_0012,,1173.17,0.0,Gasto salarial
ASD_0003920,ASI_001149,CTA_0016,,281.56,0.0,Cargas patronales
ASD_0003921,ASI_001149,CTA_0008,,0.0,973.73,Sueldos a pagar
ASD_0003922,ASI_001149,CTA_0009,,0.0,481.0,Obligaciones sociales
ASD_0003923,ASI_001150,CTA_0012,,1158.51,0.0,Gasto salarial
ASD_0003924,ASI_001150,CTA_0016,,278.04,0.0,Cargas patronales
ASD_0003925,ASI_001150,CTA_0008,,0.0,961.56,Sueldos a pagar
ASD_0003926,ASI_001150,CTA_0009,,0.0,474.99,Obligaciones sociales
ASD_0003927,ASI_001151,CTA_0012,,1523.79,0.0,Gasto salarial
ASD_0003928,ASI_001151,CTA_0016,,365.71,0.0,Cargas patronales
ASD_0003929,ASI_001151,CTA_0008,,0.0,1264.75,Sueldos a pagar
ASD_0003930,ASI_001151,CTA_0009,,0.0,624.75,Obligaciones sociales
ASD_0003931,ASI_001152,CTA_0012,,1364.46,0.0,Gasto salarial
ASD_0003932,ASI_001152,CTA_0016,,327.47,0.0,Cargas patronales
ASD_0003933,ASI_001152,CTA_0008,,0.0,1132.5,Sueldos a pagar
ASD_0003934,ASI_001152,CTA_0009,,0.0,559.43,Obligaciones sociales
ASD_0003935,ASI_001153,CTA_0012,,1470.36,0.0,Gasto salarial
ASD_0003936,ASI_001153,CTA_0016,,352.89,0.0,Cargas patronales
ASD_0003937,ASI_001153,CTA_0008,,0.0,1220.4,Sueldos a pagar
ASD_0003938,ASI_001153,CTA_0009,,0.0,602.85,Obligaciones sociales
ASD_0003939,ASI_001154,CTA_0012,,1538.94,0.0,Gasto salarial
ASD_0003940,ASI_001154,CTA_0016,,369.35,0.0,Cargas patronales
ASD_0003941,ASI_001154,CTA_0008,,0.0,1277.32,Sueldos a pagar
ASD_0003942,ASI_001154,CTA_0009,,0.0,630.97,Obligaciones sociales
ASD_0003943,ASI_001155,CTA_0008,,26417.82,0.0,Cancelacion sueldos a pagar
ASD_0003944,ASI_001155,CTA_0001,,0.0,26417.82,Salida bancos
ASD_0003945,ASI_001156,CTA_0008,,26471.01,0.0,Cancelacion sueldos a pagar
ASD_0003946,ASI_001156,CTA_0001,,0.0,26471.01,Salida bancos
ASD_0003947,ASI_001157,CTA_0008,,26492.9,0.0,Cancelacion sueldos a pagar
ASD_0003948,ASI_001157,CTA_0001,,0.0,26492.9,Salida bancos
ASD_0003949,ASI_001158,CTA_0008,,26369.49,0.0,Cancelacion sueldos a pagar
ASD_0003950,ASI_001158,CTA_0001,,0.0,26369.49,Salida bancos
ASD_0003951,ASI_001159,CTA_0008,,27605.6,0.0,Cancelacion sueldos a pagar
ASD_0003952,ASI_001159,CTA_0001,,0.0,27605.6,Salida bancos
ASD_0003953,ASI_001160,CTA_0008,,27849.83,0.0,Cancelacion sueldos a pagar
ASD_0003954,ASI_001160,CTA_0001,,0.0,27849.83,Salida bancos
ASD_0003955,ASI_001161,CTA_0008,,26665.94,0.0,Cancelacion sueldos a pagar
ASD_0003956,ASI_001161,CTA_0001,,0.0,26665.94,Salida bancos
ASD_0003957,ASI_001162,CTA_0008,,26317.76,0.0,Cancelacion sueldos a pagar
ASD_0003958,ASI_001162,CTA_0001,,0.0,26317.76,Salida bancos
ASD_0003959,ASI_001163,CTA_0008,,26504.49,0.0,Cancelacion sueldos a pagar
ASD_0003960,ASI_001163,CTA_0001,,0.0,26504.49,Salida bancos
ASD_0003961,ASI_001164,CTA_0008,,27695.86,0.0,Cancelacion sueldos a pagar
ASD_0003962,ASI_001164,CTA_0001,,0.0,27695.86,Salida bancos
ASD_0003963,ASI_001165,CTA_0008,,28003.73,0.0,Cancelacion sueldos a pagar
ASD_0003964,ASI_001165,CTA_0001,,0.0,28003.73,Salida bancos
ASD_0003965,ASI_001166,CTA_0008,,26572.52,0.0,Cancelacion sueldos a pagar
ASD_0003966,ASI_001166,CTA_0001,,0.0,26572.52,Salida bancos
ASD_0003967,ASI_001167,CTA_0008,,26422.98,0.0,Cancelacion sueldos a pagar
ASD_0003968,ASI_001167,CTA_0001,,0.0,26422.98,Salida bancos
ASD_0003969,ASI_001168,CTA_0008,,26282.45,0.0,Cancelacion sueldos a pagar
ASD_0003970,ASI_001168,CTA_0001,,0.0,26282.45,Salida bancos
ASD_0003971,ASI_001169,CTA_0008,,26346.0,0.0,Cancelacion sueldos a pagar
ASD_0003972,ASI_001169,CTA_0001,,0.0,26346.0,Salida bancos
ASD_0003973,ASI_001170,CTA_0008,,26226.04,0.0,Cancelacion sueldos a pagar
ASD_0003974,ASI_001170,CTA_0001,,0.0,26226.04,Salida bancos
ASD_0003975,ASI_001171,CTA_0008,,27682.54,0.0,Cancelacion sueldos a pagar
ASD_0003976,ASI_001171,CTA_0001,,0.0,27682.54,Salida bancos
ASD_0003977,ASI_001172,CTA_0008,,28042.01,0.0,Cancelacion sueldos a pagar
ASD_0003978,ASI_001172,CTA_0001,,0.0,28042.01,Salida bancos
ASD_0003979,ASI_001173,CTA_0008,,26365.58,0.0,Cancelacion sueldos a pagar
ASD_0003980,ASI_001173,CTA_0001,,0.0,26365.58,Salida bancos
ASD_0003981,ASI_001174,CTA_0008,,26549.21,0.0,Cancelacion sueldos a pagar
ASD_0003982,ASI_001174,CTA_0001,,0.0,26549.21,Salida bancos
ASD_0003983,ASI_001175,CTA_0008,,26411.51,0.0,Cancelacion sueldos a pagar
ASD_0003984,ASI_001175,CTA_0001,,0.0,26411.51,Salida bancos
ASD_0003985,ASI_001176,CTA_0008,,28051.73,0.0,Cancelacion sueldos a pagar
ASD_0003986,ASI_001176,CTA_0001,,0.0,28051.73,Salida bancos
ASD_0003987,ASI_001177,CTA_0008,,27791.09,0.0,Cancelacion sueldos a pagar
ASD_0003988,ASI_001177,CTA_0001,,0.0,27791.09,Salida bancos
ASD_0003989,ASI_001178,CTA_0008,,26465.96,0.0,Cancelacion sueldos a pagar
ASD_0003990,ASI_001178,CTA_0001,,0.0,26465.96,Salida bancos
ASD_0003991,ASI_001179,CTA_0008,,26547.07,0.0,Cancelacion sueldos a pagar
ASD_0003992,ASI_001179,CTA_0001,,0.0,26547.07,Salida bancos
ASD_0003993,ASI_001180,CTA_0008,,26347.66,0.0,Cancelacion sueldos a pagar
ASD_0003994,ASI_001180,CTA_0001,,0.0,26347.66,Salida bancos
ASD_0003995,ASI_001181,CTA_0008,,26467.41,0.0,Cancelacion sueldos a pagar
ASD_0003996,ASI_001181,CTA_0001,,0.0,26467.41,Salida bancos
ASD_0003997,ASI_001182,CTA_0008,,26333.76,0.0,Cancelacion sueldos a pagar
ASD_0003998,ASI_001182,CTA_0001,,0.0,26333.76,Salida bancos
ASD_0003999,ASI_001183,CTA_0008,,27980.5,0.0,Cancelacion sueldos a pagar
ASD_0004000,ASI_001183,CTA_0001,,0.0,27980.5,Salida bancos
ASD_0004001,ASI_001184,CTA_0008,,27783.11,0.0,Cancelacion sueldos a pagar
ASD_0004002,ASI_001184,CTA_0001,,0.0,27783.11,Salida bancos
ASD_0004003,ASI_001185,CTA_0014,,273.82,0.0,Gasto logistico tercero
ASD_0004004,ASI_001185,CTA_0001,,0.0,273.82,Salida bancos por logistica
ASD_0004005,ASI_001186,CTA_0014,,349.01,0.0,Gasto logistico tercero
ASD_0004006,ASI_001186,CTA_0001,,0.0,349.01,Salida bancos por logistica
ASD_0004007,ASI_001187,CTA_0014,,358.18,0.0,Gasto logistico tercero
ASD_0004008,ASI_001187,CTA_0001,,0.0,358.18,Salida bancos por logistica
ASD_0004009,ASI_001188,CTA_0014,,237.77,0.0,Gasto logistico tercero
ASD_0004010,ASI_001188,CTA_0001,,0.0,237.77,Salida bancos por logistica
ASD_0004011,ASI_001189,CTA_0014,,381.22,0.0,Gasto logistico tercero
ASD_0004012,ASI_001189,CTA_0001,,0.0,381.22,Salida bancos por logistica
ASD_0004013,ASI_001190,CTA_0014,,267.29,0.0,Gasto logistico tercero
ASD_0004014,ASI_001190,CTA_0001,,0.0,267.29,Salida bancos por logistica
ASD_0004015,ASI_001191,CTA_0014,,354.53,0.0,Gasto logistico tercero
ASD_0004016,ASI_001191,CTA_0001,,0.0,354.53,Salida bancos por logistica
ASD_0004017,ASI_001192,CTA_0014,,294.43,0.0,Gasto logistico tercero
ASD_0004018,ASI_001192,CTA_0001,,0.0,294.43,Salida bancos por logistica
ASD_0004019,ASI_001193,CTA_0014,,291.0,0.0,Gasto logistico tercero
ASD_0004020,ASI_001193,CTA_0001,,0.0,291.0,Salida bancos por logistica
ASD_0004021,ASI_001194,CTA_0014,,265.48,0.0,Gasto logistico tercero
ASD_0004022,ASI_001194,CTA_0001,,0.0,265.48,Salida bancos por logistica
ASD_0004023,ASI_001195,CTA_0014,,306.63,0.0,Gasto logistico tercero
ASD_0004024,ASI_001195,CTA_0001,,0.0,306.63,Salida bancos por logistica
ASD_0004025,ASI_001196,CTA_0014,,330.23,0.0,Gasto logistico tercero
ASD_0004026,ASI_001196,CTA_0001,,0.0,330.23,Salida bancos por logistica
ASD_0004027,ASI_001197,CTA_0014,,379.61,0.0,Gasto logistico tercero
ASD_0004028,ASI_001197,CTA_0001,,0.0,379.61,Salida bancos por logistica
ASD_0004029,ASI_001198,CTA_0014,,392.08,0.0,Gasto logistico tercero
ASD_0004030,ASI_001198,CTA_0001,,0.0,392.08,Salida bancos por logistica
ASD_0004031,ASI_001199,CTA_0014,,362.44,0.0,Gasto logistico tercero
ASD_0004032,ASI_001199,CTA_0001,,0.0,362.44,Salida bancos por logistica
ASD_0004033,ASI_001200,CTA_0014,,265.63,0.0,Gasto logistico tercero
ASD_0004034,ASI_001200,CTA_0001,,0.0,265.63,Salida bancos por logistica
ASD_0004035,ASI_001201,CTA_0014,,281.37,0.0,Gasto logistico tercero
ASD_0004036,ASI_001201,CTA_0001,,0.0,281.37,Salida bancos por logistica
ASD_0004037,ASI_001202,CTA_0014,,321.7,0.0,Gasto logistico tercero
ASD_0004038,ASI_001202,CTA_0001,,0.0,321.7,Salida bancos por logistica
ASD_0004039,ASI_001203,CTA_0014,,372.59,0.0,Gasto logistico tercero
ASD_0004040,ASI_001203,CTA_0001,,0.0,372.59,Salida bancos por logistica
ASD_0004041,ASI_001204,CTA_0014,,373.61,0.0,Gasto logistico tercero
ASD_0004042,ASI_001204,CTA_0001,,0.0,373.61,Salida bancos por logistica
ASD_0004043,ASI_001205,CTA_0014,,292.64,0.0,Gasto logistico tercero
ASD_0004044,ASI_001205,CTA_0001,,0.0,292.64,Salida bancos por logistica
ASD_0004045,ASI_001206,CTA_0014,,286.78,0.0,Gasto logistico tercero
ASD_0004046,ASI_001206,CTA_0001,,0.0,286.78,Salida bancos por logistica
ASD_0004047,ASI_001207,CTA_0014,,349.34,0.0,Gasto logistico tercero
ASD_0004048,ASI_001207,CTA_0001,,0.0,349.34,Salida bancos por logistica
ASD_0004049,ASI_001208,CTA_0014,,235.16,0.0,Gasto logistico tercero
ASD_0004050,ASI_001208,CTA_0001,,0.0,235.16,Salida bancos por logistica
ASD_0004051,ASI_001209,CTA_0014,,320.16,0.0,Gasto logistico tercero
ASD_0004052,ASI_001209,CTA_0001,,0.0,320.16,Salida bancos por logistica
ASD_0004053,ASI_001210,CTA_0014,,259.9,0.0,Gasto logistico tercero
ASD_0004054,ASI_001210,CTA_0001,,0.0,259.9,Salida bancos por logistica
ASD_0004055,ASI_001211,CTA_0014,,349.95,0.0,Gasto logistico tercero
ASD_0004056,ASI_001211,CTA_0001,,0.0,349.95,Salida bancos por logistica
ASD_0004057,ASI_001212,CTA_0014,,262.25,0.0,Gasto logistico tercero
ASD_0004058,ASI_001212,CTA_0001,,0.0,262.25,Salida bancos por logistica
ASD_0004059,ASI_001213,CTA_0014,,352.26,0.0,Gasto logistico tercero
ASD_0004060,ASI_001213,CTA_0001,,0.0,352.26,Salida bancos por logistica
ASD_0004061,ASI_001214,CTA_0014,,317.3,0.0,Gasto logistico tercero
ASD_0004062,ASI_001214,CTA_0001,,0.0,317.3,Salida bancos por logistica
ASD_0004063,ASI_001215,CTA_0014,,248.27,0.0,Gasto logistico tercero
ASD_0004064,ASI_001215,CTA_0001,,0.0,248.27,Salida bancos por logistica
ASD_0004065,ASI_001216,CTA_0014,,362.26,0.0,Gasto logistico tercero
ASD_0004066,ASI_001216,CTA_0001,,0.0,362.26,Salida bancos por logistica
ASD_0004067,ASI_001217,CTA_0014,,300.38,0.0,Gasto logistico tercero
ASD_0004068,ASI_001217,CTA_0001,,0.0,300.38,Salida bancos por logistica
ASD_0004069,ASI_001218,CTA_0014,,246.27,0.0,Gasto logistico tercero
ASD_0004070,ASI_001218,CTA_0001,,0.0,246.27,Salida bancos por logistica
ASD_0004071,ASI_001219,CTA_0014,,357.54,0.0,Gasto logistico tercero
ASD_0004072,ASI_001219,CTA_0001,,0.0,357.54,Salida bancos por logistica
ASD_0004073,ASI_001220,CTA_0014,,345.05,0.0,Gasto logistico tercero
ASD_0004074,ASI_001220,CTA_0001,,0.0,345.05,Salida bancos por logistica
ASD_0004075,ASI_001221,CTA_0014,,372.41,0.0,Gasto logistico tercero
ASD_0004076,ASI_001221,CTA_0001,,0.0,372.41,Salida bancos por logistica
ASD_0004077,ASI_001222,CTA_0014,,275.81,0.0,Gasto logistico tercero
ASD_0004078,ASI_001222,CTA_0001,,0.0,275.81,Salida bancos por logistica
ASD_0004079,ASI_001223,CTA_0014,,280.87,0.0,Gasto logistico tercero
ASD_0004080,ASI_001223,CTA_0001,,0.0,280.87,Salida bancos por logistica
ASD_0004081,ASI_001224,CTA_0014,,326.65,0.0,Gasto logistico tercero
ASD_0004082,ASI_001224,CTA_0001,,0.0,326.65,Salida bancos por logistica
ASD_0004083,ASI_001225,CTA_0014,,236.4,0.0,Gasto logistico tercero
ASD_0004084,ASI_001225,CTA_0001,,0.0,236.4,Salida bancos por logistica
ASD_0004085,ASI_001226,CTA_0014,,334.25,0.0,Gasto logistico tercero
ASD_0004086,ASI_001226,CTA_0001,,0.0,334.25,Salida bancos por logistica
ASD_0004087,ASI_001227,CTA_0014,,303.46,0.0,Gasto logistico tercero
ASD_0004088,ASI_001227,CTA_0001,,0.0,303.46,Salida bancos por logistica
ASD_0004089,ASI_001228,CTA_0014,,379.31,0.0,Gasto logistico tercero
ASD_0004090,ASI_001228,CTA_0001,,0.0,379.31,Salida bancos por logistica
ASD_0004091,ASI_001229,CTA_0014,,308.24,0.0,Gasto logistico tercero
ASD_0004092,ASI_001229,CTA_0001,,0.0,308.24,Salida bancos por logistica
ASD_0004093,ASI_001230,CTA_0014,,255.85,0.0,Gasto logistico tercero
ASD_0004094,ASI_001230,CTA_0001,,0.0,255.85,Salida bancos por logistica
ASD_0004095,ASI_001231,CTA_0014,,287.19,0.0,Gasto logistico tercero
ASD_0004096,ASI_001231,CTA_0001,,0.0,287.19,Salida bancos por logistica
ASD_0004097,ASI_001232,CTA_0014,,361.26,0.0,Gasto logistico tercero
ASD_0004098,ASI_001232,CTA_0001,,0.0,361.26,Salida bancos por logistica
ASD_0004099,ASI_001233,CTA_0014,,280.87,0.0,Gasto logistico tercero
ASD_0004100,ASI_001233,CTA_0001,,0.0,280.87,Salida bancos por logistica
ASD_0004101,ASI_001234,CTA_0014,,366.29,0.0,Gasto logistico tercero
ASD_0004102,ASI_001234,CTA_0001,,0.0,366.29,Salida bancos por logistica
ASD_0004103,ASI_001235,CTA_0014,,283.12,0.0,Gasto logistico tercero
ASD_0004104,ASI_001235,CTA_0001,,0.0,283.12,Salida bancos por logistica
ASD_0004105,ASI_001236,CTA_0014,,393.47,0.0,Gasto logistico tercero
ASD_0004106,ASI_001236,CTA_0001,,0.0,393.47,Salida bancos por logistica
ASD_0004107,ASI_001237,CTA_0014,,344.5,0.0,Gasto logistico tercero
ASD_0004108,ASI_001237,CTA_0001,,0.0,344.5,Salida bancos por logistica
ASD_0004109,ASI_001238,CTA_0014,,328.74,0.0,Gasto logistico tercero
ASD_0004110,ASI_001238,CTA_0001,,0.0,328.74,Salida bancos por logistica
ASD_0004111,ASI_001239,CTA_0014,,316.29,0.0,Gasto logistico tercero
ASD_0004112,ASI_001239,CTA_0001,,0.0,316.29,Salida bancos por logistica
ASD_0004113,ASI_001240,CTA_0014,,278.69,0.0,Gasto logistico tercero
ASD_0004114,ASI_001240,CTA_0001,,0.0,278.69,Salida bancos por logistica
ASD_0004115,ASI_001241,CTA_0014,,371.22,0.0,Gasto logistico tercero
ASD_0004116,ASI_001241,CTA_0001,,0.0,371.22,Salida bancos por logistica
ASD_0004117,ASI_001242,CTA_0014,,391.12,0.0,Gasto logistico tercero
ASD_0004118,ASI_001242,CTA_0001,,0.0,391.12,Salida bancos por logistica
ASD_0004119,ASI_001243,CTA_0014,,383.56,0.0,Gasto logistico tercero
ASD_0004120,ASI_001243,CTA_0001,,0.0,383.56,Salida bancos por logistica
ASD_0004121,ASI_001244,CTA_0014,,270.7,0.0,Gasto logistico tercero
ASD_0004122,ASI_001244,CTA_0001,,0.0,270.7,Salida bancos por logistica
ASD_0004123,ASI_001245,CTA_0014,,258.83,0.0,Gasto logistico tercero
ASD_0004124,ASI_001245,CTA_0001,,0.0,258.83,Salida bancos por logistica
ASD_0004125,ASI_001246,CTA_0014,,256.03,0.0,Gasto logistico tercero
ASD_0004126,ASI_001246,CTA_0001,,0.0,256.03,Salida bancos por logistica
ASD_0004127,ASI_001247,CTA_0014,,256.44,0.0,Gasto logistico tercero
ASD_0004128,ASI_001247,CTA_0001,,0.0,256.44,Salida bancos por logistica
ASD_0004129,ASI_001248,CTA_0014,,369.37,0.0,Gasto logistico tercero
ASD_0004130,ASI_001248,CTA_0001,,0.0,369.37,Salida bancos por logistica
ASD_0004131,ASI_001249,CTA_0014,,341.55,0.0,Gasto logistico tercero
ASD_0004132,ASI_001249,CTA_0001,,0.0,341.55,Salida bancos por logistica
ASD_0004133,ASI_001250,CTA_0014,,342.69,0.0,Gasto logistico tercero
ASD_0004134,ASI_001250,CTA_0001,,0.0,342.69,Salida bancos por logistica
ASD_0004135,ASI_001251,CTA_0014,,353.88,0.0,Gasto logistico tercero
ASD_0004136,ASI_001251,CTA_0001,,0.0,353.88,Salida bancos por logistica
ASD_0004137,ASI_001252,CTA_0014,,298.64,0.0,Gasto logistico tercero
ASD_0004138,ASI_001252,CTA_0001,,0.0,298.64,Salida bancos por logistica
ASD_0004139,ASI_001253,CTA_0014,,272.08,0.0,Gasto logistico tercero
ASD_0004140,ASI_001253,CTA_0001,,0.0,272.08,Salida bancos por logistica
ASD_0004141,ASI_001254,CTA_0014,,285.78,0.0,Gasto logistico tercero
ASD_0004142,ASI_001254,CTA_0001,,0.0,285.78,Salida bancos por logistica
ASD_0004143,ASI_001255,CTA_0014,,277.11,0.0,Gasto logistico tercero
ASD_0004144,ASI_001255,CTA_0001,,0.0,277.11,Salida bancos por logistica
ASD_0004145,ASI_001256,CTA_0014,,351.26,0.0,Gasto logistico tercero
ASD_0004146,ASI_001256,CTA_0001,,0.0,351.26,Salida bancos por logistica
ASD_0004147,ASI_001257,CTA_0014,,338.38,0.0,Gasto logistico tercero
ASD_0004148,ASI_001257,CTA_0001,,0.0,338.38,Salida bancos por logistica
ASD_0004149,ASI_001258,CTA_0014,,261.1,0.0,Gasto logistico tercero
ASD_0004150,ASI_001258,CTA_0001,,0.0,261.1,Salida bancos por logistica
ASD_0004151,ASI_001259,CTA_0014,,358.78,0.0,Gasto logistico tercero
ASD_0004152,ASI_001259,CTA_0001,,0.0,358.78,Salida bancos por logistica
ASD_0004153,ASI_001260,CTA_0014,,310.73,0.0,Gasto logistico tercero
ASD_0004154,ASI_001260,CTA_0001,,0.0,310.73,Salida bancos por logistica
ASD_0004155,ASI_001261,CTA_0014,,308.68,0.0,Gasto logistico tercero
ASD_0004156,ASI_001261,CTA_0001,,0.0,308.68,Salida bancos por logistica
ASD_0004157,ASI_001262,CTA_0014,,316.58,0.0,Gasto logistico tercero
ASD_0004158,ASI_001262,CTA_0001,,0.0,316.58,Salida bancos por logistica
ASD_0004159,ASI_001263,CTA_0014,,249.61,0.0,Gasto logistico tercero
ASD_0004160,ASI_001263,CTA_0001,,0.0,249.61,Salida bancos por logistica
ASD_0004161,ASI_001264,CTA_0014,,325.66,0.0,Gasto logistico tercero
ASD_0004162,ASI_001264,CTA_0001,,0.0,325.66,Salida bancos por logistica
ASD_0004163,ASI_001265,CTA_0014,,326.73,0.0,Gasto logistico tercero
ASD_0004164,ASI_001265,CTA_0001,,0.0,326.73,Salida bancos por logistica
ASD_0004165,ASI_001266,CTA_0014,,249.35,0.0,Gasto logistico tercero
ASD_0004166,ASI_001266,CTA_0001,,0.0,249.35,Salida bancos por logistica
ASD_0004167,ASI_001267,CTA_0014,,309.16,0.0,Gasto logistico tercero
ASD_0004168,ASI_001267,CTA_0001,,0.0,309.16,Salida bancos por logistica
ASD_0004169,ASI_001268,CTA_0014,,310.9,0.0,Gasto logistico tercero
ASD_0004170,ASI_001268,CTA_0001,,0.0,310.9,Salida bancos por logistica
ASD_0004171,ASI_001269,CTA_0014,,379.31,0.0,Gasto logistico tercero
ASD_0004172,ASI_001269,CTA_0001,,0.0,379.31,Salida bancos por logistica
ASD_0004173,ASI_001270,CTA_0014,,265.26,0.0,Gasto logistico tercero
ASD_0004174,ASI_001270,CTA_0001,,0.0,265.26,Salida bancos por logistica
ASD_0004175,ASI_001271,CTA_0014,,252.75,0.0,Gasto logistico tercero
ASD_0004176,ASI_001271,CTA_0001,,0.0,252.75,Salida bancos por logistica
ASD_0004177,ASI_001272,CTA_0014,,301.91,0.0,Gasto logistico tercero
ASD_0004178,ASI_001272,CTA_0001,,0.0,301.91,Salida bancos por logistica
ASD_0004179,ASI_001273,CTA_0014,,345.92,0.0,Gasto logistico tercero
ASD_0004180,ASI_001273,CTA_0001,,0.0,345.92,Salida bancos por logistica
ASD_0004181,ASI_001274,CTA_0014,,322.06,0.0,Gasto logistico tercero
ASD_0004182,ASI_001274,CTA_0001,,0.0,322.06,Salida bancos por logistica
ASD_0004183,ASI_001275,CTA_0014,,376.23,0.0,Gasto logistico tercero
ASD_0004184,ASI_001275,CTA_0001,,0.0,376.23,Salida bancos por logistica
ASD_0004185,ASI_001276,CTA_0014,,330.33,0.0,Gasto logistico tercero
ASD_0004186,ASI_001276,CTA_0001,,0.0,330.33,Salida bancos por logistica
ASD_0004187,ASI_001277,CTA_0014,,332.51,0.0,Gasto logistico tercero
ASD_0004188,ASI_001277,CTA_0001,,0.0,332.51,Salida bancos por logistica
ASD_0004189,ASI_001278,CTA_0014,,278.9,0.0,Gasto logistico tercero
ASD_0004190,ASI_001278,CTA_0001,,0.0,278.9,Salida bancos por logistica
ASD_0004191,ASI_001279,CTA_0014,,319.16,0.0,Gasto logistico tercero
ASD_0004192,ASI_001279,CTA_0001,,0.0,319.16,Salida bancos por logistica
ASD_0004193,ASI_001280,CTA_0014,,371.37,0.0,Gasto logistico tercero
ASD_0004194,ASI_001280,CTA_0001,,0.0,371.37,Salida bancos por logistica
ASD_0004195,ASI_001281,CTA_0014,,277.89,0.0,Gasto logistico tercero
ASD_0004196,ASI_001281,CTA_0001,,0.0,277.89,Salida bancos por logistica
ASD_0004197,ASI_001282,CTA_0014,,281.85,0.0,Gasto logistico tercero
ASD_0004198,ASI_001282,CTA_0001,,0.0,281.85,Salida bancos por logistica
ASD_0004199,ASI_001283,CTA_0014,,331.45,0.0,Gasto logistico tercero
ASD_0004200,ASI_001283,CTA_0001,,0.0,331.45,Salida bancos por logistica
ASD_0004201,ASI_001284,CTA_0014,,392.37,0.0,Gasto logistico tercero
ASD_0004202,ASI_001284,CTA_0001,,0.0,392.37,Salida bancos por logistica
ASD_0004203,ASI_001285,CTA_0014,,339.9,0.0,Gasto logistico tercero
ASD_0004204,ASI_001285,CTA_0001,,0.0,339.9,Salida bancos por logistica
ASD_0004205,ASI_001286,CTA_0014,,383.8,0.0,Gasto logistico tercero
ASD_0004206,ASI_001286,CTA_0001,,0.0,383.8,Salida bancos por logistica
ASD_0004207,ASI_001287,CTA_0014,,323.39,0.0,Gasto logistico tercero
ASD_0004208,ASI_001287,CTA_0001,,0.0,323.39,Salida bancos por logistica
ASD_0004209,ASI_001288,CTA_0014,,289.73,0.0,Gasto logistico tercero
ASD_0004210,ASI_001288,CTA_0001,,0.0,289.73,Salida bancos por logistica
ASD_0004211,ASI_001289,CTA_0014,,391.67,0.0,Gasto logistico tercero
ASD_0004212,ASI_001289,CTA_0001,,0.0,391.67,Salida bancos por logistica
ASD_0004213,ASI_001290,CTA_0014,,379.79,0.0,Gasto logistico tercero
ASD_0004214,ASI_001290,CTA_0001,,0.0,379.79,Salida bancos por logistica
ASD_0004215,ASI_001291,CTA_0014,,284.64,0.0,Gasto logistico tercero
ASD_0004216,ASI_001291,CTA_0001,,0.0,284.64,Salida bancos por logistica
ASD_0004217,ASI_001292,CTA_0014,,326.19,0.0,Gasto logistico tercero
ASD_0004218,ASI_001292,CTA_0001,,0.0,326.19,Salida bancos por logistica
ASD_0004219,ASI_001293,CTA_0014,,319.95,0.0,Gasto logistico tercero
ASD_0004220,ASI_001293,CTA_0001,,0.0,319.95,Salida bancos por logistica
ASD_0004221,ASI_001294,CTA_0014,,305.44,0.0,Gasto logistico tercero
ASD_0004222,ASI_001294,CTA_0001,,0.0,305.44,Salida bancos por logistica
ASD_0004223,ASI_001295,CTA_0014,,294.27,0.0,Gasto logistico tercero
ASD_0004224,ASI_001295,CTA_0001,,0.0,294.27,Salida bancos por logistica
ASD_0004225,ASI_001296,CTA_0014,,263.45,0.0,Gasto logistico tercero
ASD_0004226,ASI_001296,CTA_0001,,0.0,263.45,Salida bancos por logistica
ASD_0004227,ASI_001297,CTA_0014,,371.49,0.0,Gasto logistico tercero
ASD_0004228,ASI_001297,CTA_0001,,0.0,371.49,Salida bancos por logistica
ASD_0004229,ASI_001298,CTA_0014,,278.48,0.0,Gasto logistico tercero
ASD_0004230,ASI_001298,CTA_0001,,0.0,278.48,Salida bancos por logistica
ASD_0004231,ASI_001299,CTA_0014,,327.19,0.0,Gasto logistico tercero
ASD_0004232,ASI_001299,CTA_0001,,0.0,327.19,Salida bancos por logistica
ASD_0004233,ASI_001300,CTA_0014,,347.84,0.0,Gasto logistico tercero
ASD_0004234,ASI_001300,CTA_0001,,0.0,347.84,Salida bancos por logistica
ASD_0004235,ASI_001301,CTA_0014,,258.17,0.0,Gasto logistico tercero
ASD_0004236,ASI_001301,CTA_0001,,0.0,258.17,Salida bancos por logistica
ASD_0004237,ASI_001302,CTA_0014,,336.58,0.0,Gasto logistico tercero
ASD_0004238,ASI_001302,CTA_0001,,0.0,336.58,Salida bancos por logistica
ASD_0004239,ASI_001303,CTA_0014,,377.11,0.0,Gasto logistico tercero
ASD_0004240,ASI_001303,CTA_0001,,0.0,377.11,Salida bancos por logistica
ASD_0004241,ASI_001304,CTA_0014,,340.35,0.0,Gasto logistico tercero
ASD_0004242,ASI_001304,CTA_0001,,0.0,340.35,Salida bancos por logistica
ASD_0004243,ASI_001305,CTA_0014,,315.51,0.0,Gasto logistico tercero
ASD_0004244,ASI_001305,CTA_0001,,0.0,315.51,Salida bancos por logistica
ASD_0004245,ASI_001306,CTA_0014,,370.12,0.0,Gasto logistico tercero
ASD_0004246,ASI_001306,CTA_0001,,0.0,370.12,Salida bancos por logistica
ASD_0004247,ASI_001307,CTA_0014,,249.98,0.0,Gasto logistico tercero
ASD_0004248,ASI_001307,CTA_0001,,0.0,249.98,Salida bancos por logistica
ASD_0004249,ASI_001308,CTA_0014,,385.47,0.0,Gasto logistico tercero
ASD_0004250,ASI_001308,CTA_0001,,0.0,385.47,Salida bancos por logistica
ASD_0004251,ASI_001309,CTA_0014,,271.08,0.0,Gasto logistico tercero
ASD_0004252,ASI_001309,CTA_0001,,0.0,271.08,Salida bancos por logistica
ASD_0004253,ASI_001310,CTA_0014,,339.21,0.0,Gasto logistico tercero
ASD_0004254,ASI_001310,CTA_0001,,0.0,339.21,Salida bancos por logistica
ASD_0004255,ASI_001311,CTA_0014,,372.01,0.0,Gasto logistico tercero
ASD_0004256,ASI_001311,CTA_0001,,0.0,372.01,Salida bancos por logistica
ASD_0004257,ASI_001312,CTA_0014,,278.22,0.0,Gasto logistico tercero
ASD_0004258,ASI_001312,CTA_0001,,0.0,278.22,Salida bancos por logistica
ASD_0004259,ASI_001313,CTA_0014,,286.75,0.0,Gasto logistico tercero
ASD_0004260,ASI_001313,CTA_0001,,0.0,286.75,Salida bancos por logistica
ASD_0004261,ASI_001314,CTA_0014,,241.68,0.0,Gasto logistico tercero
ASD_0004262,ASI_001314,CTA_0001,,0.0,241.68,Salida bancos por logistica
ASD_0004263,ASI_001315,CTA_0014,,337.28,0.0,Gasto logistico tercero
ASD_0004264,ASI_001315,CTA_0001,,0.0,337.28,Salida bancos por logistica
ASD_0004265,ASI_001316,CTA_0014,,298.17,0.0,Gasto logistico tercero
ASD_0004266,ASI_001316,CTA_0001,,0.0,298.17,Salida bancos por logistica
ASD_0004267,ASI_001317,CTA_0014,,322.77,0.0,Gasto logistico tercero
ASD_0004268,ASI_001317,CTA_0001,,0.0,322.77,Salida bancos por logistica
ASD_0004269,ASI_001318,CTA_0014,,351.52,0.0,Gasto logistico tercero
ASD_0004270,ASI_001318,CTA_0001,,0.0,351.52,Salida bancos por logistica
ASD_0004271,ASI_001319,CTA_0014,,249.85,0.0,Gasto logistico tercero
ASD_0004272,ASI_001319,CTA_0001,,0.0,249.85,Salida bancos por logistica
ASD_0004273,ASI_001320,CTA_0014,,321.77,0.0,Gasto logistico tercero
ASD_0004274,ASI_001320,CTA_0001,,0.0,321.77,Salida bancos por logistica
ASD_0004275,ASI_001321,CTA_0014,,241.19,0.0,Gasto logistico tercero
ASD_0004276,ASI_001321,CTA_0001,,0.0,241.19,Salida bancos por logistica
ASD_0004277,ASI_001322,CTA_0014,,300.43,0.0,Gasto logistico tercero
ASD_0004278,ASI_001322,CTA_0001,,0.0,300.43,Salida bancos por logistica
ASD_0004279,ASI_001323,CTA_0014,,390.33,0.0,Gasto logistico tercero
ASD_0004280,ASI_001323,CTA_0001,,0.0,390.33,Salida bancos por logistica
ASD_0004281,ASI_001324,CTA_0014,,390.92,0.0,Gasto logistico tercero
ASD_0004282,ASI_001324,CTA_0001,,0.0,390.92,Salida bancos por logistica
ASD_0004283,ASI_001325,CTA_0014,,390.22,0.0,Gasto logistico tercero
ASD_0004284,ASI_001325,CTA_0001,,0.0,390.22,Salida bancos por logistica
ASD_0004285,ASI_001326,CTA_0014,,251.14,0.0,Gasto logistico tercero
ASD_0004286,ASI_001326,CTA_0001,,0.0,251.14,Salida bancos por logistica
ASD_0004287,ASI_001327,CTA_0014,,397.11,0.0,Gasto logistico tercero
ASD_0004288,ASI_001327,CTA_0001,,0.0,397.11,Salida bancos por logistica
ASD_0004289,ASI_001328,CTA_0014,,397.19,0.0,Gasto logistico tercero
ASD_0004290,ASI_001328,CTA_0001,,0.0,397.19,Salida bancos por logistica
ASD_0004291,ASI_001329,CTA_0014,,261.21,0.0,Gasto logistico tercero
ASD_0004292,ASI_001329,CTA_0001,,0.0,261.21,Salida bancos por logistica
ASD_0004293,ASI_001330,CTA_0014,,342.82,0.0,Gasto logistico tercero
ASD_0004294,ASI_001330,CTA_0001,,0.0,342.82,Salida bancos por logistica
ASD_0004295,ASI_001331,CTA_0014,,312.87,0.0,Gasto logistico tercero
ASD_0004296,ASI_001331,CTA_0001,,0.0,312.87,Salida bancos por logistica
ASD_0004297,ASI_001332,CTA_0014,,272.7,0.0,Gasto logistico tercero
ASD_0004298,ASI_001332,CTA_0001,,0.0,272.7,Salida bancos por logistica
ASD_0004299,ASI_001333,CTA_0014,,260.73,0.0,Gasto logistico tercero
ASD_0004300,ASI_001333,CTA_0001,,0.0,260.73,Salida bancos por logistica
ASD_0004301,ASI_001334,CTA_0014,,378.64,0.0,Gasto logistico tercero
ASD_0004302,ASI_001334,CTA_0001,,0.0,378.64,Salida bancos por logistica
ASD_0004303,ASI_001335,CTA_0014,,326.97,0.0,Gasto logistico tercero
ASD_0004304,ASI_001335,CTA_0001,,0.0,326.97,Salida bancos por logistica
ASD_0004305,ASI_001336,CTA_0014,,397.0,0.0,Gasto logistico tercero
ASD_0004306,ASI_001336,CTA_0001,,0.0,397.0,Salida bancos por logistica
ASD_0004307,ASI_001337,CTA_0014,,305.52,0.0,Gasto logistico tercero
ASD_0004308,ASI_001337,CTA_0001,,0.0,305.52,Salida bancos por logistica
ASD_0004309,ASI_001338,CTA_0014,,319.52,0.0,Gasto logistico tercero
ASD_0004310,ASI_001338,CTA_0001,,0.0,319.52,Salida bancos por logistica
ASD_0004311,ASI_001339,CTA_0014,,360.63,0.0,Gasto logistico tercero
ASD_0004312,ASI_001339,CTA_0001,,0.0,360.63,Salida bancos por logistica
ASD_0004313,ASI_001340,CTA_0014,,379.71,0.0,Gasto logistico tercero
ASD_0004314,ASI_001340,CTA_0001,,0.0,379.71,Salida bancos por logistica
ASD_0004315,ASI_001341,CTA_0014,,378.51,0.0,Gasto logistico tercero
ASD_0004316,ASI_001341,CTA_0001,,0.0,378.51,Salida bancos por logistica
ASD_0004317,ASI_001342,CTA_0014,,343.06,0.0,Gasto logistico tercero
ASD_0004318,ASI_001342,CTA_0001,,0.0,343.06,Salida bancos por logistica
ASD_0004319,ASI_001343,CTA_0014,,288.17,0.0,Gasto logistico tercero
ASD_0004320,ASI_001343,CTA_0001,,0.0,288.17,Salida bancos por logistica
ASD_0004321,ASI_001344,CTA_0014,,399.14,0.0,Gasto logistico tercero
ASD_0004322,ASI_001344,CTA_0001,,0.0,399.14,Salida bancos por logistica
ASD_0004323,ASI_001345,CTA_0014,,262.39,0.0,Gasto logistico tercero
ASD_0004324,ASI_001345,CTA_0001,,0.0,262.39,Salida bancos por logistica
ASD_0004325,ASI_001346,CTA_0014,,300.62,0.0,Gasto logistico tercero
ASD_0004326,ASI_001346,CTA_0001,,0.0,300.62,Salida bancos por logistica
ASD_0004327,ASI_001347,CTA_0014,,321.25,0.0,Gasto logistico tercero
ASD_0004328,ASI_001347,CTA_0001,,0.0,321.25,Salida bancos por logistica
ASD_0004329,ASI_001348,CTA_0014,,292.32,0.0,Gasto logistico tercero
ASD_0004330,ASI_001348,CTA_0001,,0.0,292.32,Salida bancos por logistica
ASD_0004331,ASI_001349,CTA_0014,,377.6,0.0,Gasto logistico tercero
ASD_0004332,ASI_001349,CTA_0001,,0.0,377.6,Salida bancos por logistica
ASD_0004333,ASI_001350,CTA_0014,,377.14,0.0,Gasto logistico tercero
ASD_0004334,ASI_001350,CTA_0001,,0.0,377.14,Salida bancos por logistica
ASD_0004335,ASI_001351,CTA_0014,,393.92,0.0,Gasto logistico tercero
ASD_0004336,ASI_001351,CTA_0001,,0.0,393.92,Salida bancos por logistica
ASD_0004337,ASI_001352,CTA_0014,,323.02,0.0,Gasto logistico tercero
ASD_0004338,ASI_001352,CTA_0001,,0.0,323.02,Salida bancos por logistica
ASD_0004339,ASI_001353,CTA_0014,,271.87,0.0,Gasto logistico tercero
ASD_0004340,ASI_001353,CTA_0001,,0.0,271.87,Salida bancos por logistica
ASD_0004341,ASI_001354,CTA_0014,,255.87,0.0,Gasto logistico tercero
ASD_0004342,ASI_001354,CTA_0001,,0.0,255.87,Salida bancos por logistica
ASD_0004343,ASI_001355,CTA_0014,,269.91,0.0,Gasto logistico tercero
ASD_0004344,ASI_001355,CTA_0001,,0.0,269.91,Salida bancos por logistica
ASD_0004345,ASI_001356,CTA_0014,,311.64,0.0,Gasto logistico tercero
ASD_0004346,ASI_001356,CTA_0001,,0.0,311.64,Salida bancos por logistica
ASD_0004347,ASI_001357,CTA_0014,,291.16,0.0,Gasto logistico tercero
ASD_0004348,ASI_001357,CTA_0001,,0.0,291.16,Salida bancos por logistica
ASD_0004349,ASI_001358,CTA_0014,,342.04,0.0,Gasto logistico tercero
ASD_0004350,ASI_001358,CTA_0001,,0.0,342.04,Salida bancos por logistica
ASD_0004351,ASI_001359,CTA_0014,,347.65,0.0,Gasto logistico tercero
ASD_0004352,ASI_001359,CTA_0001,,0.0,347.65,Salida bancos por logistica
ASD_0004353,ASI_001360,CTA_0014,,250.76,0.0,Gasto logistico tercero
ASD_0004354,ASI_001360,CTA_0001,,0.0,250.76,Salida bancos por logistica
ASD_0004355,ASI_001361,CTA_0014,,318.05,0.0,Gasto logistico tercero
ASD_0004356,ASI_001361,CTA_0001,,0.0,318.05,Salida bancos por logistica
ASD_0004357,ASI_001362,CTA_0014,,371.81,0.0,Gasto logistico tercero
ASD_0004358,ASI_001362,CTA_0001,,0.0,371.81,Salida bancos por logistica
ASD_0004359,ASI_001363,CTA_0014,,329.28,0.0,Gasto logistico tercero
ASD_0004360,ASI_001363,CTA_0001,,0.0,329.28,Salida bancos por logistica
ASD_0004361,ASI_001364,CTA_0014,,251.99,0.0,Gasto logistico tercero
ASD_0004362,ASI_001364,CTA_0001,,0.0,251.99,Salida bancos por logistica
ASD_0004363,ASI_001365,CTA_0014,,251.46,0.0,Gasto logistico tercero
ASD_0004364,ASI_001365,CTA_0001,,0.0,251.46,Salida bancos por logistica
ASD_0004365,ASI_001366,CTA_0014,,295.65,0.0,Gasto logistico tercero
ASD_0004366,ASI_001366,CTA_0001,,0.0,295.65,Salida bancos por logistica
ASD_0004367,ASI_001367,CTA_0014,,202.7,0.0,Gasto logistico tercero
ASD_0004368,ASI_001367,CTA_0001,,0.0,202.7,Salida bancos por logistica
ASD_0004369,ASI_001368,CTA_0014,,293.33,0.0,Gasto logistico tercero
ASD_0004370,ASI_001368,CTA_0001,,0.0,293.33,Salida bancos por logistica
ASD_0004371,ASI_001369,CTA_0014,,318.07,0.0,Gasto logistico tercero
ASD_0004372,ASI_001369,CTA_0001,,0.0,318.07,Salida bancos por logistica
ASD_0004373,ASI_001370,CTA_0014,,215.01,0.0,Gasto logistico tercero
ASD_0004374,ASI_001370,CTA_0001,,0.0,215.01,Salida bancos por logistica
ASD_0004375,ASI_001371,CTA_0014,,314.1,0.0,Gasto logistico tercero
ASD_0004376,ASI_001371,CTA_0001,,0.0,314.1,Salida bancos por logistica
ASD_0004377,ASI_001372,CTA_0014,,260.4,0.0,Gasto logistico tercero
ASD_0004378,ASI_001372,CTA_0001,,0.0,260.4,Salida bancos por logistica
ASD_0004379,ASI_001373,CTA_0014,,305.26,0.0,Gasto logistico tercero
ASD_0004380,ASI_001373,CTA_0001,,0.0,305.26,Salida bancos por logistica
ASD_0004381,ASI_001374,CTA_0014,,270.49,0.0,Gasto logistico tercero
ASD_0004382,ASI_001374,CTA_0001,,0.0,270.49,Salida bancos por logistica
ASD_0004383,ASI_001375,CTA_0014,,356.23,0.0,Gasto logistico tercero
ASD_0004384,ASI_001375,CTA_0001,,0.0,356.23,Salida bancos por logistica
ASD_0004385,ASI_001376,CTA_0014,,273.44,0.0,Gasto logistico tercero
ASD_0004386,ASI_001376,CTA_0001,,0.0,273.44,Salida bancos por logistica
ASD_0004387,ASI_001377,CTA_0014,,300.81,0.0,Gasto logistico tercero
ASD_0004388,ASI_001377,CTA_0001,,0.0,300.81,Salida bancos por logistica
ASD_0004389,ASI_001378,CTA_0014,,318.64,0.0,Gasto logistico tercero
ASD_0004390,ASI_001378,CTA_0001,,0.0,318.64,Salida bancos por logistica
ASD_0004391,ASI_001379,CTA_0014,,377.14,0.0,Gasto logistico tercero
ASD_0004392,ASI_001379,CTA_0001,,0.0,377.14,Salida bancos por logistica
ASD_0004393,ASI_001380,CTA_0014,,280.35,0.0,Gasto logistico tercero
ASD_0004394,ASI_001380,CTA_0001,,0.0,280.35,Salida bancos por logistica
ASD_0004395,ASI_001381,CTA_0014,,299.87,0.0,Gasto logistico tercero
ASD_0004396,ASI_001381,CTA_0001,,0.0,299.87,Salida bancos por logistica
ASD_0004397,ASI_001382,CTA_0014,,322.89,0.0,Gasto logistico tercero
ASD_0004398,ASI_001382,CTA_0001,,0.0,322.89,Salida bancos por logistica
ASD_0004399,ASI_001383,CTA_0014,,284.08,0.0,Gasto logistico tercero
ASD_0004400,ASI_001383,CTA_0001,,0.0,284.08,Salida bancos por logistica
ASD_0004401,ASI_001384,CTA_0014,,267.76,0.0,Gasto logistico tercero
ASD_0004402,ASI_001384,CTA_0001,,0.0,267.76,Salida bancos por logistica
ASD_0004403,ASI_001385,CTA_0014,,389.91,0.0,Gasto logistico tercero
ASD_0004404,ASI_001385,CTA_0001,,0.0,389.91,Salida bancos por logistica
ASD_0004405,ASI_001386,CTA_0014,,355.59,0.0,Gasto logistico tercero
ASD_0004406,ASI_001386,CTA_0001,,0.0,355.59,Salida bancos por logistica
ASD_0004407,ASI_001387,CTA_0014,,398.39,0.0,Gasto logistico tercero
ASD_0004408,ASI_001387,CTA_0001,,0.0,398.39,Salida bancos por logistica
ASD_0004409,ASI_001388,CTA_0014,,272.63,0.0,Gasto logistico tercero
ASD_0004410,ASI_001388,CTA_0001,,0.0,272.63,Salida bancos por logistica
ASD_0004411,ASI_001389,CTA_0014,,328.75,0.0,Gasto logistico tercero
ASD_0004412,ASI_001389,CTA_0001,,0.0,328.75,Salida bancos por logistica
ASD_0004413,ASI_001390,CTA_0014,,340.85,0.0,Gasto logistico tercero
ASD_0004414,ASI_001390,CTA_0001,,0.0,340.85,Salida bancos por logistica
ASD_0004415,ASI_001391,CTA_0014,,388.51,0.0,Gasto logistico tercero
ASD_0004416,ASI_001391,CTA_0001,,0.0,388.51,Salida bancos por logistica
ASD_0004417,ASI_001392,CTA_0014,,253.94,0.0,Gasto logistico tercero
ASD_0004418,ASI_001392,CTA_0001,,0.0,253.94,Salida bancos por logistica
ASD_0004419,ASI_001393,CTA_0014,,284.94,0.0,Gasto logistico tercero
ASD_0004420,ASI_001393,CTA_0001,,0.0,284.94,Salida bancos por logistica
ASD_0004421,ASI_001394,CTA_0014,,285.75,0.0,Gasto logistico tercero
ASD_0004422,ASI_001394,CTA_0001,,0.0,285.75,Salida bancos por logistica
ASD_0004423,ASI_001395,CTA_0014,,300.56,0.0,Gasto logistico tercero
ASD_0004424,ASI_001395,CTA_0001,,0.0,300.56,Salida bancos por logistica
ASD_0004425,ASI_001396,CTA_0014,,294.65,0.0,Gasto logistico tercero
ASD_0004426,ASI_001396,CTA_0001,,0.0,294.65,Salida bancos por logistica
ASD_0004427,ASI_001397,CTA_0014,,257.46,0.0,Gasto logistico tercero
ASD_0004428,ASI_001397,CTA_0001,,0.0,257.46,Salida bancos por logistica
ASD_0004429,ASI_001398,CTA_0014,,274.23,0.0,Gasto logistico tercero
ASD_0004430,ASI_001398,CTA_0001,,0.0,274.23,Salida bancos por logistica
ASD_0004431,ASI_001399,CTA_0014,,391.87,0.0,Gasto logistico tercero
ASD_0004432,ASI_001399,CTA_0001,,0.0,391.87,Salida bancos por logistica
ASD_0004433,ASI_001400,CTA_0014,,319.29,0.0,Gasto logistico tercero
ASD_0004434,ASI_001400,CTA_0001,,0.0,319.29,Salida bancos por logistica
ASD_0004435,ASI_001401,CTA_0014,,291.0,0.0,Gasto logistico tercero
ASD_0004436,ASI_001401,CTA_0001,,0.0,291.0,Salida bancos por logistica
ASD_0004437,ASI_001402,CTA_0014,,358.15,0.0,Gasto logistico tercero
ASD_0004438,ASI_001402,CTA_0001,,0.0,358.15,Salida bancos por logistica
ASD_0004439,ASI_001403,CTA_0014,,377.65,0.0,Gasto logistico tercero
ASD_0004440,ASI_001403,CTA_0001,,0.0,377.65,Salida bancos por logistica
ASD_0004441,ASI_001404,CTA_0014,,358.47,0.0,Gasto logistico tercero
ASD_0004442,ASI_001404,CTA_0001,,0.0,358.47,Salida bancos por logistica
ASD_0004443,ASI_001405,CTA_0014,,290.09,0.0,Gasto logistico tercero
ASD_0004444,ASI_001405,CTA_0001,,0.0,290.09,Salida bancos por logistica
ASD_0004445,ASI_001406,CTA_0014,,258.15,0.0,Gasto logistico tercero
ASD_0004446,ASI_001406,CTA_0001,,0.0,258.15,Salida bancos por logistica
ASD_0004447,ASI_001407,CTA_0014,,358.95,0.0,Gasto logistico tercero
ASD_0004448,ASI_001407,CTA_0001,,0.0,358.95,Salida bancos por logistica
ASD_0004449,ASI_001408,CTA_0014,,341.96,0.0,Gasto logistico tercero
ASD_0004450,ASI_001408,CTA_0001,,0.0,341.96,Salida bancos por logistica
ASD_0004451,ASI_001409,CTA_0014,,358.96,0.0,Gasto logistico tercero
ASD_0004452,ASI_001409,CTA_0001,,0.0,358.96,Salida bancos por logistica
ASD_0004453,ASI_001410,CTA_0014,,333.94,0.0,Gasto logistico tercero
ASD_0004454,ASI_001410,CTA_0001,,0.0,333.94,Salida bancos por logistica
ASD_0004455,ASI_001411,CTA_0014,,258.68,0.0,Gasto logistico tercero
ASD_0004456,ASI_001411,CTA_0001,,0.0,258.68,Salida bancos por logistica
ASD_0004457,ASI_001412,CTA_0014,,305.86,0.0,Gasto logistico tercero
ASD_0004458,ASI_001412,CTA_0001,,0.0,305.86,Salida bancos por logistica
ASD_0004459,ASI_001413,CTA_0014,,310.94,0.0,Gasto logistico tercero
ASD_0004460,ASI_001413,CTA_0001,,0.0,310.94,Salida bancos por logistica
ASD_0004461,ASI_001414,CTA_0014,,371.79,0.0,Gasto logistico tercero
ASD_0004462,ASI_001414,CTA_0001,,0.0,371.79,Salida bancos por logistica
ASD_0004463,ASI_001415,CTA_0014,,373.91,0.0,Gasto logistico tercero
ASD_0004464,ASI_001415,CTA_0001,,0.0,373.91,Salida bancos por logistica
ASD_0004465,ASI_001416,CTA_0014,,290.28,0.0,Gasto logistico tercero
ASD_0004466,ASI_001416,CTA_0001,,0.0,290.28,Salida bancos por logistica
ASD_0004467,ASI_001417,CTA_0014,,303.57,0.0,Gasto logistico tercero
ASD_0004468,ASI_001417,CTA_0001,,0.0,303.57,Salida bancos por logistica
ASD_0004469,ASI_001418,CTA_0014,,316.12,0.0,Gasto logistico tercero
ASD_0004470,ASI_001418,CTA_0001,,0.0,316.12,Salida bancos por logistica
ASD_0004471,ASI_001419,CTA_0014,,293.84,0.0,Gasto logistico tercero
ASD_0004472,ASI_001419,CTA_0001,,0.0,293.84,Salida bancos por logistica
ASD_0004473,ASI_001420,CTA_0014,,302.93,0.0,Gasto logistico tercero
ASD_0004474,ASI_001420,CTA_0001,,0.0,302.93,Salida bancos por logistica
ASD_0004475,ASI_001421,CTA_0014,,279.77,0.0,Gasto logistico tercero
ASD_0004476,ASI_001421,CTA_0001,,0.0,279.77,Salida bancos por logistica
ASD_0004477,ASI_001422,CTA_0014,,357.8,0.0,Gasto logistico tercero
ASD_0004478,ASI_001422,CTA_0001,,0.0,357.8,Salida bancos por logistica
ASD_0004479,ASI_001423,CTA_0014,,365.69,0.0,Gasto logistico tercero
ASD_0004480,ASI_001423,CTA_0001,,0.0,365.69,Salida bancos por logistica
ASD_0004481,ASI_001424,CTA_0014,,319.63,0.0,Gasto logistico tercero
ASD_0004482,ASI_001424,CTA_0001,,0.0,319.63,Salida bancos por logistica
ASD_0004483,ASI_001425,CTA_0014,,362.75,0.0,Gasto logistico tercero
ASD_0004484,ASI_001425,CTA_0001,,0.0,362.75,Salida bancos por logistica
ASD_0004485,ASI_001426,CTA_0014,,280.76,0.0,Gasto logistico tercero
ASD_0004486,ASI_001426,CTA_0001,,0.0,280.76,Salida bancos por logistica
ASD_0004487,ASI_001427,CTA_0014,,258.85,0.0,Gasto logistico tercero
ASD_0004488,ASI_001427,CTA_0001,,0.0,258.85,Salida bancos por logistica
ASD_0004489,ASI_001428,CTA_0014,,348.39,0.0,Gasto logistico tercero
ASD_0004490,ASI_001428,CTA_0001,,0.0,348.39,Salida bancos por logistica
ASD_0004491,ASI_001429,CTA_0014,,330.18,0.0,Gasto logistico tercero
ASD_0004492,ASI_001429,CTA_0001,,0.0,330.18,Salida bancos por logistica
ASD_0004493,ASI_001430,CTA_0014,,251.81,0.0,Gasto logistico tercero
ASD_0004494,ASI_001430,CTA_0001,,0.0,251.81,Salida bancos por logistica
ASD_0004495,ASI_001431,CTA_0014,,280.04,0.0,Gasto logistico tercero
ASD_0004496,ASI_001431,CTA_0001,,0.0,280.04,Salida bancos por logistica
ASD_0004497,ASI_001432,CTA_0014,,259.37,0.0,Gasto logistico tercero
ASD_0004498,ASI_001432,CTA_0001,,0.0,259.37,Salida bancos por logistica
ASD_0004499,ASI_001433,CTA_0014,,374.06,0.0,Gasto logistico tercero
ASD_0004500,ASI_001433,CTA_0001,,0.0,374.06,Salida bancos por logistica
ASD_0004501,ASI_001434,CTA_0014,,289.6,0.0,Gasto logistico tercero
ASD_0004502,ASI_001434,CTA_0001,,0.0,289.6,Salida bancos por logistica
ASD_0004503,ASI_001435,CTA_0014,,299.13,0.0,Gasto logistico tercero
ASD_0004504,ASI_001435,CTA_0001,,0.0,299.13,Salida bancos por logistica
ASD_0004505,ASI_001436,CTA_0014,,250.43,0.0,Gasto logistico tercero
ASD_0004506,ASI_001436,CTA_0001,,0.0,250.43,Salida bancos por logistica
ASD_0004507,ASI_001437,CTA_0014,,300.96,0.0,Gasto logistico tercero
ASD_0004508,ASI_001437,CTA_0001,,0.0,300.96,Salida bancos por logistica
ASD_0004509,ASI_001438,CTA_0014,,304.84,0.0,Gasto logistico tercero
ASD_0004510,ASI_001438,CTA_0001,,0.0,304.84,Salida bancos por logistica
ASD_0004511,ASI_001439,CTA_0014,,248.07,0.0,Gasto logistico tercero
ASD_0004512,ASI_001439,CTA_0001,,0.0,248.07,Salida bancos por logistica
ASD_0004513,ASI_001440,CTA_0014,,369.2,0.0,Gasto logistico tercero
ASD_0004514,ASI_001440,CTA_0001,,0.0,369.2,Salida bancos por logistica
ASD_0004515,ASI_001441,CTA_0014,,280.72,0.0,Gasto logistico tercero
ASD_0004516,ASI_001441,CTA_0001,,0.0,280.72,Salida bancos por logistica
ASD_0004517,ASI_001442,CTA_0014,,300.54,0.0,Gasto logistico tercero
ASD_0004518,ASI_001442,CTA_0001,,0.0,300.54,Salida bancos por logistica
ASD_0004519,ASI_001443,CTA_0014,,262.78,0.0,Gasto logistico tercero
ASD_0004520,ASI_001443,CTA_0001,,0.0,262.78,Salida bancos por logistica
ASD_0004521,ASI_001444,CTA_0014,,271.89,0.0,Gasto logistico tercero
ASD_0004522,ASI_001444,CTA_0001,,0.0,271.89,Salida bancos por logistica
ASD_0004523,ASI_001445,CTA_0014,,245.1,0.0,Gasto logistico tercero
ASD_0004524,ASI_001445,CTA_0001,,0.0,245.1,Salida bancos por logistica
ASD_0004525,ASI_001446,CTA_0014,,329.5,0.0,Gasto logistico tercero
ASD_0004526,ASI_001446,CTA_0001,,0.0,329.5,Salida bancos por logistica
ASD_0004527,ASI_001447,CTA_0014,,329.75,0.0,Gasto logistico tercero
ASD_0004528,ASI_001447,CTA_0001,,0.0,329.75,Salida bancos por logistica
ASD_0004529,ASI_001448,CTA_0014,,372.1,0.0,Gasto logistico tercero
ASD_0004530,ASI_001448,CTA_0001,,0.0,372.1,Salida bancos por logistica
ASD_0004531,ASI_001449,CTA_0014,,354.39,0.0,Gasto logistico tercero
ASD_0004532,ASI_001449,CTA_0001,,0.0,354.39,Salida bancos por logistica
ASD_0004533,ASI_001450,CTA_0014,,305.6,0.0,Gasto logistico tercero
ASD_0004534,ASI_001450,CTA_0001,,0.0,305.6,Salida bancos por logistica
ASD_0004535,ASI_001451,CTA_0014,,259.83,0.0,Gasto logistico tercero
ASD_0004536,ASI_001451,CTA_0001,,0.0,259.83,Salida bancos por logistica
ASD_0004537,ASI_001452,CTA_0014,,259.83,0.0,Gasto logistico tercero
ASD_0004538,ASI_001452,CTA_0001,,0.0,259.83,Salida bancos por logistica
ASD_0004539,ASI_001453,CTA_0014,,293.19,0.0,Gasto logistico tercero
ASD_0004540,ASI_001453,CTA_0001,,0.0,293.19,Salida bancos por logistica
ASD_0004541,ASI_001454,CTA_0014,,259.42,0.0,Gasto logistico tercero
ASD_0004542,ASI_001454,CTA_0001,,0.0,259.42,Salida bancos por logistica
ASD_0004543,ASI_001455,CTA_0014,,376.59,0.0,Gasto logistico tercero
ASD_0004544,ASI_001455,CTA_0001,,0.0,376.59,Salida bancos por logistica
ASD_0004545,ASI_001456,CTA_0014,,252.92,0.0,Gasto logistico tercero
ASD_0004546,ASI_001456,CTA_0001,,0.0,252.92,Salida bancos por logistica
ASD_0004547,ASI_001457,CTA_0014,,379.35,0.0,Gasto logistico tercero
ASD_0004548,ASI_001457,CTA_0001,,0.0,379.35,Salida bancos por logistica
ASD_0004549,ASI_001458,CTA_0014,,332.83,0.0,Gasto logistico tercero
ASD_0004550,ASI_001458,CTA_0001,,0.0,332.83,Salida bancos por logistica
ASD_0004551,ASI_001459,CTA_0014,,370.5,0.0,Gasto logistico tercero
ASD_0004552,ASI_001459,CTA_0001,,0.0,370.5,Salida bancos por logistica
ASD_0004553,ASI_001460,CTA_0014,,260.09,0.0,Gasto logistico tercero
ASD_0004554,ASI_001460,CTA_0001,,0.0,260.09,Salida bancos por logistica
ASD_0004555,ASI_001461,CTA_0014,,245.76,0.0,Gasto logistico tercero
ASD_0004556,ASI_001461,CTA_0001,,0.0,245.76,Salida bancos por logistica
ASD_0004557,ASI_001462,CTA_0014,,367.27,0.0,Gasto logistico tercero
ASD_0004558,ASI_001462,CTA_0001,,0.0,367.27,Salida bancos por logistica
ASD_0004559,ASI_001463,CTA_0014,,337.99,0.0,Gasto logistico tercero
ASD_0004560,ASI_001463,CTA_0001,,0.0,337.99,Salida bancos por logistica
ASD_0004561,ASI_001464,CTA_0014,,299.17,0.0,Gasto logistico tercero
ASD_0004562,ASI_001464,CTA_0001,,0.0,299.17,Salida bancos por logistica
ASD_0004563,ASI_001465,CTA_0014,,314.14,0.0,Gasto logistico tercero
ASD_0004564,ASI_001465,CTA_0001,,0.0,314.14,Salida bancos por logistica
ASD_0004565,ASI_001466,CTA_0014,,285.82,0.0,Gasto logistico tercero
ASD_0004566,ASI_001466,CTA_0001,,0.0,285.82,Salida bancos por logistica
ASD_0004567,ASI_001467,CTA_0014,,274.75,0.0,Gasto logistico tercero
ASD_0004568,ASI_001467,CTA_0001,,0.0,274.75,Salida bancos por logistica
ASD_0004569,ASI_001468,CTA_0014,,369.75,0.0,Gasto logistico tercero
ASD_0004570,ASI_001468,CTA_0001,,0.0,369.75,Salida bancos por logistica
ASD_0004571,ASI_001469,CTA_0014,,260.92,0.0,Gasto logistico tercero
ASD_0004572,ASI_001469,CTA_0001,,0.0,260.92,Salida bancos por logistica
ASD_0004573,ASI_001470,CTA_0014,,366.15,0.0,Gasto logistico tercero
ASD_0004574,ASI_001470,CTA_0001,,0.0,366.15,Salida bancos por logistica
ASD_0004575,ASI_001471,CTA_0014,,263.4,0.0,Gasto logistico tercero
ASD_0004576,ASI_001471,CTA_0001,,0.0,263.4,Salida bancos por logistica
ASD_0004577,ASI_001472,CTA_0014,,248.16,0.0,Gasto logistico tercero
ASD_0004578,ASI_001472,CTA_0001,,0.0,248.16,Salida bancos por logistica
ASD_0004579,ASI_001473,CTA_0014,,386.71,0.0,Gasto logistico tercero
ASD_0004580,ASI_001473,CTA_0001,,0.0,386.71,Salida bancos por logistica
ASD_0004581,ASI_001474,CTA_0014,,351.47,0.0,Gasto logistico tercero
ASD_0004582,ASI_001474,CTA_0001,,0.0,351.47,Salida bancos por logistica
ASD_0004583,ASI_001475,CTA_0014,,328.48,0.0,Gasto logistico tercero
ASD_0004584,ASI_001475,CTA_0001,,0.0,328.48,Salida bancos por logistica
ASD_0004585,ASI_001476,CTA_0014,,294.15,0.0,Gasto logistico tercero
ASD_0004586,ASI_001476,CTA_0001,,0.0,294.15,Salida bancos por logistica
ASD_0004587,ASI_001477,CTA_0014,,288.34,0.0,Gasto logistico tercero
ASD_0004588,ASI_001477,CTA_0001,,0.0,288.34,Salida bancos por logistica
ASD_0004589,ASI_001478,CTA_0014,,267.99,0.0,Gasto logistico tercero
ASD_0004590,ASI_001478,CTA_0001,,0.0,267.99,Salida bancos por logistica
ASD_0004591,ASI_001479,CTA_0014,,339.92,0.0,Gasto logistico tercero
ASD_0004592,ASI_001479,CTA_0001,,0.0,339.92,Salida bancos por logistica
ASD_0004593,ASI_001480,CTA_0014,,363.77,0.0,Gasto logistico tercero
ASD_0004594,ASI_001480,CTA_0001,,0.0,363.77,Salida bancos por logistica
ASD_0004595,ASI_001481,CTA_0014,,371.79,0.0,Gasto logistico tercero
ASD_0004596,ASI_001481,CTA_0001,,0.0,371.79,Salida bancos por logistica
ASD_0004597,ASI_001482,CTA_0014,,333.75,0.0,Gasto logistico tercero
ASD_0004598,ASI_001482,CTA_0001,,0.0,333.75,Salida bancos por logistica
ASD_0004599,ASI_001483,CTA_0014,,299.33,0.0,Gasto logistico tercero
ASD_0004600,ASI_001483,CTA_0001,,0.0,299.33,Salida bancos por logistica
ASD_0004601,ASI_001484,CTA_0014,,352.93,0.0,Gasto logistico tercero
ASD_0004602,ASI_001484,CTA_0001,,0.0,352.93,Salida bancos por logistica
ASD_0004603,ASI_001485,CTA_0014,,312.59,0.0,Gasto logistico tercero
ASD_0004604,ASI_001485,CTA_0001,,0.0,312.59,Salida bancos por logistica
ASD_0004605,ASI_001486,CTA_0014,,323.28,0.0,Gasto logistico tercero
ASD_0004606,ASI_001486,CTA_0001,,0.0,323.28,Salida bancos por logistica
ASD_0004607,ASI_001487,CTA_0014,,285.16,0.0,Gasto logistico tercero
ASD_0004608,ASI_001487,CTA_0001,,0.0,285.16,Salida bancos por logistica
ASD_0004609,ASI_001488,CTA_0014,,259.38,0.0,Gasto logistico tercero
ASD_0004610,ASI_001488,CTA_0001,,0.0,259.38,Salida bancos por logistica
ASD_0004611,ASI_001489,CTA_0014,,267.97,0.0,Gasto logistico tercero
ASD_0004612,ASI_001489,CTA_0001,,0.0,267.97,Salida bancos por logistica
ASD_0004613,ASI_001490,CTA_0014,,365.63,0.0,Gasto logistico tercero
ASD_0004614,ASI_001490,CTA_0001,,0.0,365.63,Salida bancos por logistica
ASD_0004615,ASI_001491,CTA_0014,,386.18,0.0,Gasto logistico tercero
ASD_0004616,ASI_001491,CTA_0001,,0.0,386.18,Salida bancos por logistica
ASD_0004617,ASI_001492,CTA_0014,,259.57,0.0,Gasto logistico tercero
ASD_0004618,ASI_001492,CTA_0001,,0.0,259.57,Salida bancos por logistica
ASD_0004619,ASI_001493,CTA_0014,,345.28,0.0,Gasto logistico tercero
ASD_0004620,ASI_001493,CTA_0001,,0.0,345.28,Salida bancos por logistica
ASD_0004621,ASI_001494,CTA_0014,,375.2,0.0,Gasto logistico tercero
ASD_0004622,ASI_001494,CTA_0001,,0.0,375.2,Salida bancos por logistica
ASD_0004623,ASI_001495,CTA_0014,,338.36,0.0,Gasto logistico tercero
ASD_0004624,ASI_001495,CTA_0001,,0.0,338.36,Salida bancos por logistica
ASD_0004625,ASI_001496,CTA_0014,,355.27,0.0,Gasto logistico tercero
ASD_0004626,ASI_001496,CTA_0001,,0.0,355.27,Salida bancos por logistica
ASD_0004627,ASI_001497,CTA_0014,,338.56,0.0,Gasto logistico tercero
ASD_0004628,ASI_001497,CTA_0001,,0.0,338.56,Salida bancos por logistica
ASD_0004629,ASI_001498,CTA_0014,,362.39,0.0,Gasto logistico tercero
ASD_0004630,ASI_001498,CTA_0001,,0.0,362.39,Salida bancos por logistica
ASD_0004631,ASI_001499,CTA_0014,,272.15,0.0,Gasto logistico tercero
ASD_0004632,ASI_001499,CTA_0001,,0.0,272.15,Salida bancos por logistica
ASD_0004633,ASI_001500,CTA_0014,,329.57,0.0,Gasto logistico tercero
ASD_0004634,ASI_001500,CTA_0001,,0.0,329.57,Salida bancos por logistica
ASD_0004635,ASI_001501,CTA_0014,,334.44,0.0,Gasto logistico tercero
ASD_0004636,ASI_001501,CTA_0001,,0.0,334.44,Salida bancos por logistica
ASD_0004637,ASI_001502,CTA_0014,,309.1,0.0,Gasto logistico tercero
ASD_0004638,ASI_001502,CTA_0001,,0.0,309.1,Salida bancos por logistica
ASD_0004639,ASI_001503,CTA_0014,,336.5,0.0,Gasto logistico tercero
ASD_0004640,ASI_001503,CTA_0001,,0.0,336.5,Salida bancos por logistica
ASD_0004641,ASI_001504,CTA_0014,,356.95,0.0,Gasto logistico tercero
ASD_0004642,ASI_001504,CTA_0001,,0.0,356.95,Salida bancos por logistica
ASD_0004643,ASI_001505,CTA_0014,,367.56,0.0,Gasto logistico tercero
ASD_0004644,ASI_001505,CTA_0001,,0.0,367.56,Salida bancos por logistica
ASD_0004645,ASI_001506,CTA_0014,,329.28,0.0,Gasto logistico tercero
ASD_0004646,ASI_001506,CTA_0001,,0.0,329.28,Salida bancos por logistica
ASD_0004647,ASI_001507,CTA_0014,,263.19,0.0,Gasto logistico tercero
ASD_0004648,ASI_001507,CTA_0001,,0.0,263.19,Salida bancos por logistica
ASD_0004649,ASI_001508,CTA_0014,,327.75,0.0,Gasto logistico tercero
ASD_0004650,ASI_001508,CTA_0001,,0.0,327.75,Salida bancos por logistica
ASD_0004651,ASI_001509,CTA_0014,,350.72,0.0,Gasto logistico tercero
ASD_0004652,ASI_001509,CTA_0001,,0.0,350.72,Salida bancos por logistica
ASD_0004653,ASI_001510,CTA_0014,,337.57,0.0,Gasto logistico tercero
ASD_0004654,ASI_001510,CTA_0001,,0.0,337.57,Salida bancos por logistica
ASD_0004655,ASI_001511,CTA_0014,,359.04,0.0,Gasto logistico tercero
ASD_0004656,ASI_001511,CTA_0001,,0.0,359.04,Salida bancos por logistica
ASD_0004657,ASI_001512,CTA_0014,,337.75,0.0,Gasto logistico tercero
ASD_0004658,ASI_001512,CTA_0001,,0.0,337.75,Salida bancos por logistica
ASD_0004659,ASI_001513,CTA_0014,,299.15,0.0,Gasto logistico tercero
ASD_0004660,ASI_001513,CTA_0001,,0.0,299.15,Salida bancos por logistica
ASD_0004661,ASI_001514,CTA_0014,,378.75,0.0,Gasto logistico tercero
ASD_0004662,ASI_001514,CTA_0001,,0.0,378.75,Salida bancos por logistica
ASD_0004663,ASI_001515,CTA_0014,,326.59,0.0,Gasto logistico tercero
ASD_0004664,ASI_001515,CTA_0001,,0.0,326.59,Salida bancos por logistica
ASD_0004665,ASI_001516,CTA_0014,,255.49,0.0,Gasto logistico tercero
ASD_0004666,ASI_001516,CTA_0001,,0.0,255.49,Salida bancos por logistica
ASD_0004667,ASI_001517,CTA_0014,,277.1,0.0,Gasto logistico tercero
ASD_0004668,ASI_001517,CTA_0001,,0.0,277.1,Salida bancos por logistica
ASD_0004669,ASI_001518,CTA_0014,,390.87,0.0,Gasto logistico tercero
ASD_0004670,ASI_001518,CTA_0001,,0.0,390.87,Salida bancos por logistica
ASD_0004671,ASI_001519,CTA_0014,,283.43,0.0,Gasto logistico tercero
ASD_0004672,ASI_001519,CTA_0001,,0.0,283.43,Salida bancos por logistica
ASD_0004673,ASI_001520,CTA_0014,,299.1,0.0,Gasto logistico tercero
ASD_0004674,ASI_001520,CTA_0001,,0.0,299.1,Salida bancos por logistica
ASD_0004675,ASI_001521,CTA_0014,,305.92,0.0,Gasto logistico tercero
ASD_0004676,ASI_001521,CTA_0001,,0.0,305.92,Salida bancos por logistica
ASD_0004677,ASI_001522,CTA_0014,,369.45,0.0,Gasto logistico tercero
ASD_0004678,ASI_001522,CTA_0001,,0.0,369.45,Salida bancos por logistica
ASD_0004679,ASI_001523,CTA_0014,,340.05,0.0,Gasto logistico tercero
ASD_0004680,ASI_001523,CTA_0001,,0.0,340.05,Salida bancos por logistica
ASD_0004681,ASI_001524,CTA_0014,,308.77,0.0,Gasto logistico tercero
ASD_0004682,ASI_001524,CTA_0001,,0.0,308.77,Salida bancos por logistica
ASD_0004683,ASI_001525,CTA_0014,,387.71,0.0,Gasto logistico tercero
ASD_0004684,ASI_001525,CTA_0001,,0.0,387.71,Salida bancos por logistica
ASD_0004685,ASI_001526,CTA_0014,,326.95,0.0,Gasto logistico tercero
ASD_0004686,ASI_001526,CTA_0001,,0.0,326.95,Salida bancos por logistica
ASD_0004687,ASI_001527,CTA_0014,,279.93,0.0,Gasto logistico tercero
ASD_0004688,ASI_001527,CTA_0001,,0.0,279.93,Salida bancos por logistica
ASD_0004689,ASI_001528,CTA_0014,,342.13,0.0,Gasto logistico tercero
ASD_0004690,ASI_001528,CTA_0001,,0.0,342.13,Salida bancos por logistica
ASD_0004691,ASI_001529,CTA_0014,,363.69,0.0,Gasto logistico tercero
ASD_0004692,ASI_001529,CTA_0001,,0.0,363.69,Salida bancos por logistica
ASD_0004693,ASI_001530,CTA_0014,,249.25,0.0,Gasto logistico tercero
ASD_0004694,ASI_001530,CTA_0001,,0.0,249.25,Salida bancos por logistica
ASD_0004695,ASI_001531,CTA_0014,,379.61,0.0,Gasto logistico tercero
ASD_0004696,ASI_001531,CTA_0001,,0.0,379.61,Salida bancos por logistica
ASD_0004697,ASI_001532,CTA_0014,,336.13,0.0,Gasto logistico tercero
ASD_0004698,ASI_001532,CTA_0001,,0.0,336.13,Salida bancos por logistica
ASD_0004699,ASI_001533,CTA_0014,,303.3,0.0,Gasto logistico tercero
ASD_0004700,ASI_001533,CTA_0001,,0.0,303.3,Salida bancos por logistica
ASD_0004701,ASI_001534,CTA_0014,,255.65,0.0,Gasto logistico tercero
ASD_0004702,ASI_001534,CTA_0001,,0.0,255.65,Salida bancos por logistica
ASD_0004703,ASI_001535,CTA_0014,,269.56,0.0,Gasto logistico tercero
ASD_0004704,ASI_001535,CTA_0001,,0.0,269.56,Salida bancos por logistica
ASD_0004705,ASI_001536,CTA_0014,,330.48,0.0,Gasto logistico tercero
ASD_0004706,ASI_001536,CTA_0001,,0.0,330.48,Salida bancos por logistica
ASD_0004707,ASI_001537,CTA_0014,,272.19,0.0,Gasto logistico tercero
ASD_0004708,ASI_001537,CTA_0001,,0.0,272.19,Salida bancos por logistica
ASD_0004709,ASI_001538,CTA_0014,,303.17,0.0,Gasto logistico tercero
ASD_0004710,ASI_001538,CTA_0001,,0.0,303.17,Salida bancos por logistica
ASD_0004711,ASI_001539,CTA_0014,,385.47,0.0,Gasto logistico tercero
ASD_0004712,ASI_001539,CTA_0001,,0.0,385.47,Salida bancos por logistica
ASD_0004713,ASI_001540,CTA_0014,,385.66,0.0,Gasto logistico tercero
ASD_0004714,ASI_001540,CTA_0001,,0.0,385.66,Salida bancos por logistica
ASD_0004715,ASI_001541,CTA_0014,,372.9,0.0,Gasto logistico tercero
ASD_0004716,ASI_001541,CTA_0001,,0.0,372.9,Salida bancos por logistica
ASD_0004717,ASI_001542,CTA_0014,,341.3,0.0,Gasto logistico tercero
ASD_0004718,ASI_001542,CTA_0001,,0.0,341.3,Salida bancos por logistica
ASD_0004719,ASI_001543,CTA_0014,,351.94,0.0,Gasto logistico tercero
ASD_0004720,ASI_001543,CTA_0001,,0.0,351.94,Salida bancos por logistica
ASD_0004721,ASI_001544,CTA_0014,,392.41,0.0,Gasto logistico tercero
ASD_0004722,ASI_001544,CTA_0001,,0.0,392.41,Salida bancos por logistica
ASD_0004723,ASI_001545,CTA_0014,,365.7,0.0,Gasto logistico tercero
ASD_0004724,ASI_001545,CTA_0001,,0.0,365.7,Salida bancos por logistica
ASD_0004725,ASI_001546,CTA_0014,,249.38,0.0,Gasto logistico tercero
ASD_0004726,ASI_001546,CTA_0001,,0.0,249.38,Salida bancos por logistica
ASD_0004727,ASI_001547,CTA_0014,,324.21,0.0,Gasto logistico tercero
ASD_0004728,ASI_001547,CTA_0001,,0.0,324.21,Salida bancos por logistica
ASD_0004729,ASI_001548,CTA_0014,,298.88,0.0,Gasto logistico tercero
ASD_0004730,ASI_001548,CTA_0001,,0.0,298.88,Salida bancos por logistica
ASD_0004731,ASI_001549,CTA_0014,,327.29,0.0,Gasto logistico tercero
ASD_0004732,ASI_001549,CTA_0001,,0.0,327.29,Salida bancos por logistica
ASD_0004733,ASI_001550,CTA_0014,,229.63,0.0,Gasto logistico tercero
ASD_0004734,ASI_001550,CTA_0001,,0.0,229.63,Salida bancos por logistica
ASD_0004735,ASI_001551,CTA_0014,,318.78,0.0,Gasto logistico tercero
ASD_0004736,ASI_001551,CTA_0001,,0.0,318.78,Salida bancos por logistica
ASD_0004737,ASI_001552,CTA_0014,,296.5,0.0,Gasto logistico tercero
ASD_0004738,ASI_001552,CTA_0001,,0.0,296.5,Salida bancos por logistica
ASD_0004739,ASI_001553,CTA_0014,,279.91,0.0,Gasto logistico tercero
ASD_0004740,ASI_001553,CTA_0001,,0.0,279.91,Salida bancos por logistica
ASD_0004741,ASI_001554,CTA_0014,,239.13,0.0,Gasto logistico tercero
ASD_0004742,ASI_001554,CTA_0001,,0.0,239.13,Salida bancos por logistica
ASD_0004743,ASI_001555,CTA_0014,,362.47,0.0,Gasto logistico tercero
ASD_0004744,ASI_001555,CTA_0001,,0.0,362.47,Salida bancos por logistica
ASD_0004745,ASI_001556,CTA_0014,,302.15,0.0,Gasto logistico tercero
ASD_0004746,ASI_001556,CTA_0001,,0.0,302.15,Salida bancos por logistica
ASD_0004747,ASI_001557,CTA_0014,,339.22,0.0,Gasto logistico tercero
ASD_0004748,ASI_001557,CTA_0001,,0.0,339.22,Salida bancos por logistica
ASD_0004749,ASI_001558,CTA_0014,,310.73,0.0,Gasto logistico tercero
ASD_0004750,ASI_001558,CTA_0001,,0.0,310.73,Salida bancos por logistica
ASD_0004751,ASI_001559,CTA_0014,,320.72,0.0,Gasto logistico tercero
ASD_0004752,ASI_001559,CTA_0001,,0.0,320.72,Salida bancos por logistica
ASD_0004753,ASI_001560,CTA_0014,,317.67,0.0,Gasto logistico tercero
ASD_0004754,ASI_001560,CTA_0001,,0.0,317.67,Salida bancos por logistica
ASD_0004755,ASI_001561,CTA_0014,,321.42,0.0,Gasto logistico tercero
ASD_0004756,ASI_001561,CTA_0001,,0.0,321.42,Salida bancos por logistica
ASD_0004757,ASI_001562,CTA_0014,,325.86,0.0,Gasto logistico tercero
ASD_0004758,ASI_001562,CTA_0001,,0.0,325.86,Salida bancos por logistica
ASD_0004759,ASI_001563,CTA_0014,,374.17,0.0,Gasto logistico tercero
ASD_0004760,ASI_001563,CTA_0001,,0.0,374.17,Salida bancos por logistica
ASD_0004761,ASI_001564,CTA_0014,,301.53,0.0,Gasto logistico tercero
ASD_0004762,ASI_001564,CTA_0001,,0.0,301.53,Salida bancos por logistica
ASD_0004763,ASI_001565,CTA_0014,,379.63,0.0,Gasto logistico tercero
ASD_0004764,ASI_001565,CTA_0001,,0.0,379.63,Salida bancos por logistica
ASD_0004765,ASI_001566,CTA_0014,,338.32,0.0,Gasto logistico tercero
ASD_0004766,ASI_001566,CTA_0001,,0.0,338.32,Salida bancos por logistica
ASD_0004767,ASI_001567,CTA_0014,,362.17,0.0,Gasto logistico tercero
ASD_0004768,ASI_001567,CTA_0001,,0.0,362.17,Salida bancos por logistica
ASD_0004769,ASI_001568,CTA_0014,,351.84,0.0,Gasto logistico tercero
ASD_0004770,ASI_001568,CTA_0001,,0.0,351.84,Salida bancos por logistica
ASD_0004771,ASI_001569,CTA_0014,,293.41,0.0,Gasto logistico tercero
ASD_0004772,ASI_001569,CTA_0001,,0.0,293.41,Salida bancos por logistica
ASD_0004773,ASI_001570,CTA_0014,,381.48,0.0,Gasto logistico tercero
ASD_0004774,ASI_001570,CTA_0001,,0.0,381.48,Salida bancos por logistica
ASD_0004775,ASI_001571,CTA_0014,,262.08,0.0,Gasto logistico tercero
ASD_0004776,ASI_001571,CTA_0001,,0.0,262.08,Salida bancos por logistica
ASD_0004777,ASI_001572,CTA_0014,,242.64,0.0,Gasto logistico tercero
ASD_0004778,ASI_001572,CTA_0001,,0.0,242.64,Salida bancos por logistica
ASD_0004779,ASI_001573,CTA_0014,,364.58,0.0,Gasto logistico tercero
ASD_0004780,ASI_001573,CTA_0001,,0.0,364.58,Salida bancos por logistica
ASD_0004781,ASI_001574,CTA_0014,,315.43,0.0,Gasto logistico tercero
ASD_0004782,ASI_001574,CTA_0001,,0.0,315.43,Salida bancos por logistica
ASD_0004783,ASI_001575,CTA_0014,,356.08,0.0,Gasto logistico tercero
ASD_0004784,ASI_001575,CTA_0001,,0.0,356.08,Salida bancos por logistica
ASD_0004785,ASI_001576,CTA_0014,,306.08,0.0,Gasto logistico tercero
ASD_0004786,ASI_001576,CTA_0001,,0.0,306.08,Salida bancos por logistica
ASD_0004787,ASI_001577,CTA_0014,,271.4,0.0,Gasto logistico tercero
ASD_0004788,ASI_001577,CTA_0001,,0.0,271.4,Salida bancos por logistica
ASD_0004789,ASI_001578,CTA_0014,,331.44,0.0,Gasto logistico tercero
ASD_0004790,ASI_001578,CTA_0001,,0.0,331.44,Salida bancos por logistica
ASD_0004791,ASI_001579,CTA_0009,,7638.88,0.0,Cancelacion cargas sociales
ASD_0004792,ASI_001579,CTA_0001,,0.0,7638.88,Salida bancos por impuestos
ASD_0004793,ASI_001580,CTA_0009,,7654.27,0.0,Cancelacion cargas sociales
ASD_0004794,ASI_001580,CTA_0001,,0.0,7654.27,Salida bancos por impuestos
ASD_0004795,ASI_001581,CTA_0009,,7660.62,0.0,Cancelacion cargas sociales
ASD_0004796,ASI_001581,CTA_0001,,0.0,7660.62,Salida bancos por impuestos
ASD_0004797,ASI_001582,CTA_0009,,7624.92,0.0,Cancelacion cargas sociales
ASD_0004798,ASI_001582,CTA_0001,,0.0,7624.92,Salida bancos por impuestos
ASD_0004799,ASI_001583,CTA_0009,,7982.33,0.0,Cancelacion cargas sociales
ASD_0004800,ASI_001583,CTA_0001,,0.0,7982.33,Salida bancos por impuestos
ASD_0004801,ASI_001584,CTA_0009,,8052.95,0.0,Cancelacion cargas sociales
ASD_0004802,ASI_001584,CTA_0001,,0.0,8052.95,Salida bancos por impuestos
ASD_0004803,ASI_001585,CTA_0007,,8878.67,0.0,Cancelacion IVA debito
ASD_0004804,ASI_001585,CTA_0009,,7710.65,0.0,Cancelacion cargas sociales
ASD_0004805,ASI_001585,CTA_0001,,0.0,16589.32,Salida bancos por impuestos
ASD_0004806,ASI_001586,CTA_0007,,10785.99,0.0,Cancelacion IVA debito
ASD_0004807,ASI_001586,CTA_0009,,7609.94,0.0,Cancelacion cargas sociales
ASD_0004808,ASI_001586,CTA_0001,,0.0,18395.93,Salida bancos por impuestos
ASD_0004809,ASI_001587,CTA_0007,,14041.14,0.0,Cancelacion IVA debito
ASD_0004810,ASI_001587,CTA_0009,,7663.94,0.0,Cancelacion cargas sociales
ASD_0004811,ASI_001587,CTA_0001,,0.0,21705.08,Salida bancos por impuestos
ASD_0004812,ASI_001588,CTA_0007,,14953.19,0.0,Cancelacion IVA debito
ASD_0004813,ASI_001588,CTA_0009,,8008.46,0.0,Cancelacion cargas sociales
ASD_0004814,ASI_001588,CTA_0001,,0.0,22961.65,Salida bancos por impuestos
ASD_0004815,ASI_001589,CTA_0007,,28361.9,0.0,Cancelacion IVA debito
ASD_0004816,ASI_001589,CTA_0009,,8097.45,0.0,Cancelacion cargas sociales
ASD_0004817,ASI_001589,CTA_0001,,0.0,36459.35,Salida bancos por impuestos
ASD_0004818,ASI_001590,CTA_0007,,85892.34,0.0,Cancelacion IVA debito
ASD_0004819,ASI_001590,CTA_0009,,7683.62,0.0,Cancelacion cargas sociales
ASD_0004820,ASI_001590,CTA_0001,,0.0,93575.96,Salida bancos por impuestos
ASD_0004821,ASI_001591,CTA_0007,,39260.21,0.0,Cancelacion IVA debito
ASD_0004822,ASI_001591,CTA_0009,,7640.37,0.0,Cancelacion cargas sociales
ASD_0004823,ASI_001591,CTA_0001,,0.0,46900.58,Salida bancos por impuestos
ASD_0004824,ASI_001592,CTA_0007,,57785.37,0.0,Cancelacion IVA debito
ASD_0004825,ASI_001592,CTA_0009,,7599.76,0.0,Cancelacion cargas sociales
ASD_0004826,ASI_001592,CTA_0001,,0.0,65385.13,Salida bancos por impuestos
ASD_0004827,ASI_001593,CTA_0007,,30903.72,0.0,Cancelacion IVA debito
ASD_0004828,ASI_001593,CTA_0009,,7618.1,0.0,Cancelacion cargas sociales
ASD_0004829,ASI_001593,CTA_0001,,0.0,38521.82,Salida bancos por impuestos
ASD_0004830,ASI_001594,CTA_0009,,7583.43,0.0,Cancelacion cargas sociales
ASD_0004831,ASI_001594,CTA_0001,,0.0,7583.43,Salida bancos por impuestos
ASD_0004832,ASI_001595,CTA_0009,,8004.6,0.0,Cancelacion cargas sociales
ASD_0004833,ASI_001595,CTA_0001,,0.0,8004.6,Salida bancos por impuestos
ASD_0004834,ASI_001596,CTA_0009,,8108.53,0.0,Cancelacion cargas sociales
ASD_0004835,ASI_001596,CTA_0001,,0.0,8108.53,Salida bancos por impuestos
ASD_0004836,ASI_001597,CTA_0007,,53402.57,0.0,Cancelacion IVA debito
ASD_0004837,ASI_001597,CTA_0009,,7623.8,0.0,Cancelacion cargas sociales
ASD_0004838,ASI_001597,CTA_0001,,0.0,61026.37,Salida bancos por impuestos
ASD_0004839,ASI_001598,CTA_0009,,7676.88,0.0,Cancelacion cargas sociales
ASD_0004840,ASI_001598,CTA_0001,,0.0,7676.88,Salida bancos por impuestos
ASD_0004841,ASI_001599,CTA_0009,,7637.06,0.0,Cancelacion cargas sociales
ASD_0004842,ASI_001599,CTA_0001,,0.0,7637.06,Salida bancos por impuestos
ASD_0004843,ASI_001600,CTA_0007,,23535.28,0.0,Cancelacion IVA debito
ASD_0004844,ASI_001600,CTA_0009,,8111.36,0.0,Cancelacion cargas sociales
ASD_0004845,ASI_001600,CTA_0001,,0.0,31646.64,Salida bancos por impuestos
ASD_0004846,ASI_001601,CTA_0007,,51432.93,0.0,Cancelacion IVA debito
ASD_0004847,ASI_001601,CTA_0009,,8035.99,0.0,Cancelacion cargas sociales
ASD_0004848,ASI_001601,CTA_0001,,0.0,59468.92,Salida bancos por impuestos
ASD_0004849,ASI_001602,CTA_0007,,116296.9,0.0,Cancelacion IVA debito
ASD_0004850,ASI_001602,CTA_0009,,7652.81,0.0,Cancelacion cargas sociales
ASD_0004851,ASI_001602,CTA_0001,,0.0,123949.71,Salida bancos por impuestos
ASD_0004852,ASI_001603,CTA_0007,,70869.35,0.0,Cancelacion IVA debito
ASD_0004853,ASI_001603,CTA_0009,,7676.23,0.0,Cancelacion cargas sociales
ASD_0004854,ASI_001603,CTA_0001,,0.0,78545.58,Salida bancos por impuestos
ASD_0004855,ASI_001604,CTA_0007,,37407.74,0.0,Cancelacion IVA debito
ASD_0004856,ASI_001604,CTA_0009,,7618.61,0.0,Cancelacion cargas sociales
ASD_0004857,ASI_001604,CTA_0001,,0.0,45026.35,Salida bancos por impuestos
ASD_0004858,ASI_001605,CTA_0007,,59797.5,0.0,Cancelacion IVA debito
ASD_0004859,ASI_001605,CTA_0009,,7653.23,0.0,Cancelacion cargas sociales
ASD_0004860,ASI_001605,CTA_0001,,0.0,67450.73,Salida bancos por impuestos
ASD_0004861,ASI_001606,CTA_0007,,13285.45,0.0,Cancelacion IVA debito
ASD_0004862,ASI_001606,CTA_0009,,7614.59,0.0,Cancelacion cargas sociales
ASD_0004863,ASI_001606,CTA_0001,,0.0,20900.04,Salida bancos por impuestos
ASD_0004864,ASI_001607,CTA_0009,,8090.76,0.0,Cancelacion cargas sociales
ASD_0004865,ASI_001607,CTA_0001,,0.0,8090.76,Salida bancos por impuestos
ASD_0004866,ASI_001608,CTA_0009,,8033.66,0.0,Cancelacion cargas sociales
ASD_0004867,ASI_001608,CTA_0001,,0.0,8033.66,Salida bancos por impuestos
ASD_0004868,ASI_001609,CTA_0013,,41.0,0.0,Gasto de mantenimiento
ASD_0004869,ASI_001609,CTA_0004,,0.0,41.0,Salida de inventario de repuestos
ASD_0004870,ASI_001610,CTA_0013,,41.0,0.0,Gasto de mantenimiento
ASD_0004871,ASI_001610,CTA_0004,,0.0,41.0,Salida de inventario de repuestos
ASD_0004872,ASI_001611,CTA_0013,,41.0,0.0,Gasto de mantenimiento
ASD_0004873,ASI_001611,CTA_0004,,0.0,41.0,Salida de inventario de repuestos
ASD_0004874,ASI_001612,CTA_0013,,41.0,0.0,Gasto de mantenimiento
ASD_0004875,ASI_001612,CTA_0004,,0.0,41.0,Salida de inventario de repuestos
ASD_0004876,ASI_001613,CTA_0013,,41.0,0.0,Gasto de mantenimiento
ASD_0004877,ASI_001613,CTA_0004,,0.0,41.0,Salida de inventario de repuestos
ASD_0004878,ASI_001614,CTA_0013,,41.0,0.0,Gasto de mantenimiento
ASD_0004879,ASI_001614,CTA_0004,,0.0,41.0,Salida de inventario de repuestos
ASD_0004880,ASI_001615,CTA_0013,,41.0,0.0,Gasto de mantenimiento
ASD_0004881,ASI_001615,CTA_0004,,0.0,41.0,Salida de inventario de repuestos
ASD_0004882,ASI_001616,CTA_0013,,41.0,0.0,Gasto de mantenimiento
ASD_0004883,ASI_001616,CTA_0004,,0.0,41.0,Salida de inventario de repuestos
ASD_0004884,ASI_001617,CTA_0013,,41.0,0.0,Gasto de mantenimiento
ASD_0004885,ASI_001617,CTA_0004,,0.0,41.0,Salida de inventario de repuestos
ASD_0004886,ASI_001618,CTA_0013,,41.0,0.0,Gasto de mantenimiento
ASD_0004887,ASI_001618,CTA_0004,,0.0,41.0,Salida de inventario de repuestos
ASD_0004888,ASI_001619,CTA_0013,,41.0,0.0,Gasto de mantenimiento
ASD_0004889,ASI_001619,CTA_0004,,0.0,41.0,Salida de inventario de repuestos
ASD_0004890,ASI_001620,CTA_0013,,41.0,0.0,Gasto de mantenimiento
ASD_0004891,ASI_001620,CTA_0004,,0.0,41.0,Salida de inventario de repuestos
ASD_0004892,ASI_001621,CTA_0013,,41.0,0.0,Gasto de mantenimiento
ASD_0004893,ASI_001621,CTA_0004,,0.0,41.0,Salida de inventario de repuestos
ASD_0004894,ASI_001622,CTA_0013,,41.0,0.0,Gasto de mantenimiento
ASD_0004895,ASI_001622,CTA_0004,,0.0,41.0,Salida de inventario de repuestos
ASD_0004896,ASI_001623,CTA_0013,,41.0,0.0,Gasto de mantenimiento
ASD_0004897,ASI_001623,CTA_0004,,0.0,41.0,Salida de inventario de repuestos
ASD_0004898,ASI_001624,CTA_0013,,41.0,0.0,Gasto de mantenimiento
ASD_0004899,ASI_001624,CTA_0004,,0.0,41.0,Salida de inventario de repuestos
ASD_0004900,ASI_001625,CTA_0013,,41.0,0.0,Gasto de mantenimiento
ASD_0004901,ASI_001625,CTA_0004,,0.0,41.0,Salida de inventario de repuestos
ASD_0004902,ASI_001626,CTA_0013,,41.0,0.0,Gasto de mantenimiento
ASD_0004903,ASI_001626,CTA_0004,,0.0,41.0,Salida de inventario de repuestos
ASD_0004904,ASI_001627,CTA_0013,,41.0,0.0,Gasto de mantenimiento
ASD_0004905,ASI_001627,CTA_0004,,0.0,41.0,Salida de inventario de repuestos
ASD_0004906,ASI_001628,CTA_0013,,41.0,0.0,Gasto de mantenimiento
ASD_0004907,ASI_001628,CTA_0004,,0.0,41.0,Salida de inventario de repuestos
ASD_0004908,ASI_001629,CTA_0013,,41.0,0.0,Gasto de mantenimiento
ASD_0004909,ASI_001629,CTA_0004,,0.0,41.0,Salida de inventario de repuestos
ASD_0004910,ASI_001630,CTA_0013,,41.0,0.0,Gasto de mantenimiento
ASD_0004911,ASI_001630,CTA_0004,,0.0,41.0,Salida de inventario de repuestos
ASD_0004912,ASI_001631,CTA_0013,,41.0,0.0,Gasto de mantenimiento
ASD_0004913,ASI_001631,CTA_0004,,0.0,41.0,Salida de inventario de repuestos
ASD_0004914,ASI_001632,CTA_0013,,41.0,0.0,Gasto de mantenimiento
ASD_0004915,ASI_001632,CTA_0004,,0.0,41.0,Salida de inventario de repuestos
ASD_0004916,ASI_001633,CTA_0013,,41.0,0.0,Gasto de mantenimiento
ASD_0004917,ASI_001633,CTA_0004,,0.0,41.0,Salida de inventario de repuestos
ASD_0004918,ASI_001634,CTA_0013,,41.0,0.0,Gasto de mantenimiento
ASD_0004919,ASI_001634,CTA_0004,,0.0,41.0,Salida de inventario de repuestos
ASD_0004920,ASI_001635,CTA_0013,,41.0,0.0,Gasto de mantenimiento
ASD_0004921,ASI_001635,CTA_0004,,0.0,41.0,Salida de inventario de repuestos
ASD_0004922,ASI_001636,CTA_0013,,41.0,0.0,Gasto de mantenimiento
ASD_0004923,ASI_001636,CTA_0004,,0.0,41.0,Salida de inventario de repuestos
ASD_0004924,ASI_001637,CTA_0013,,41.0,0.0,Gasto de mantenimiento
ASD_0004925,ASI_001637,CTA_0004,,0.0,41.0,Salida de inventario de repuestos
ASD_0004926,ASI_001638,CTA_0013,,41.0,0.0,Gasto de mantenimiento
ASD_0004927,ASI_001638,CTA_0004,,0.0,41.0,Salida de inventario de repuestos
ASD_0004928,ASI_001639,CTA_0013,,68.0,0.0,Gasto de mantenimiento
ASD_0004929,ASI_001639,CTA_0004,,0.0,68.0,Salida de inventario de repuestos
ASD_0004930,ASI_001640,CTA_0013,,41.0,0.0,Gasto de mantenimiento
ASD_0004931,ASI_001640,CTA_0004,,0.0,41.0,Salida de inventario de repuestos
ASD_0004932,ASI_001641,CTA_0013,,41.0,0.0,Gasto de mantenimiento
ASD_0004933,ASI_001641,CTA_0004,,0.0,41.0,Salida de inventario de repuestos
ASD_0004934,ASI_001642,CTA_0013,,41.0,0.0,Gasto de mantenimiento
ASD_0004935,ASI_001642,CTA_0004,,0.0,41.0,Salida de inventario de repuestos
ASD_0004936,ASI_001643,CTA_0013,,41.0,0.0,Gasto de mantenimiento
ASD_0004937,ASI_001643,CTA_0004,,0.0,41.0,Salida de inventario de repuestos
ASD_0004938,ASI_001644,CTA_0013,,41.0,0.0,Gasto de mantenimiento
ASD_0004939,ASI_001644,CTA_0004,,0.0,41.0,Salida de inventario de repuestos
ASD_0004940,ASI_001645,CTA_0013,,41.0,0.0,Gasto de mantenimiento
ASD_0004941,ASI_001645,CTA_0004,,0.0,41.0,Salida de inventario de repuestos
ASD_0004942,ASI_001646,CTA_0013,,41.0,0.0,Gasto de mantenimiento
ASD_0004943,ASI_001646,CTA_0004,,0.0,41.0,Salida de inventario de repuestos
ASD_0004944,ASI_001647,CTA_0013,,41.0,0.0,Gasto de mantenimiento
ASD_0004945,ASI_001647,CTA_0004,,0.0,41.0,Salida de inventario de repuestos
ASD_0004946,ASI_001648,CTA_0013,,41.0,0.0,Gasto de mantenimiento
ASD_0004947,ASI_001648,CTA_0004,,0.0,41.0,Salida de inventario de repuestos
ASD_0004948,ASI_001649,CTA_0013,,41.0,0.0,Gasto de mantenimiento
ASD_0004949,ASI_001649,CTA_0004,,0.0,41.0,Salida de inventario de repuestos
ASD_0004950,ASI_001650,CTA_0013,,41.0,0.0,Gasto de mantenimiento
ASD_0004951,ASI_001650,CTA_0004,,0.0,41.0,Salida de inventario de repuestos
ASD_0004952,ASI_001651,CTA_0013,,41.0,0.0,Gasto de mantenimiento
ASD_0004953,ASI_001651,CTA_0004,,0.0,41.0,Salida de inventario de repuestos
ASD_0004954,ASI_001652,CTA_0013,,41.0,0.0,Gasto de mantenimiento
ASD_0004955,ASI_001652,CTA_0004,,0.0,41.0,Salida de inventario de repuestos
ASD_0004956,ASI_001653,CTA_0013,,41.0,0.0,Gasto de mantenimiento
ASD_0004957,ASI_001653,CTA_0004,,0.0,41.0,Salida de inventario de repuestos
ASD_0004958,ASI_001654,CTA_0013,,41.0,0.0,Gasto de mantenimiento
ASD_0004959,ASI_001654,CTA_0004,,0.0,41.0,Salida de inventario de repuestos
ASD_0004960,ASI_001655,CTA_0013,,41.0,0.0,Gasto de mantenimiento
ASD_0004961,ASI_001655,CTA_0004,,0.0,41.0,Salida de inventario de repuestos
ASD_0004962,ASI_001656,CTA_0013,,41.0,0.0,Gasto de mantenimiento
ASD_0004963,ASI_001656,CTA_0004,,0.0,41.0,Salida de inventario de repuestos
ASD_0004964,ASI_001657,CTA_0013,,41.0,0.0,Gasto de mantenimiento
ASD_0004965,ASI_001657,CTA_0004,,0.0,41.0,Salida de inventario de repuestos
ASD_0004966,ASI_001658,CTA_0013,,41.0,0.0,Gasto de mantenimiento
ASD_0004967,ASI_001658,CTA_0004,,0.0,41.0,Salida de inventario de repuestos
ASD_0004968,ASI_001659,CTA_0013,,41.0,0.0,Gasto de mantenimiento
ASD_0004969,ASI_001659,CTA_0004,,0.0,41.0,Salida de inventario de repuestos
ASD_0004970,ASI_001660,CTA_0013,,41.0,0.0,Gasto de mantenimiento
ASD_0004971,ASI_001660,CTA_0004,,0.0,41.0,Salida de inventario de repuestos
ASD_0004972,ASI_001661,CTA_0013,,41.0,0.0,Gasto de mantenimiento
ASD_0004973,ASI_001661,CTA_0004,,0.0,41.0,Salida de inventario de repuestos
ASD_0004974,ASI_001662,CTA_0013,,41.0,0.0,Gasto de mantenimiento
ASD_0004975,ASI_001662,CTA_0004,,0.0,41.0,Salida de inventario de repuestos
ASD_0004976,ASI_001663,CTA_0013,,41.0,0.0,Gasto de mantenimiento
ASD_0004977,ASI_001663,CTA_0004,,0.0,41.0,Salida de inventario de repuestos
ASD_0004978,ASI_001664,CTA_0013,,41.0,0.0,Gasto de mantenimiento
ASD_0004979,ASI_001664,CTA_0004,,0.0,41.0,Salida de inventario de repuestos
ASD_0004980,ASI_001665,CTA_0013,,41.0,0.0,Gasto de mantenimiento
ASD_0004981,ASI_001665,CTA_0004,,0.0,41.0,Salida de inventario de repuestos
ASD_0004982,ASI_001666,CTA_0013,,41.0,0.0,Gasto de mantenimiento
ASD_0004983,ASI_001666,CTA_0004,,0.0,41.0,Salida de inventario de repuestos
ASD_0004984,ASI_001667,CTA_0013,,41.0,0.0,Gasto de mantenimiento
ASD_0004985,ASI_001667,CTA_0004,,0.0,41.0,Salida de inventario de repuestos
ASD_0004986,ASI_001668,CTA_0013,,41.0,0.0,Gasto de mantenimiento
ASD_0004987,ASI_001668,CTA_0004,,0.0,41.0,Salida de inventario de repuestos
ASD_0004988,ASI_001669,CTA_0013,,41.0,0.0,Gasto de mantenimiento
ASD_0004989,ASI_001669,CTA_0004,,0.0,41.0,Salida de inventario de repuestos
ASD_0004990,ASI_001670,CTA_0013,,68.0,0.0,Gasto de mantenimiento
ASD_0004991,ASI_001670,CTA_0004,,0.0,68.0,Salida de inventario de repuestos
ASD_0004992,ASI_001671,CTA_0013,,110.0,0.0,Gasto de mantenimiento
ASD_0004993,ASI_001671,CTA_0004,,0.0,110.0,Salida de inventario de repuestos
ASD_0004994,ASI_001672,CTA_0013,,41.0,0.0,Gasto de mantenimiento
ASD_0004995,ASI_001672,CTA_0004,,0.0,41.0,Salida de inventario de repuestos
ASD_0004996,ASI_001673,CTA_0013,,41.0,0.0,Gasto de mantenimiento
ASD_0004997,ASI_001673,CTA_0004,,0.0,41.0,Salida de inventario de repuestos
ASD_0004998,ASI_001674,CTA_0013,,41.0,0.0,Gasto de mantenimiento
ASD_0004999,ASI_001674,CTA_0004,,0.0,41.0,Salida de inventario de repuestos
ASD_0005000,ASI_001675,CTA_0013,,41.0,0.0,Gasto de mantenimiento
ASD_0005001,ASI_001675,CTA_0004,,0.0,41.0,Salida de inventario de repuestos
ASD_0005002,ASI_001676,CTA_0013,,41.0,0.0,Gasto de mantenimiento
ASD_0005003,ASI_001676,CTA_0004,,0.0,41.0,Salida de inventario de repuestos
ASD_0005004,ASI_001677,CTA_0013,,41.0,0.0,Gasto de mantenimiento
ASD_0005005,ASI_001677,CTA_0004,,0.0,41.0,Salida de inventario de repuestos
ASD_0005006,ASI_001678,CTA_0013,,41.0,0.0,Gasto de mantenimiento
ASD_0005007,ASI_001678,CTA_0004,,0.0,41.0,Salida de inventario de repuestos
ASD_0005008,ASI_001679,CTA_0013,,41.0,0.0,Gasto de mantenimiento
ASD_0005009,ASI_001679,CTA_0004,,0.0,41.0,Salida de inventario de repuestos
ASD_0005010,ASI_001680,CTA_0013,,41.0,0.0,Gasto de mantenimiento
ASD_0005011,ASI_001680,CTA_0004,,0.0,41.0,Salida de inventario de repuestos
ASD_0005012,ASI_001681,CTA_0013,,41.0,0.0,Gasto de mantenimiento
ASD_0005013,ASI_001681,CTA_0004,,0.0,41.0,Salida de inventario de repuestos
ASD_0005014,ASI_001682,CTA_0013,,41.0,0.0,Gasto de mantenimiento
ASD_0005015,ASI_001682,CTA_0004,,0.0,41.0,Salida de inventario de repuestos
ASD_0005016,ASI_001683,CTA_0013,,41.0,0.0,Gasto de mantenimiento
ASD_0005017,ASI_001683,CTA_0004,,0.0,41.0,Salida de inventario de repuestos
ASD_0005018,ASI_001684,CTA_0013,,41.0,0.0,Gasto de mantenimiento
ASD_0005019,ASI_001684,CTA_0004,,0.0,41.0,Salida de inventario de repuestos
ASD_0005020,ASI_001685,CTA_0013,,41.0,0.0,Gasto de mantenimiento
ASD_0005021,ASI_001685,CTA_0004,,0.0,41.0,Salida de inventario de repuestos
ASD_0005022,ASI_001686,CTA_0013,,41.0,0.0,Gasto de mantenimiento
ASD_0005023,ASI_001686,CTA_0004,,0.0,41.0,Salida de inventario de repuestos
ASD_0005024,ASI_001687,CTA_0013,,41.0,0.0,Gasto de mantenimiento
ASD_0005025,ASI_001687,CTA_0004,,0.0,41.0,Salida de inventario de repuestos
ASD_0005026,ASI_001688,CTA_0013,,41.0,0.0,Gasto de mantenimiento
ASD_0005027,ASI_001688,CTA_0004,,0.0,41.0,Salida de inventario de repuestos
ASD_0005028,ASI_001689,CTA_0013,,41.0,0.0,Gasto de mantenimiento
ASD_0005029,ASI_001689,CTA_0004,,0.0,41.0,Salida de inventario de repuestos
ASD_0005030,ASI_001690,CTA_0013,,41.0,0.0,Gasto de mantenimiento
ASD_0005031,ASI_001690,CTA_0004,,0.0,41.0,Salida de inventario de repuestos
ASD_0005032,ASI_001691,CTA_0013,,41.0,0.0,Gasto de mantenimiento
ASD_0005033,ASI_001691,CTA_0004,,0.0,41.0,Salida de inventario de repuestos
ASD_0005034,ASI_001692,CTA_0013,,41.0,0.0,Gasto de mantenimiento
ASD_0005035,ASI_001692,CTA_0004,,0.0,41.0,Salida de inventario de repuestos
ASD_0005036,ASI_001693,CTA_0013,,41.0,0.0,Gasto de mantenimiento
ASD_0005037,ASI_001693,CTA_0004,,0.0,41.0,Salida de inventario de repuestos
ASD_0005038,ASI_001694,CTA_0013,,41.0,0.0,Gasto de mantenimiento
ASD_0005039,ASI_001694,CTA_0004,,0.0,41.0,Salida de inventario de repuestos
ASD_0005040,ASI_001695,CTA_0013,,41.0,0.0,Gasto de mantenimiento
ASD_0005041,ASI_001695,CTA_0004,,0.0,41.0,Salida de inventario de repuestos
ASD_0005042,ASI_001696,CTA_0013,,41.0,0.0,Gasto de mantenimiento
ASD_0005043,ASI_001696,CTA_0004,,0.0,41.0,Salida de inventario de repuestos
ASD_0005044,ASI_001697,CTA_0013,,41.0,0.0,Gasto de mantenimiento
ASD_0005045,ASI_001697,CTA_0004,,0.0,41.0,Salida de inventario de repuestos
ASD_0005046,ASI_001698,CTA_0013,,41.0,0.0,Gasto de mantenimiento
ASD_0005047,ASI_001698,CTA_0004,,0.0,41.0,Salida de inventario de repuestos
ASD_0005048,ASI_001699,CTA_0013,,41.0,0.0,Gasto de mantenimiento
ASD_0005049,ASI_001699,CTA_0004,,0.0,41.0,Salida de inventario de repuestos
ASD_0005050,ASI_001700,CTA_0013,,41.0,0.0,Gasto de mantenimiento
ASD_0005051,ASI_001700,CTA_0004,,0.0,41.0,Salida de inventario de repuestos
ASD_0005052,ASI_001701,CTA_0013,,41.0,0.0,Gasto de mantenimiento
ASD_0005053,ASI_001701,CTA_0004,,0.0,41.0,Salida de inventario de repuestos
ASD_0005054,ASI_001702,CTA_0013,,110.0,0.0,Gasto de mantenimiento
ASD_0005055,ASI_001702,CTA_0004,,0.0,110.0,Salida de inventario de repuestos
ASD_0005056,ASI_001703,CTA_0013,,41.0,0.0,Gasto de mantenimiento
ASD_0005057,ASI_001703,CTA_0004,,0.0,41.0,Salida de inventario de repuestos
ASD_0005058,ASI_001704,CTA_0013,,41.0,0.0,Gasto de mantenimiento
ASD_0005059,ASI_001704,CTA_0004,,0.0,41.0,Salida de inventario de repuestos
ASD_0005060,ASI_001705,CTA_0013,,41.0,0.0,Gasto de mantenimiento
ASD_0005061,ASI_001705,CTA_0004,,0.0,41.0,Salida de inventario de repuestos
ASD_0005062,ASI_001706,CTA_0013,,41.0,0.0,Gasto de mantenimiento
ASD_0005063,ASI_001706,CTA_0004,,0.0,41.0,Salida de inventario de repuestos
ASD_0005064,ASI_001707,CTA_0013,,41.0,0.0,Gasto de mantenimiento
ASD_0005065,ASI_001707,CTA_0004,,0.0,41.0,Salida de inventario de repuestos
ASD_0005066,ASI_001708,CTA_0013,,41.0,0.0,Gasto de mantenimiento
ASD_0005067,ASI_001708,CTA_0004,,0.0,41.0,Salida de inventario de repuestos
ASD_0005068,ASI_001709,CTA_0013,,41.0,0.0,Gasto de mantenimiento
ASD_0005069,ASI_001709,CTA_0004,,0.0,41.0,Salida de inventario de repuestos
ASD_0005070,ASI_001710,CTA_0013,,41.0,0.0,Gasto de mantenimiento
ASD_0005071,ASI_001710,CTA_0004,,0.0,41.0,Salida de inventario de repuestos
ASD_0005072,ASI_001711,CTA_0013,,41.0,0.0,Gasto de mantenimiento
ASD_0005073,ASI_001711,CTA_0004,,0.0,41.0,Salida de inventario de repuestos
ASD_0005074,ASI_001712,CTA_0013,,41.0,0.0,Gasto de mantenimiento
ASD_0005075,ASI_001712,CTA_0004,,0.0,41.0,Salida de inventario de repuestos
ASD_0005076,ASI_001713,CTA_0013,,41.0,0.0,Gasto de mantenimiento
ASD_0005077,ASI_001713,CTA_0004,,0.0,41.0,Salida de inventario de repuestos
ASD_0005078,ASI_001714,CTA_0013,,41.0,0.0,Gasto de mantenimiento
ASD_0005079,ASI_001714,CTA_0004,,0.0,41.0,Salida de inventario de repuestos
ASD_0005080,ASI_001715,CTA_0013,,41.0,0.0,Gasto de mantenimiento
ASD_0005081,ASI_001715,CTA_0004,,0.0,41.0,Salida de inventario de repuestos
ASD_0005082,ASI_001716,CTA_0013,,41.0,0.0,Gasto de mantenimiento
ASD_0005083,ASI_001716,CTA_0004,,0.0,41.0,Salida de inventario de repuestos
ASD_0005084,ASI_001717,CTA_0013,,41.0,0.0,Gasto de mantenimiento
ASD_0005085,ASI_001717,CTA_0004,,0.0,41.0,Salida de inventario de repuestos
ASD_0005086,ASI_001718,CTA_0013,,41.0,0.0,Gasto de mantenimiento
ASD_0005087,ASI_001718,CTA_0004,,0.0,41.0,Salida de inventario de repuestos
ASD_0005088,ASI_001719,CTA_0013,,41.0,0.0,Gasto de mantenimiento
ASD_0005089,ASI_001719,CTA_0004,,0.0,41.0,Salida de inventario de repuestos
ASD_0005090,ASI_001720,CTA_0013,,41.0,0.0,Gasto de mantenimiento
ASD_0005091,ASI_001720,CTA_0004,,0.0,41.0,Salida de inventario de repuestos
ASD_0005092,ASI_001721,CTA_0013,,41.0,0.0,Gasto de mantenimiento
ASD_0005093,ASI_001721,CTA_0004,,0.0,41.0,Salida de inventario de repuestos
ASD_0005094,ASI_001722,CTA_0013,,41.0,0.0,Gasto de mantenimiento
ASD_0005095,ASI_001722,CTA_0004,,0.0,41.0,Salida de inventario de repuestos
ASD_0005096,ASI_001723,CTA_0013,,41.0,0.0,Gasto de mantenimiento
ASD_0005097,ASI_001723,CTA_0004,,0.0,41.0,Salida de inventario de repuestos
ASD_0005098,ASI_001724,CTA_0013,,41.0,0.0,Gasto de mantenimiento
ASD_0005099,ASI_001724,CTA_0004,,0.0,41.0,Salida de inventario de repuestos
ASD_0005100,ASI_001725,CTA_0013,,41.0,0.0,Gasto de mantenimiento
ASD_0005101,ASI_001725,CTA_0004,,0.0,41.0,Salida de inventario de repuestos
ASD_0005102,ASI_001726,CTA_0013,,41.0,0.0,Gasto de mantenimiento
ASD_0005103,ASI_001726,CTA_0004,,0.0,41.0,Salida de inventario de repuestos
ASD_0005104,ASI_001727,CTA_0013,,41.0,0.0,Gasto de mantenimiento
ASD_0005105,ASI_001727,CTA_0004,,0.0,41.0,Salida de inventario de repuestos
ASD_0005106,ASI_001728,CTA_0013,,41.0,0.0,Gasto de mantenimiento
ASD_0005107,ASI_001728,CTA_0004,,0.0,41.0,Salida de inventario de repuestos
ASD_0005108,ASI_001729,CTA_0013,,41.0,0.0,Gasto de mantenimiento
ASD_0005109,ASI_001729,CTA_0004,,0.0,41.0,Salida de inventario de repuestos
ASD_0005110,ASI_001730,CTA_0013,,41.0,0.0,Gasto de mantenimiento
ASD_0005111,ASI_001730,CTA_0004,,0.0,41.0,Salida de inventario de repuestos
ASD_0005112,ASI_001731,CTA_0013,,41.0,0.0,Gasto de mantenimiento
ASD_0005113,ASI_001731,CTA_0004,,0.0,41.0,Salida de inventario de repuestos
ASD_0005114,ASI_001732,CTA_0013,,41.0,0.0,Gasto de mantenimiento
ASD_0005115,ASI_001732,CTA_0004,,0.0,41.0,Salida de inventario de repuestos
ASD_0005116,ASI_001733,CTA_0013,,110.0,0.0,Gasto de mantenimiento
ASD_0005117,ASI_001733,CTA_0004,,0.0,110.0,Salida de inventario de repuestos
ASD_0005118,ASI_001734,CTA_0013,,41.0,0.0,Gasto de mantenimiento
ASD_0005119,ASI_001734,CTA_0004,,0.0,41.0,Salida de inventario de repuestos
ASD_0005120,ASI_001735,CTA_0013,,41.0,0.0,Gasto de mantenimiento
ASD_0005121,ASI_001735,CTA_0004,,0.0,41.0,Salida de inventario de repuestos
ASD_0005122,ASI_001736,CTA_0013,,41.0,0.0,Gasto de mantenimiento
ASD_0005123,ASI_001736,CTA_0004,,0.0,41.0,Salida de inventario de repuestos
ASD_0005124,ASI_001737,CTA_0013,,41.0,0.0,Gasto de mantenimiento
ASD_0005125,ASI_001737,CTA_0004,,0.0,41.0,Salida de inventario de repuestos
ASD_0005126,ASI_001738,CTA_0013,,41.0,0.0,Gasto de mantenimiento
ASD_0005127,ASI_001738,CTA_0004,,0.0,41.0,Salida de inventario de repuestos
ASD_0005128,ASI_001739,CTA_0013,,41.0,0.0,Gasto de mantenimiento
ASD_0005129,ASI_001739,CTA_0004,,0.0,41.0,Salida de inventario de repuestos
ASD_0005130,ASI_001740,CTA_0013,,41.0,0.0,Gasto de mantenimiento
ASD_0005131,ASI_001740,CTA_0004,,0.0,41.0,Salida de inventario de repuestos
ASD_0005132,ASI_001741,CTA_0013,,41.0,0.0,Gasto de mantenimiento
ASD_0005133,ASI_001741,CTA_0004,,0.0,41.0,Salida de inventario de repuestos
ASD_0005134,ASI_001742,CTA_0013,,41.0,0.0,Gasto de mantenimiento
ASD_0005135,ASI_001742,CTA_0004,,0.0,41.0,Salida de inventario de repuestos
ASD_0005136,ASI_001743,CTA_0013,,41.0,0.0,Gasto de mantenimiento
ASD_0005137,ASI_001743,CTA_0004,,0.0,41.0,Salida de inventario de repuestos
ASD_0005138,ASI_001744,CTA_0013,,41.0,0.0,Gasto de mantenimiento
ASD_0005139,ASI_001744,CTA_0004,,0.0,41.0,Salida de inventario de repuestos
ASD_0005140,ASI_001745,CTA_0013,,41.0,0.0,Gasto de mantenimiento
ASD_0005141,ASI_001745,CTA_0004,,0.0,41.0,Salida de inventario de repuestos
ASD_0005142,ASI_001746,CTA_0013,,41.0,0.0,Gasto de mantenimiento
ASD_0005143,ASI_001746,CTA_0004,,0.0,41.0,Salida de inventario de repuestos
ASD_0005144,ASI_001747,CTA_0013,,41.0,0.0,Gasto de mantenimiento
ASD_0005145,ASI_001747,CTA_0004,,0.0,41.0,Salida de inventario de repuestos
ASD_0005146,ASI_001748,CTA_0013,,41.0,0.0,Gasto de mantenimiento
ASD_0005147,ASI_001748,CTA_0004,,0.0,41.0,Salida de inventario de repuestos
ASD_0005148,ASI_001749,CTA_0013,,41.0,0.0,Gasto de mantenimiento
ASD_0005149,ASI_001749,CTA_0004,,0.0,41.0,Salida de inventario de repuestos
ASD_0005150,ASI_001750,CTA_0013,,41.0,0.0,Gasto de mantenimiento
ASD_0005151,ASI_001750,CTA_0004,,0.0,41.0,Salida de inventario de repuestos
ASD_0005152,ASI_001751,CTA_0013,,41.0,0.0,Gasto de mantenimiento
ASD_0005153,ASI_001751,CTA_0004,,0.0,41.0,Salida de inventario de repuestos
ASD_0005154,ASI_001752,CTA_0013,,41.0,0.0,Gasto de mantenimiento
ASD_0005155,ASI_001752,CTA_0004,,0.0,41.0,Salida de inventario de repuestos
ASD_0005156,ASI_001753,CTA_0013,,41.0,0.0,Gasto de mantenimiento
ASD_0005157,ASI_001753,CTA_0004,,0.0,41.0,Salida de inventario de repuestos
ASD_0005158,ASI_001754,CTA_0013,,41.0,0.0,Gasto de mantenimiento
ASD_0005159,ASI_001754,CTA_0004,,0.0,41.0,Salida de inventario de repuestos
ASD_0005160,ASI_001755,CTA_0013,,41.0,0.0,Gasto de mantenimiento
ASD_0005161,ASI_001755,CTA_0004,,0.0,41.0,Salida de inventario de repuestos
ASD_0005162,ASI_001756,CTA_0013,,41.0,0.0,Gasto de mantenimiento
ASD_0005163,ASI_001756,CTA_0004,,0.0,41.0,Salida de inventario de repuestos
ASD_0005164,ASI_001757,CTA_0013,,41.0,0.0,Gasto de mantenimiento
ASD_0005165,ASI_001757,CTA_0004,,0.0,41.0,Salida de inventario de repuestos
ASD_0005166,ASI_001758,CTA_0013,,41.0,0.0,Gasto de mantenimiento
ASD_0005167,ASI_001758,CTA_0004,,0.0,41.0,Salida de inventario de repuestos
ASD_0005168,ASI_001759,CTA_0013,,41.0,0.0,Gasto de mantenimiento
ASD_0005169,ASI_001759,CTA_0004,,0.0,41.0,Salida de inventario de repuestos
ASD_0005170,ASI_001760,CTA_0013,,41.0,0.0,Gasto de mantenimiento
ASD_0005171,ASI_001760,CTA_0004,,0.0,41.0,Salida de inventario de repuestos
ASD_0005172,ASI_001761,CTA_0013,,41.0,0.0,Gasto de mantenimiento
ASD_0005173,ASI_001761,CTA_0004,,0.0,41.0,Salida de inventario de repuestos
ASD_0005174,ASI_001762,CTA_0013,,41.0,0.0,Gasto de mantenimiento
ASD_0005175,ASI_001762,CTA_0004,,0.0,41.0,Salida de inventario de repuestos
ASD_0005176,ASI_001763,CTA_0013,,41.0,0.0,Gasto de mantenimiento
ASD_0005177,ASI_001763,CTA_0004,,0.0,41.0,Salida de inventario de repuestos
ASD_0005178,ASI_001764,CTA_0013,,68.0,0.0,Gasto de mantenimiento
ASD_0005179,ASI_001764,CTA_0004,,0.0,68.0,Salida de inventario de repuestos
ASD_0005180,ASI_001765,CTA_0013,,41.0,0.0,Gasto de mantenimiento
ASD_0005181,ASI_001765,CTA_0004,,0.0,41.0,Salida de inventario de repuestos
ASD_0005182,ASI_001766,CTA_0013,,41.0,0.0,Gasto de mantenimiento
ASD_0005183,ASI_001766,CTA_0004,,0.0,41.0,Salida de inventario de repuestos
ASD_0005184,ASI_001767,CTA_0013,,41.0,0.0,Gasto de mantenimiento
ASD_0005185,ASI_001767,CTA_0004,,0.0,41.0,Salida de inventario de repuestos
ASD_0005186,ASI_001768,CTA_0013,,41.0,0.0,Gasto de mantenimiento
ASD_0005187,ASI_001768,CTA_0004,,0.0,41.0,Salida de inventario de repuestos
ASD_0005188,ASI_001769,CTA_0013,,41.0,0.0,Gasto de mantenimiento
ASD_0005189,ASI_001769,CTA_0004,,0.0,41.0,Salida de inventario de repuestos
ASD_0005190,ASI_001770,CTA_0013,,41.0,0.0,Gasto de mantenimiento
ASD_0005191,ASI_001770,CTA_0004,,0.0,41.0,Salida de inventario de repuestos
ASD_0005192,ASI_001771,CTA_0013,,41.0,0.0,Gasto de mantenimiento
ASD_0005193,ASI_001771,CTA_0004,,0.0,41.0,Salida de inventario de repuestos
ASD_0005194,ASI_001772,CTA_0013,,41.0,0.0,Gasto de mantenimiento
ASD_0005195,ASI_001772,CTA_0004,,0.0,41.0,Salida de inventario de repuestos
ASD_0005196,ASI_001773,CTA_0013,,41.0,0.0,Gasto de mantenimiento
ASD_0005197,ASI_001773,CTA_0004,,0.0,41.0,Salida de inventario de repuestos
ASD_0005198,ASI_001774,CTA_0013,,41.0,0.0,Gasto de mantenimiento
ASD_0005199,ASI_001774,CTA_0004,,0.0,41.0,Salida de inventario de repuestos
ASD_0005200,ASI_001775,CTA_0013,,41.0,0.0,Gasto de mantenimiento
ASD_0005201,ASI_001775,CTA_0004,,0.0,41.0,Salida de inventario de repuestos
ASD_0005202,ASI_001776,CTA_0013,,41.0,0.0,Gasto de mantenimiento
ASD_0005203,ASI_001776,CTA_0004,,0.0,41.0,Salida de inventario de repuestos
ASD_0005204,ASI_001777,CTA_0013,,41.0,0.0,Gasto de mantenimiento
ASD_0005205,ASI_001777,CTA_0004,,0.0,41.0,Salida de inventario de repuestos
ASD_0005206,ASI_001778,CTA_0013,,41.0,0.0,Gasto de mantenimiento
ASD_0005207,ASI_001778,CTA_0004,,0.0,41.0,Salida de inventario de repuestos
ASD_0005208,ASI_001779,CTA_0013,,41.0,0.0,Gasto de mantenimiento
ASD_0005209,ASI_001779,CTA_0004,,0.0,41.0,Salida de inventario de repuestos
ASD_0005210,ASI_001780,CTA_0013,,136.0,0.0,Gasto de mantenimiento
ASD_0005211,ASI_001780,CTA_0004,,0.0,136.0,Salida de inventario de repuestos
ASD_0005212,ASI_001781,CTA_0013,,136.0,0.0,Gasto de mantenimiento
ASD_0005213,ASI_001781,CTA_0004,,0.0,136.0,Salida de inventario de repuestos
ASD_0005214,ASI_001782,CTA_0013,,136.0,0.0,Gasto de mantenimiento
ASD_0005215,ASI_001782,CTA_0004,,0.0,136.0,Salida de inventario de repuestos
ASD_0005216,ASI_001783,CTA_0013,,41.0,0.0,Gasto de mantenimiento
ASD_0005217,ASI_001783,CTA_0004,,0.0,41.0,Salida de inventario de repuestos
ASD_0005218,ASI_001784,CTA_0013,,41.0,0.0,Gasto de mantenimiento
ASD_0005219,ASI_001784,CTA_0004,,0.0,41.0,Salida de inventario de repuestos
ASD_0005220,ASI_001785,CTA_0013,,41.0,0.0,Gasto de mantenimiento
ASD_0005221,ASI_001785,CTA_0004,,0.0,41.0,Salida de inventario de repuestos
ASD_0005222,ASI_001786,CTA_0013,,41.0,0.0,Gasto de mantenimiento
ASD_0005223,ASI_001786,CTA_0004,,0.0,41.0,Salida de inventario de repuestos
ASD_0005224,ASI_001787,CTA_0013,,41.0,0.0,Gasto de mantenimiento
ASD_0005225,ASI_001787,CTA_0004,,0.0,41.0,Salida de inventario de repuestos
ASD_0005226,ASI_001788,CTA_0013,,41.0,0.0,Gasto de mantenimiento
ASD_0005227,ASI_001788,CTA_0004,,0.0,41.0,Salida de inventario de repuestos
ASD_0005228,ASI_001789,CTA_0013,,41.0,0.0,Gasto de mantenimiento
ASD_0005229,ASI_001789,CTA_0004,,0.0,41.0,Salida de inventario de repuestos
ASD_0005230,ASI_001790,CTA_0013,,41.0,0.0,Gasto de mantenimiento
ASD_0005231,ASI_001790,CTA_0004,,0.0,41.0,Salida de inventario de repuestos
ASD_0005232,ASI_001791,CTA_0013,,41.0,0.0,Gasto de mantenimiento
ASD_0005233,ASI_001791,CTA_0004,,0.0,41.0,Salida de inventario de repuestos
ASD_0005234,ASI_001792,CTA_0013,,41.0,0.0,Gasto de mantenimiento
ASD_0005235,ASI_001792,CTA_0004,,0.0,41.0,Salida de inventario de repuestos
ASD_0005236,ASI_001793,CTA_0013,,41.0,0.0,Gasto de mantenimiento
ASD_0005237,ASI_001793,CTA_0004,,0.0,41.0,Salida de inventario de repuestos
ASD_0005238,ASI_001794,CTA_0013,,41.0,0.0,Gasto de mantenimiento
ASD_0005239,ASI_001794,CTA_0004,,0.0,41.0,Salida de inventario de repuestos
ASD_0005240,ASI_001795,CTA_0013,,41.0,0.0,Gasto de mantenimiento
ASD_0005241,ASI_001795,CTA_0004,,0.0,41.0,Salida de inventario de repuestos
ASD_0005242,ASI_001796,CTA_0013,,41.0,0.0,Gasto de mantenimiento
ASD_0005243,ASI_001796,CTA_0004,,0.0,41.0,Salida de inventario de repuestos
ASD_0005244,ASI_001797,CTA_0013,,41.0,0.0,Gasto de mantenimiento
ASD_0005245,ASI_001797,CTA_0004,,0.0,41.0,Salida de inventario de repuestos
ASD_0005246,ASI_001798,CTA_0013,,41.0,0.0,Gasto de mantenimiento
ASD_0005247,ASI_001798,CTA_0004,,0.0,41.0,Salida de inventario de repuestos
ASD_0005248,ASI_001799,CTA_0013,,41.0,0.0,Gasto de mantenimiento
ASD_0005249,ASI_001799,CTA_0004,,0.0,41.0,Salida de inventario de repuestos
ASD_0005250,ASI_001800,CTA_0013,,41.0,0.0,Gasto de mantenimiento
ASD_0005251,ASI_001800,CTA_0004,,0.0,41.0,Salida de inventario de repuestos
ASD_0005252,ASI_001801,CTA_0013,,41.0,0.0,Gasto de mantenimiento
ASD_0005253,ASI_001801,CTA_0004,,0.0,41.0,Salida de inventario de repuestos
ASD_0005254,ASI_001802,CTA_0013,,41.0,0.0,Gasto de mantenimiento
ASD_0005255,ASI_001802,CTA_0004,,0.0,41.0,Salida de inventario de repuestos
ASD_0005256,ASI_001803,CTA_0013,,41.0,0.0,Gasto de mantenimiento
ASD_0005257,ASI_001803,CTA_0004,,0.0,41.0,Salida de inventario de repuestos
ASD_0005258,ASI_001804,CTA_0013,,41.0,0.0,Gasto de mantenimiento
ASD_0005259,ASI_001804,CTA_0004,,0.0,41.0,Salida de inventario de repuestos
ASD_0005260,ASI_001805,CTA_0013,,41.0,0.0,Gasto de mantenimiento
ASD_0005261,ASI_001805,CTA_0004,,0.0,41.0,Salida de inventario de repuestos
ASD_0005262,ASI_001806,CTA_0013,,41.0,0.0,Gasto de mantenimiento
ASD_0005263,ASI_001806,CTA_0004,,0.0,41.0,Salida de inventario de repuestos
ASD_0005264,ASI_001807,CTA_0013,,41.0,0.0,Gasto de mantenimiento
ASD_0005265,ASI_001807,CTA_0004,,0.0,41.0,Salida de inventario de repuestos
ASD_0005266,ASI_001808,CTA_0013,,41.0,0.0,Gasto de mantenimiento
ASD_0005267,ASI_001808,CTA_0004,,0.0,41.0,Salida de inventario de repuestos
ASD_0005268,ASI_001809,CTA_0013,,41.0,0.0,Gasto de mantenimiento
ASD_0005269,ASI_001809,CTA_0004,,0.0,41.0,Salida de inventario de repuestos
ASD_0005270,ASI_001810,CTA_0013,,41.0,0.0,Gasto de mantenimiento
ASD_0005271,ASI_001810,CTA_0004,,0.0,41.0,Salida de inventario de repuestos
ASD_0005272,ASI_001811,CTA_0013,,41.0,0.0,Gasto de mantenimiento
ASD_0005273,ASI_001811,CTA_0004,,0.0,41.0,Salida de inventario de repuestos
ASD_0005274,ASI_001812,CTA_0013,,41.0,0.0,Gasto de mantenimiento
ASD_0005275,ASI_001812,CTA_0004,,0.0,41.0,Salida de inventario de repuestos
ASD_0005276,ASI_001813,CTA_0013,,68.0,0.0,Gasto de mantenimiento
ASD_0005277,ASI_001813,CTA_0004,,0.0,68.0,Salida de inventario de repuestos
ASD_0005278,ASI_001814,CTA_0013,,41.0,0.0,Gasto de mantenimiento
ASD_0005279,ASI_001814,CTA_0004,,0.0,41.0,Salida de inventario de repuestos
ASD_0005280,ASI_001815,CTA_0013,,41.0,0.0,Gasto de mantenimiento
ASD_0005281,ASI_001815,CTA_0004,,0.0,41.0,Salida de inventario de repuestos
ASD_0005282,ASI_001816,CTA_0013,,41.0,0.0,Gasto de mantenimiento
ASD_0005283,ASI_001816,CTA_0004,,0.0,41.0,Salida de inventario de repuestos
ASD_0005284,ASI_001817,CTA_0013,,41.0,0.0,Gasto de mantenimiento
ASD_0005285,ASI_001817,CTA_0004,,0.0,41.0,Salida de inventario de repuestos
ASD_0005286,ASI_001818,CTA_0013,,41.0,0.0,Gasto de mantenimiento
ASD_0005287,ASI_001818,CTA_0004,,0.0,41.0,Salida de inventario de repuestos
ASD_0005288,ASI_001819,CTA_0013,,41.0,0.0,Gasto de mantenimiento
ASD_0005289,ASI_001819,CTA_0004,,0.0,41.0,Salida de inventario de repuestos
ASD_0005290,ASI_001820,CTA_0013,,41.0,0.0,Gasto de mantenimiento
ASD_0005291,ASI_001820,CTA_0004,,0.0,41.0,Salida de inventario de repuestos
ASD_0005292,ASI_001821,CTA_0013,,41.0,0.0,Gasto de mantenimiento
ASD_0005293,ASI_001821,CTA_0004,,0.0,41.0,Salida de inventario de repuestos
ASD_0005294,ASI_001822,CTA_0013,,41.0,0.0,Gasto de mantenimiento
ASD_0005295,ASI_001822,CTA_0004,,0.0,41.0,Salida de inventario de repuestos
ASD_0005296,ASI_001823,CTA_0013,,41.0,0.0,Gasto de mantenimiento
ASD_0005297,ASI_001823,CTA_0004,,0.0,41.0,Salida de inventario de repuestos
ASD_0005298,ASI_001824,CTA_0013,,41.0,0.0,Gasto de mantenimiento
ASD_0005299,ASI_001824,CTA_0004,,0.0,41.0,Salida de inventario de repuestos
ASD_0005300,ASI_001825,CTA_0013,,41.0,0.0,Gasto de mantenimiento
ASD_0005301,ASI_001825,CTA_0004,,0.0,41.0,Salida de inventario de repuestos
ASD_0005302,ASI_001826,CTA_0013,,41.0,0.0,Gasto de mantenimiento
ASD_0005303,ASI_001826,CTA_0004,,0.0,41.0,Salida de inventario de repuestos
ASD_0005304,ASI_001827,CTA_0013,,41.0,0.0,Gasto de mantenimiento
ASD_0005305,ASI_001827,CTA_0004,,0.0,41.0,Salida de inventario de repuestos
ASD_0005306,ASI_001828,CTA_0013,,41.0,0.0,Gasto de mantenimiento
ASD_0005307,ASI_001828,CTA_0004,,0.0,41.0,Salida de inventario de repuestos
ASD_0005308,ASI_001829,CTA_0013,,41.0,0.0,Gasto de mantenimiento
ASD_0005309,ASI_001829,CTA_0004,,0.0,41.0,Salida de inventario de repuestos
ASD_0005310,ASI_001830,CTA_0013,,41.0,0.0,Gasto de mantenimiento
ASD_0005311,ASI_001830,CTA_0004,,0.0,41.0,Salida de inventario de repuestos
ASD_0005312,ASI_001831,CTA_0013,,41.0,0.0,Gasto de mantenimiento
ASD_0005313,ASI_001831,CTA_0004,,0.0,41.0,Salida de inventario de repuestos
ASD_0005314,ASI_001832,CTA_0013,,41.0,0.0,Gasto de mantenimiento
ASD_0005315,ASI_001832,CTA_0004,,0.0,41.0,Salida de inventario de repuestos
ASD_0005316,ASI_001833,CTA_0013,,41.0,0.0,Gasto de mantenimiento
ASD_0005317,ASI_001833,CTA_0004,,0.0,41.0,Salida de inventario de repuestos
ASD_0005318,ASI_001834,CTA_0013,,41.0,0.0,Gasto de mantenimiento
ASD_0005319,ASI_001834,CTA_0004,,0.0,41.0,Salida de inventario de repuestos
ASD_0005320,ASI_001835,CTA_0013,,41.0,0.0,Gasto de mantenimiento
ASD_0005321,ASI_001835,CTA_0004,,0.0,41.0,Salida de inventario de repuestos
ASD_0005322,ASI_001836,CTA_0013,,41.0,0.0,Gasto de mantenimiento
ASD_0005323,ASI_001836,CTA_0004,,0.0,41.0,Salida de inventario de repuestos
ASD_0005324,ASI_001837,CTA_0013,,41.0,0.0,Gasto de mantenimiento
ASD_0005325,ASI_001837,CTA_0004,,0.0,41.0,Salida de inventario de repuestos
ASD_0005326,ASI_001838,CTA_0013,,41.0,0.0,Gasto de mantenimiento
ASD_0005327,ASI_001838,CTA_0004,,0.0,41.0,Salida de inventario de repuestos
ASD_0005328,ASI_001839,CTA_0013,,41.0,0.0,Gasto de mantenimiento
ASD_0005329,ASI_001839,CTA_0004,,0.0,41.0,Salida de inventario de repuestos
ASD_0005330,ASI_001840,CTA_0013,,41.0,0.0,Gasto de mantenimiento
ASD_0005331,ASI_001840,CTA_0004,,0.0,41.0,Salida de inventario de repuestos
ASD_0005332,ASI_001841,CTA_0013,,41.0,0.0,Gasto de mantenimiento
ASD_0005333,ASI_001841,CTA_0004,,0.0,41.0,Salida de inventario de repuestos
ASD_0005334,ASI_001842,CTA_0013,,41.0,0.0,Gasto de mantenimiento
ASD_0005335,ASI_001842,CTA_0004,,0.0,41.0,Salida de inventario de repuestos
ASD_0005336,ASI_001843,CTA_0013,,41.0,0.0,Gasto de mantenimiento
ASD_0005337,ASI_001843,CTA_0004,,0.0,41.0,Salida de inventario de repuestos
ASD_0005338,ASI_001844,CTA_0013,,136.0,0.0,Gasto de mantenimiento
ASD_0005339,ASI_001844,CTA_0004,,0.0,136.0,Salida de inventario de repuestos
ASD_0005340,ASI_001845,CTA_0013,,110.0,0.0,Gasto de mantenimiento
ASD_0005341,ASI_001845,CTA_0004,,0.0,110.0,Salida de inventario de repuestos
ASD_0005342,ASI_001846,CTA_0013,,94.0,0.0,Gasto de mantenimiento
ASD_0005343,ASI_001846,CTA_0004,,0.0,94.0,Salida de inventario de repuestos
