liquidacion_det_id,liquidacion_id,concept_code,quantity,amount,remunerative_flag,employer_flag
LIQD_000001,LIQ_000001,BASICO,1,1237.33,True,False
LIQD_000002,LIQ_000001,DESCUENTOS,1,-210.35,False,False
LIQD_000003,LIQ_000001,CARGAS_SOCIALES,1,296.96,False,True
LIQD_000004,LIQ_000002,BASICO,1,1482.35,True,False
LIQD_000005,LIQ_000002,DESCUENTOS,1,-252.0,False,False
LIQD_000006,LIQ_000002,CARGAS_SOCIALES,1,355.76,False,True
LIQD_000007,LIQ_000003,BASICO,1,1490.19,True,False
LIQD_000008,LIQ_000003,DESCUENTOS,1,-253.33,False,False
LIQD_000009,LIQ_000003,CARGAS_SOCIALES,1,357.65,False,True
LIQD_000010,LIQ_000004,BASICO,1,1172.56,True,False
LIQD_000011,LIQ_000004,DESCUENTOS,1,-199.34,False,False
LIQD_000012,LIQ_000004,CARGAS_SOCIALES,1,281.41,False,True
LIQD_000013,LIQ_000005,BASICO,1,1472.52,True,False
LIQD_000014,LIQ_000005,DESCUENTOS,1,-250.33,False,False
LIQD_000015,LIQ_000005,CARGAS_SOCIALES,1,353.4,False,True
LIQD_000016,LIQ_000006,BASICO,1,1236.58,True,False
LIQD_000017,LIQ_000006,DESCUENTOS,1,-210.22,False,False
LIQD_000018,LIQ_000006,CARGAS_SOCIALES,1,296.78,False,True
LIQD_000019,LIQ_000007,BASICO,1,1816.75,True,False
LIQD_000020,LIQ_000007,DESCUENTOS,1,-308.85,False,False
LIQD_000021,LIQ_000007,CARGAS_SOCIALES,1,436.02,False,True
LIQD_000022,LIQ_000008,BASICO,1,1219.33,True,False
LIQD_000023,LIQ_000008,DESCUENTOS,1,-207.29,False,False
LIQD_000024,LIQ_000008,CARGAS_SOCIALES,1,292.64,False,True
LIQD_000025,LIQ_000009,BASICO,1,1265.81,True,False
LIQD_000026,LIQ_000009,DESCUENTOS,1,-215.19,False,False
LIQD_000027,LIQ_000009,CARGAS_SOCIALES,1,303.79,False,True
LIQD_000028,LIQ_000010,BASICO,1,1219.12,True,False
LIQD_000029,LIQ_000010,DESCUENTOS,1,-207.25,False,False
LIQD_000030,LIQ_000010,CARGAS_SOCIALES,1,292.59,False,True
LIQD_000031,LIQ_000011,BASICO,1,1172.35,True,False
LIQD_000032,LIQ_000011,DESCUENTOS,1,-199.3,False,False
LIQD_000033,LIQ_000011,CARGAS_SOCIALES,1,281.36,False,True
LIQD_000034,LIQ_000012,BASICO,1,1249.75,True,False
LIQD_000035,LIQ_000012,DESCUENTOS,1,-212.46,False,False
LIQD_000036,LIQ_000012,CARGAS_SOCIALES,1,299.94,False,True
LIQD_000037,LIQ_000013,BASICO,1,1260.32,True,False
LIQD_000038,LIQ_000013,DESCUENTOS,1,-214.25,False,False
LIQD_000039,LIQ_000013,CARGAS_SOCIALES,1,302.48,False,True
LIQD_000040,LIQ_000014,BASICO,1,1462.77,True,False
LIQD_000041,LIQ_000014,DESCUENTOS,1,-248.67,False,False
LIQD_000042,LIQ_000014,CARGAS_SOCIALES,1,351.06,False,True
LIQD_000043,LIQ_000015,BASICO,1,1299.82,True,False
LIQD_000044,LIQ_000015,DESCUENTOS,1,-220.97,False,False
LIQD_000045,LIQ_000015,CARGAS_SOCIALES,1,311.96,False,True
LIQD_000046,LIQ_000016,BASICO,1,1361.88,True,False
LIQD_000047,LIQ_000016,DESCUENTOS,1,-231.52,False,False
LIQD_000048,LIQ_000016,CARGAS_SOCIALES,1,326.85,False,True
LIQD_000049,LIQ_000017,BASICO,1,1288.9,True,False
LIQD_000050,LIQ_000017,DESCUENTOS,1,-219.11,False,False
LIQD_000051,LIQ_000017,CARGAS_SOCIALES,1,309.34,False,True
LIQD_000052,LIQ_000018,BASICO,1,1217.55,True,False
LIQD_000053,LIQ_000018,DESCUENTOS,1,-206.98,False,False
LIQD_000054,LIQ_000018,CARGAS_SOCIALES,1,292.21,False,True
LIQD_000055,LIQ_000019,BASICO,1,1195.57,True,False
LIQD_000056,LIQ_000019,DESCUENTOS,1,-203.25,False,False
LIQD_000057,LIQ_000019,CARGAS_SOCIALES,1,286.94,False,True
LIQD_000058,LIQ_000020,BASICO,1,1180.76,True,False
LIQD_000059,LIQ_000020,DESCUENTOS,1,-200.73,False,False
LIQD_000060,LIQ_000020,CARGAS_SOCIALES,1,283.38,False,True
LIQD_000061,LIQ_000021,BASICO,1,1395.39,True,False
LIQD_000062,LIQ_000021,DESCUENTOS,1,-237.22,False,False
LIQD_000063,LIQ_000021,CARGAS_SOCIALES,1,334.89,False,True
LIQD_000064,LIQ_000022,BASICO,1,1246.94,True,False
LIQD_000065,LIQ_000022,DESCUENTOS,1,-211.98,False,False
LIQD_000066,LIQ_000022,CARGAS_SOCIALES,1,299.27,False,True
LIQD_000067,LIQ_000023,BASICO,1,1490.52,True,False
LIQD_000068,LIQ_000023,DESCUENTOS,1,-253.39,False,False
LIQD_000069,LIQ_000023,CARGAS_SOCIALES,1,357.72,False,True
LIQD_000070,LIQ_000024,BASICO,1,1393.66,True,False
LIQD_000071,LIQ_000024,DESCUENTOS,1,-236.92,False,False
LIQD_000072,LIQ_000024,CARGAS_SOCIALES,1,334.48,False,True
LIQD_000073,LIQ_000025,BASICO,1,1294.44,True,False
LIQD_000074,LIQ_000025,DESCUENTOS,1,-220.05,False,False
LIQD_000075,LIQ_000025,CARGAS_SOCIALES,1,310.67,False,True
LIQD_000076,LIQ_000026,BASICO,1,1475.17,True,False
LIQD_000077,LIQ_000026,DESCUENTOS,1,-250.78,False,False
LIQD_000078,LIQ_000026,CARGAS_SOCIALES,1,354.04,False,True
LIQD_000079,LIQ_000027,BASICO,1,1465.75,True,False
LIQD_000080,LIQ_000027,DESCUENTOS,1,-249.18,False,False
LIQD_000081,LIQ_000027,CARGAS_SOCIALES,1,351.78,False,True
LIQD_000082,LIQ_000028,BASICO,1,1206.74,True,False
LIQD_000083,LIQ_000028,DESCUENTOS,1,-205.15,False,False
LIQD_000084,LIQ_000028,CARGAS_SOCIALES,1,289.62,False,True
LIQD_000085,LIQ_000029,BASICO,1,1464.84,True,False
LIQD_000086,LIQ_000029,DESCUENTOS,1,-249.02,False,False
LIQD_000087,LIQ_000029,CARGAS_SOCIALES,1,351.56,False,True
LIQD_000088,LIQ_000030,BASICO,1,1292.84,True,False
LIQD_000089,LIQ_000030,DESCUENTOS,1,-219.78,False,False
LIQD_000090,LIQ_000030,CARGAS_SOCIALES,1,310.28,False,True
LIQD_000091,LIQ_000031,BASICO,1,1803.74,True,False
LIQD_000092,LIQ_000031,DESCUENTOS,1,-306.64,False,False
LIQD_000093,LIQ_000031,CARGAS_SOCIALES,1,432.9,False,True
LIQD_000094,LIQ_000032,BASICO,1,1225.31,True,False
LIQD_000095,LIQ_000032,DESCUENTOS,1,-208.3,False,False
LIQD_000096,LIQ_000032,CARGAS_SOCIALES,1,294.07,False,True
LIQD_000097,LIQ_000033,BASICO,1,1285.91,True,False
LIQD_000098,LIQ_000033,DESCUENTOS,1,-218.6,False,False
LIQD_000099,LIQ_000033,CARGAS_SOCIALES,1,308.62,False,True
LIQD_000100,LIQ_000034,BASICO,1,1217.34,True,False
LIQD_000101,LIQ_000034,DESCUENTOS,1,-206.95,False,False
LIQD_000102,LIQ_000034,CARGAS_SOCIALES,1,292.16,False,True
LIQD_000103,LIQ_000035,BASICO,1,1190.59,True,False
LIQD_000104,LIQ_000035,DESCUENTOS,1,-202.4,False,False
LIQD_000105,LIQ_000035,CARGAS_SOCIALES,1,285.74,False,True
LIQD_000106,LIQ_000036,BASICO,1,1287.79,True,False
LIQD_000107,LIQ_000036,DESCUENTOS,1,-218.92,False,False
LIQD_000108,LIQ_000036,CARGAS_SOCIALES,1,309.07,False,True
LIQD_000109,LIQ_000037,BASICO,1,1248.01,True,False
LIQD_000110,LIQ_000037,DESCUENTOS,1,-212.16,False,False
LIQD_000111,LIQ_000037,CARGAS_SOCIALES,1,299.52,False,True
LIQD_000112,LIQ_000038,BASICO,1,1487.29,True,False
LIQD_000113,LIQ_000038,DESCUENTOS,1,-252.84,False,False
LIQD_000114,LIQ_000038,CARGAS_SOCIALES,1,356.95,False,True
LIQD_000115,LIQ_000039,BASICO,1,1235.53,True,False
LIQD_000116,LIQ_000039,DESCUENTOS,1,-210.04,False,False
LIQD_000117,LIQ_000039,CARGAS_SOCIALES,1,296.53,False,True
LIQD_000118,LIQ_000040,BASICO,1,1377.82,True,False
LIQD_000119,LIQ_000040,DESCUENTOS,1,-234.23,False,False
LIQD_000120,LIQ_000040,CARGAS_SOCIALES,1,330.68,False,True
LIQD_000121,LIQ_000041,BASICO,1,1258.43,True,False
LIQD_000122,LIQ_000041,DESCUENTOS,1,-213.93,False,False
LIQD_000123,LIQ_000041,CARGAS_SOCIALES,1,302.02,False,True
LIQD_000124,LIQ_000042,BASICO,1,1179.22,True,False
LIQD_000125,LIQ_000042,DESCUENTOS,1,-200.47,False,False
LIQD_000126,LIQ_000042,CARGAS_SOCIALES,1,283.01,False,True
LIQD_000127,LIQ_000043,BASICO,1,1183.8,True,False
LIQD_000128,LIQ_000043,DESCUENTOS,1,-201.25,False,False
LIQD_000129,LIQ_000043,CARGAS_SOCIALES,1,284.11,False,True
LIQD_000130,LIQ_000044,BASICO,1,1214.46,True,False
LIQD_000131,LIQ_000044,DESCUENTOS,1,-206.46,False,False
LIQD_000132,LIQ_000044,CARGAS_SOCIALES,1,291.47,False,True
LIQD_000133,LIQ_000045,BASICO,1,1373.65,True,False
LIQD_000134,LIQ_000045,DESCUENTOS,1,-233.52,False,False
LIQD_000135,LIQ_000045,CARGAS_SOCIALES,1,329.68,False,True
LIQD_000136,LIQ_000046,BASICO,1,1280.9,True,False
LIQD_000137,LIQ_000046,DESCUENTOS,1,-217.75,False,False
LIQD_000138,LIQ_000046,CARGAS_SOCIALES,1,307.42,False,True
LIQD_000139,LIQ_000047,BASICO,1,1427.41,True,False
LIQD_000140,LIQ_000047,DESCUENTOS,1,-242.66,False,False
LIQD_000141,LIQ_000047,CARGAS_SOCIALES,1,342.58,False,True
LIQD_000142,LIQ_000048,BASICO,1,1415.8,True,False
LIQD_000143,LIQ_000048,DESCUENTOS,1,-240.69,False,False
LIQD_000144,LIQ_000048,CARGAS_SOCIALES,1,339.79,False,True
LIQD_000145,LIQ_000049,BASICO,1,1284.4,True,False
LIQD_000146,LIQ_000049,DESCUENTOS,1,-218.35,False,False
LIQD_000147,LIQ_000049,CARGAS_SOCIALES,1,308.26,False,True
LIQD_000148,LIQ_000050,BASICO,1,1455.95,True,False
LIQD_000149,LIQ_000050,DESCUENTOS,1,-247.51,False,False
LIQD_000150,LIQ_000050,CARGAS_SOCIALES,1,349.43,False,True
LIQD_000151,LIQ_000051,BASICO,1,1483.86,True,False
LIQD_000152,LIQ_000051,DESCUENTOS,1,-252.26,False,False
LIQD_000153,LIQ_000051,CARGAS_SOCIALES,1,356.13,False,True
LIQD_000154,LIQ_000052,BASICO,1,1221.19,True,False
LIQD_000155,LIQ_000052,DESCUENTOS,1,-207.6,False,False
LIQD_000156,LIQ_000052,CARGAS_SOCIALES,1,293.09,False,True
LIQD_000157,LIQ_000053,BASICO,1,1490.66,True,False
LIQD_000158,LIQ_000053,DESCUENTOS,1,-253.41,False,False
LIQD_000159,LIQ_000053,CARGAS_SOCIALES,1,357.76,False,True
LIQD_000160,LIQ_000054,BASICO,1,1254.28,True,False
LIQD_000161,LIQ_000054,DESCUENTOS,1,-213.23,False,False
LIQD_000162,LIQ_000054,CARGAS_SOCIALES,1,301.03,False,True
LIQD_000163,LIQ_000055,BASICO,1,1836.48,True,False
LIQD_000164,LIQ_000055,DESCUENTOS,1,-312.2,False,False
LIQD_000165,LIQ_000055,CARGAS_SOCIALES,1,440.76,False,True
LIQD_000166,LIQ_000056,BASICO,1,1211.58,True,False
LIQD_000167,LIQ_000056,DESCUENTOS,1,-205.97,False,False
LIQD_000168,LIQ_000056,CARGAS_SOCIALES,1,290.78,False,True
LIQD_000169,LIQ_000057,BASICO,1,1246.94,True,False
LIQD_000170,LIQ_000057,DESCUENTOS,1,-211.98,False,False
LIQD_000171,LIQ_000057,CARGAS_SOCIALES,1,299.27,False,True
LIQD_000172,LIQ_000058,BASICO,1,1213.31,True,False
LIQD_000173,LIQ_000058,DESCUENTOS,1,-206.26,False,False
LIQD_000174,LIQ_000058,CARGAS_SOCIALES,1,291.19,False,True
LIQD_000175,LIQ_000059,BASICO,1,1179.63,True,False
LIQD_000176,LIQ_000059,DESCUENTOS,1,-200.54,False,False
LIQD_000177,LIQ_000059,CARGAS_SOCIALES,1,283.11,False,True
LIQD_000178,LIQ_000060,BASICO,1,1285.45,True,False
LIQD_000179,LIQ_000060,DESCUENTOS,1,-218.53,False,False
LIQD_000180,LIQ_000060,CARGAS_SOCIALES,1,308.51,False,True
LIQD_000181,LIQ_000061,BASICO,1,1231.51,True,False
LIQD_000182,LIQ_000061,DESCUENTOS,1,-209.36,False,False
LIQD_000183,LIQ_000061,CARGAS_SOCIALES,1,295.56,False,True
LIQD_000184,LIQ_000062,BASICO,1,1424.86,True,False
LIQD_000185,LIQ_000062,DESCUENTOS,1,-242.23,False,False
LIQD_000186,LIQ_000062,CARGAS_SOCIALES,1,341.97,False,True
LIQD_000187,LIQ_000063,BASICO,1,1299.83,True,False
LIQD_000188,LIQ_000063,DESCUENTOS,1,-220.97,False,False
LIQD_000189,LIQ_000063,CARGAS_SOCIALES,1,311.96,False,True
LIQD_000190,LIQ_000064,BASICO,1,1424.39,True,False
LIQD_000191,LIQ_000064,DESCUENTOS,1,-242.15,False,False
LIQD_000192,LIQ_000064,CARGAS_SOCIALES,1,341.85,False,True
LIQD_000193,LIQ_000065,BASICO,1,1291.21,True,False
LIQD_000194,LIQ_000065,DESCUENTOS,1,-219.51,False,False
LIQD_000195,LIQ_000065,CARGAS_SOCIALES,1,309.89,False,True
LIQD_000196,LIQ_000066,BASICO,1,1223.75,True,False
LIQD_000197,LIQ_000066,DESCUENTOS,1,-208.04,False,False
LIQD_000198,LIQ_000066,CARGAS_SOCIALES,1,293.7,False,True
LIQD_000199,LIQ_000067,BASICO,1,1187.43,True,False
LIQD_000200,LIQ_000067,DESCUENTOS,1,-201.86,False,False
LIQD_000201,LIQ_000067,CARGAS_SOCIALES,1,284.98,False,True
LIQD_000202,LIQ_000068,BASICO,1,1176.71,True,False
LIQD_000203,LIQ_000068,DESCUENTOS,1,-200.04,False,False
LIQD_000204,LIQ_000068,CARGAS_SOCIALES,1,282.41,False,True
LIQD_000205,LIQ_000069,BASICO,1,1363.17,True,False
LIQD_000206,LIQ_000069,DESCUENTOS,1,-231.74,False,False
LIQD_000207,LIQ_000069,CARGAS_SOCIALES,1,327.16,False,True
LIQD_000208,LIQ_000070,BASICO,1,1262.59,True,False
LIQD_000209,LIQ_000070,DESCUENTOS,1,-214.64,False,False
LIQD_000210,LIQ_000070,CARGAS_SOCIALES,1,303.02,False,True
LIQD_000211,LIQ_000071,BASICO,1,1440.14,True,False
LIQD_000212,LIQ_000071,DESCUENTOS,1,-244.82,False,False
LIQD_000213,LIQ_000071,CARGAS_SOCIALES,1,345.63,False,True
LIQD_000214,LIQ_000072,BASICO,1,1429.86,True,False
LIQD_000215,LIQ_000072,DESCUENTOS,1,-243.08,False,False
LIQD_000216,LIQ_000072,CARGAS_SOCIALES,1,343.17,False,True
LIQD_000217,LIQ_000073,BASICO,1,1225.3,True,False
LIQD_000218,LIQ_000073,DESCUENTOS,1,-208.3,False,False
LIQD_000219,LIQ_000073,CARGAS_SOCIALES,1,294.07,False,True
LIQD_000220,LIQ_000074,BASICO,1,1433.46,True,False
LIQD_000221,LIQ_000074,DESCUENTOS,1,-243.69,False,False
LIQD_000222,LIQ_000074,CARGAS_SOCIALES,1,344.03,False,True
LIQD_000223,LIQ_000075,BASICO,1,1442.44,True,False
LIQD_000224,LIQ_000075,DESCUENTOS,1,-245.21,False,False
LIQD_000225,LIQ_000075,CARGAS_SOCIALES,1,346.19,False,True
LIQD_000226,LIQ_000076,BASICO,1,1170.49,True,False
LIQD_000227,LIQ_000076,DESCUENTOS,1,-198.98,False,False
LIQD_000228,LIQ_000076,CARGAS_SOCIALES,1,280.92,False,True
LIQD_000229,LIQ_000077,BASICO,1,1440.64,True,False
LIQD_000230,LIQ_000077,DESCUENTOS,1,-244.91,False,False
LIQD_000231,LIQ_000077,CARGAS_SOCIALES,1,345.75,False,True
LIQD_000232,LIQ_000078,BASICO,1,1274.2,True,False
LIQD_000233,LIQ_000078,DESCUENTOS,1,-216.61,False,False
LIQD_000234,LIQ_000078,CARGAS_SOCIALES,1,305.81,False,True
LIQD_000235,LIQ_000079,BASICO,1,1819.36,True,False
LIQD_000236,LIQ_000079,DESCUENTOS,1,-309.29,False,False
LIQD_000237,LIQ_000079,CARGAS_SOCIALES,1,436.65,False,True
LIQD_000238,LIQ_000080,BASICO,1,1199.94,True,False
LIQD_000239,LIQ_000080,DESCUENTOS,1,-203.99,False,False
LIQD_000240,LIQ_000080,CARGAS_SOCIALES,1,287.99,False,True
LIQD_000241,LIQ_000081,BASICO,1,1291.77,True,False
LIQD_000242,LIQ_000081,DESCUENTOS,1,-219.6,False,False
LIQD_000243,LIQ_000081,CARGAS_SOCIALES,1,310.02,False,True
LIQD_000244,LIQ_000082,BASICO,1,1199.06,True,False
LIQD_000245,LIQ_000082,DESCUENTOS,1,-203.84,False,False
LIQD_000246,LIQ_000082,CARGAS_SOCIALES,1,287.77,False,True
LIQD_000247,LIQ_000083,BASICO,1,1205.57,True,False
LIQD_000248,LIQ_000083,DESCUENTOS,1,-204.95,False,False
LIQD_000249,LIQ_000083,CARGAS_SOCIALES,1,289.34,False,True
LIQD_000250,LIQ_000084,BASICO,1,1252.41,True,False
LIQD_000251,LIQ_000084,DESCUENTOS,1,-212.91,False,False
LIQD_000252,LIQ_000084,CARGAS_SOCIALES,1,300.58,False,True
LIQD_000253,LIQ_000085,BASICO,1,1236.98,True,False
LIQD_000254,LIQ_000085,DESCUENTOS,1,-210.29,False,False
LIQD_000255,LIQ_000085,CARGAS_SOCIALES,1,296.88,False,True
LIQD_000256,LIQ_000086,BASICO,1,1448.89,True,False
LIQD_000257,LIQ_000086,DESCUENTOS,1,-246.31,False,False
LIQD_000258,LIQ_000086,CARGAS_SOCIALES,1,347.73,False,True
LIQD_000259,LIQ_000087,BASICO,1,1297.32,True,False
LIQD_000260,LIQ_000087,DESCUENTOS,1,-220.54,False,False
LIQD_000261,LIQ_000087,CARGAS_SOCIALES,1,311.36,False,True
LIQD_000262,LIQ_000088,BASICO,1,1403.89,True,False
LIQD_000263,LIQ_000088,DESCUENTOS,1,-238.66,False,False
LIQD_000264,LIQ_000088,CARGAS_SOCIALES,1,336.93,False,True
LIQD_000265,LIQ_000089,BASICO,1,1245.81,True,False
LIQD_000266,LIQ_000089,DESCUENTOS,1,-211.79,False,False
LIQD_000267,LIQ_000089,CARGAS_SOCIALES,1,298.99,False,True
LIQD_000268,LIQ_000090,BASICO,1,1188.32,True,False
LIQD_000269,LIQ_000090,DESCUENTOS,1,-202.01,False,False
LIQD_000270,LIQ_000090,CARGAS_SOCIALES,1,285.2,False,True
LIQD_000271,LIQ_000091,BASICO,1,1215.55,True,False
LIQD_000272,LIQ_000091,DESCUENTOS,1,-206.64,False,False
LIQD_000273,LIQ_000091,CARGAS_SOCIALES,1,291.73,False,True
LIQD_000274,LIQ_000092,BASICO,1,1203.73,True,False
LIQD_000275,LIQ_000092,DESCUENTOS,1,-204.63,False,False
LIQD_000276,LIQ_000092,CARGAS_SOCIALES,1,288.9,False,True
LIQD_000277,LIQ_000093,BASICO,1,1398.82,True,False
LIQD_000278,LIQ_000093,DESCUENTOS,1,-237.8,False,False
LIQD_000279,LIQ_000093,CARGAS_SOCIALES,1,335.72,False,True
LIQD_000280,LIQ_000094,BASICO,1,1291.39,True,False
LIQD_000281,LIQ_000094,DESCUENTOS,1,-219.54,False,False
LIQD_000282,LIQ_000094,CARGAS_SOCIALES,1,309.93,False,True
LIQD_000283,LIQ_000095,BASICO,1,1479.5,True,False
LIQD_000284,LIQ_000095,DESCUENTOS,1,-251.52,False,False
LIQD_000285,LIQ_000095,CARGAS_SOCIALES,1,355.08,False,True
LIQD_000286,LIQ_000096,BASICO,1,1405.62,True,False
LIQD_000287,LIQ_000096,DESCUENTOS,1,-238.96,False,False
LIQD_000288,LIQ_000096,CARGAS_SOCIALES,1,337.35,False,True
LIQD_000289,LIQ_000097,BASICO,1,1239.23,True,False
LIQD_000290,LIQ_000097,DESCUENTOS,1,-229.61,False,False
LIQD_000291,LIQ_000097,CARGAS_SOCIALES,1,324.15,False,True
LIQD_000292,LIQ_000097,HORAS_EXTRA,1,111.4,True,False
LIQD_000293,LIQ_000098,BASICO,1,1473.1,True,False
LIQD_000294,LIQ_000098,DESCUENTOS,1,-250.43,False,False
LIQD_000295,LIQ_000098,CARGAS_SOCIALES,1,353.54,False,True
LIQD_000296,LIQ_000099,BASICO,1,1457.16,True,False
LIQD_000297,LIQ_000099,DESCUENTOS,1,-247.72,False,False
LIQD_000298,LIQ_000099,CARGAS_SOCIALES,1,349.72,False,True
LIQD_000299,LIQ_000100,BASICO,1,1198.1,True,False
LIQD_000300,LIQ_000100,DESCUENTOS,1,-203.68,False,False
LIQD_000301,LIQ_000100,CARGAS_SOCIALES,1,287.54,False,True
LIQD_000302,LIQ_000101,BASICO,1,1426.38,True,False
LIQD_000303,LIQ_000101,DESCUENTOS,1,-242.48,False,False
LIQD_000304,LIQ_000101,CARGAS_SOCIALES,1,342.33,False,True
LIQD_000305,LIQ_000102,BASICO,1,1286.66,True,False
LIQD_000306,LIQ_000102,DESCUENTOS,1,-230.34,False,False
LIQD_000307,LIQ_000102,CARGAS_SOCIALES,1,325.19,False,True
LIQD_000308,LIQ_000102,HORAS_EXTRA,1,68.31,True,False
LIQD_000309,LIQ_000103,BASICO,1,1871.46,True,False
LIQD_000310,LIQ_000103,DESCUENTOS,1,-343.57,False,False
LIQD_000311,LIQ_000103,CARGAS_SOCIALES,1,485.04,False,True
LIQD_000312,LIQ_000103,HORAS_EXTRA,1,149.52,True,False
LIQD_000313,LIQ_000104,BASICO,1,1158.54,True,False
LIQD_000314,LIQ_000104,DESCUENTOS,1,-196.95,False,False
LIQD_000315,LIQ_000104,CARGAS_SOCIALES,1,278.05,False,True
LIQD_000316,LIQ_000105,BASICO,1,1286.19,True,False
LIQD_000317,LIQ_000105,DESCUENTOS,1,-243.18,False,False
LIQD_000318,LIQ_000105,CARGAS_SOCIALES,1,343.31,False,True
LIQD_000319,LIQ_000105,HORAS_EXTRA,1,144.26,True,False
LIQD_000320,LIQ_000106,BASICO,1,1160.07,True,False
LIQD_000321,LIQ_000106,DESCUENTOS,1,-197.21,False,False
LIQD_000322,LIQ_000106,CARGAS_SOCIALES,1,278.42,False,True
LIQD_000323,LIQ_000107,BASICO,1,1209.92,True,False
LIQD_000324,LIQ_000107,DESCUENTOS,1,-205.69,False,False
LIQD_000325,LIQ_000107,CARGAS_SOCIALES,1,290.38,False,True
LIQD_000326,LIQ_000108,BASICO,1,1251.25,True,False
LIQD_000327,LIQ_000108,DESCUENTOS,1,-229.48,False,False
LIQD_000328,LIQ_000108,CARGAS_SOCIALES,1,323.98,False,True
LIQD_000329,LIQ_000108,HORAS_EXTRA,1,98.65,True,False
LIQD_000330,LIQ_000109,BASICO,1,1289.44,True,False
LIQD_000331,LIQ_000109,DESCUENTOS,1,-241.39,False,False
LIQD_000332,LIQ_000109,CARGAS_SOCIALES,1,340.79,False,True
LIQD_000333,LIQ_000109,HORAS_EXTRA,1,130.53,True,False
LIQD_000334,LIQ_000110,BASICO,1,1439.29,True,False
LIQD_000335,LIQ_000110,DESCUENTOS,1,-244.68,False,False
LIQD_000336,LIQ_000110,CARGAS_SOCIALES,1,345.43,False,True
LIQD_000337,LIQ_000111,BASICO,1,1248.19,True,False
LIQD_000338,LIQ_000111,DESCUENTOS,1,-237.98,False,False
LIQD_000339,LIQ_000111,CARGAS_SOCIALES,1,335.97,False,True
LIQD_000340,LIQ_000111,HORAS_EXTRA,1,151.68,True,False
LIQD_000341,LIQ_000112,BASICO,1,1359.27,True,False
LIQD_000342,LIQ_000112,DESCUENTOS,1,-245.69,False,False
LIQD_000343,LIQ_000112,CARGAS_SOCIALES,1,346.86,False,True
LIQD_000344,LIQ_000112,HORAS_EXTRA,1,85.99,True,False
LIQD_000345,LIQ_000113,BASICO,1,1256.28,True,False
LIQD_000346,LIQ_000113,DESCUENTOS,1,-241.72,False,False
LIQD_000347,LIQ_000113,CARGAS_SOCIALES,1,341.25,False,True
LIQD_000348,LIQ_000113,HORAS_EXTRA,1,165.61,True,False
LIQD_000349,LIQ_000114,BASICO,1,1171.46,True,False
LIQD_000350,LIQ_000114,DESCUENTOS,1,-199.15,False,False
LIQD_000351,LIQ_000114,CARGAS_SOCIALES,1,281.15,False,True
LIQD_000352,LIQ_000115,BASICO,1,1220.71,True,False
LIQD_000353,LIQ_000115,DESCUENTOS,1,-207.52,False,False
LIQD_000354,LIQ_000115,CARGAS_SOCIALES,1,292.97,False,True
LIQD_000355,LIQ_000116,BASICO,1,1219.41,True,False
LIQD_000356,LIQ_000116,DESCUENTOS,1,-207.3,False,False
LIQD_000357,LIQ_000116,CARGAS_SOCIALES,1,292.66,False,True
LIQD_000358,LIQ_000117,BASICO,1,1408.66,True,False
LIQD_000359,LIQ_000117,DESCUENTOS,1,-274.61,False,False
LIQD_000360,LIQ_000117,CARGAS_SOCIALES,1,387.68,False,True
LIQD_000361,LIQ_000117,HORAS_EXTRA,1,206.67,True,False
LIQD_000362,LIQ_000118,BASICO,1,1256.49,True,False
LIQD_000363,LIQ_000118,DESCUENTOS,1,-232.88,False,False
LIQD_000364,LIQ_000118,CARGAS_SOCIALES,1,328.77,False,True
LIQD_000365,LIQ_000118,HORAS_EXTRA,1,113.4,True,False
LIQD_000366,LIQ_000119,BASICO,1,1454.06,True,False
LIQD_000367,LIQ_000119,DESCUENTOS,1,-247.19,False,False
LIQD_000368,LIQ_000119,CARGAS_SOCIALES,1,348.97,False,True
LIQD_000369,LIQ_000120,BASICO,1,1400.08,True,False
LIQD_000370,LIQ_000120,DESCUENTOS,1,-253.71,False,False
LIQD_000371,LIQ_000120,CARGAS_SOCIALES,1,358.18,False,True
LIQD_000372,LIQ_000120,HORAS_EXTRA,1,92.34,True,False
LIQD_000373,LIQ_000121,BASICO,1,1270.81,True,False
LIQD_000374,LIQ_000121,DESCUENTOS,1,-249.02,False,False
LIQD_000375,LIQ_000121,CARGAS_SOCIALES,1,351.55,False,True
LIQD_000376,LIQ_000121,HORAS_EXTRA,1,194.0,True,False
LIQD_000377,LIQ_000122,BASICO,1,1489.79,True,False
LIQD_000378,LIQ_000122,DESCUENTOS,1,-253.26,False,False
LIQD_000379,LIQ_000122,CARGAS_SOCIALES,1,357.55,False,True
LIQD_000380,LIQ_000123,BASICO,1,1497.41,True,False
LIQD_000381,LIQ_000123,DESCUENTOS,1,-254.56,False,False
LIQD_000382,LIQ_000123,CARGAS_SOCIALES,1,359.38,False,True
LIQD_000383,LIQ_000124,BASICO,1,1179.2,True,False
LIQD_000384,LIQ_000124,DESCUENTOS,1,-200.46,False,False
LIQD_000385,LIQ_000124,CARGAS_SOCIALES,1,283.01,False,True
LIQD_000386,LIQ_000125,BASICO,1,1470.72,True,False
LIQD_000387,LIQ_000125,DESCUENTOS,1,-250.02,False,False
LIQD_000388,LIQ_000125,CARGAS_SOCIALES,1,352.97,False,True
LIQD_000389,LIQ_000126,BASICO,1,1245.86,True,False
LIQD_000390,LIQ_000126,DESCUENTOS,1,-228.97,False,False
LIQD_000391,LIQ_000126,CARGAS_SOCIALES,1,323.26,False,True
LIQD_000392,LIQ_000126,HORAS_EXTRA,1,101.05,True,False
LIQD_000393,LIQ_000127,BASICO,1,1864.17,True,False
LIQD_000394,LIQ_000127,DESCUENTOS,1,-352.8,False,False
LIQD_000395,LIQ_000127,CARGAS_SOCIALES,1,498.07,False,True
LIQD_000396,LIQ_000127,HORAS_EXTRA,1,62.94,True,False
LIQD_000397,LIQ_000127,BONO,1,148.19,True,False
LIQD_000398,LIQ_000128,BASICO,1,1169.46,True,False
LIQD_000399,LIQ_000128,DESCUENTOS,1,-198.81,False,False
LIQD_000400,LIQ_000128,CARGAS_SOCIALES,1,280.67,False,True
LIQD_000401,LIQ_000129,BASICO,1,1232.09,True,False
LIQD_000402,LIQ_000129,DESCUENTOS,1,-225.09,False,False
LIQD_000403,LIQ_000129,CARGAS_SOCIALES,1,317.77,False,True
LIQD_000404,LIQ_000129,HORAS_EXTRA,1,91.96,True,False
LIQD_000405,LIQ_000130,BASICO,1,1223.82,True,False
LIQD_000406,LIQ_000130,DESCUENTOS,1,-208.05,False,False
LIQD_000407,LIQ_000130,CARGAS_SOCIALES,1,293.72,False,True
LIQD_000408,LIQ_000131,BASICO,1,1199.95,True,False
LIQD_000409,LIQ_000131,DESCUENTOS,1,-203.99,False,False
LIQD_000410,LIQ_000131,CARGAS_SOCIALES,1,287.99,False,True
LIQD_000411,LIQ_000132,BASICO,1,1253.61,True,False
LIQD_000412,LIQ_000132,DESCUENTOS,1,-247.08,False,False
LIQD_000413,LIQ_000132,CARGAS_SOCIALES,1,348.82,False,True
LIQD_000414,LIQ_000132,HORAS_EXTRA,1,199.82,True,False
LIQD_000415,LIQ_000133,BASICO,1,1231.92,True,False
LIQD_000416,LIQ_000133,DESCUENTOS,1,-220.54,False,False
LIQD_000417,LIQ_000133,CARGAS_SOCIALES,1,311.35,False,True
LIQD_000418,LIQ_000133,HORAS_EXTRA,1,65.39,True,False
LIQD_000419,LIQ_000134,BASICO,1,1486.42,True,False
LIQD_000420,LIQ_000134,DESCUENTOS,1,-252.69,False,False
LIQD_000421,LIQ_000134,CARGAS_SOCIALES,1,356.74,False,True
LIQD_000422,LIQ_000135,BASICO,1,1256.77,True,False
LIQD_000423,LIQ_000135,DESCUENTOS,1,-230.79,False,False
LIQD_000424,LIQ_000135,CARGAS_SOCIALES,1,325.82,False,True
LIQD_000425,LIQ_000135,HORAS_EXTRA,1,100.82,True,False
LIQD_000426,LIQ_000136,BASICO,1,1354.45,True,False
LIQD_000427,LIQ_000136,DESCUENTOS,1,-249.9,False,False
LIQD_000428,LIQ_000136,CARGAS_SOCIALES,1,352.8,False,True
LIQD_000429,LIQ_000136,HORAS_EXTRA,1,115.56,True,False
LIQD_000430,LIQ_000137,BASICO,1,1291.25,True,False
LIQD_000431,LIQ_000137,DESCUENTOS,1,-232.61,False,False
LIQD_000432,LIQ_000137,CARGAS_SOCIALES,1,328.39,False,True
LIQD_000433,LIQ_000137,HORAS_EXTRA,1,77.06,True,False
LIQD_000434,LIQ_000138,BASICO,1,1204.85,True,False
LIQD_000435,LIQ_000138,DESCUENTOS,1,-204.82,False,False
LIQD_000436,LIQ_000138,CARGAS_SOCIALES,1,289.16,False,True
LIQD_000437,LIQ_000139,BASICO,1,1160.71,True,False
LIQD_000438,LIQ_000139,DESCUENTOS,1,-197.32,False,False
LIQD_000439,LIQ_000139,CARGAS_SOCIALES,1,278.57,False,True
LIQD_000440,LIQ_000140,BASICO,1,1167.24,True,False
LIQD_000441,LIQ_000140,DESCUENTOS,1,-198.43,False,False
LIQD_000442,LIQ_000140,CARGAS_SOCIALES,1,280.14,False,True
LIQD_000443,LIQ_000141,BASICO,1,1379.83,True,False
LIQD_000444,LIQ_000141,DESCUENTOS,1,-253.86,False,False
LIQD_000445,LIQ_000141,CARGAS_SOCIALES,1,358.39,False,True
LIQD_000446,LIQ_000141,HORAS_EXTRA,1,113.45,True,False
LIQD_000447,LIQ_000142,BASICO,1,1257.93,True,False
LIQD_000448,LIQ_000142,DESCUENTOS,1,-256.82,False,False
LIQD_000449,LIQ_000142,CARGAS_SOCIALES,1,362.57,False,True
LIQD_000450,LIQ_000142,HORAS_EXTRA,1,252.77,True,False
LIQD_000451,LIQ_000143,BASICO,1,1486.98,True,False
LIQD_000452,LIQ_000143,DESCUENTOS,1,-252.79,False,False
LIQD_000453,LIQ_000143,CARGAS_SOCIALES,1,356.88,False,True
LIQD_000454,LIQ_000144,BASICO,1,1434.56,True,False
LIQD_000455,LIQ_000144,DESCUENTOS,1,-281.47,False,False
LIQD_000456,LIQ_000144,CARGAS_SOCIALES,1,397.38,False,True
LIQD_000457,LIQ_000144,HORAS_EXTRA,1,221.17,True,False
LIQD_000458,LIQ_000145,BASICO,1,1288.91,True,False
LIQD_000459,LIQ_000145,DESCUENTOS,1,-219.11,False,False
LIQD_000460,LIQ_000145,CARGAS_SOCIALES,1,309.34,False,True
LIQD_000461,LIQ_000146,BASICO,1,1493.42,True,False
LIQD_000462,LIQ_000146,DESCUENTOS,1,-253.88,False,False
LIQD_000463,LIQ_000146,CARGAS_SOCIALES,1,358.42,False,True
LIQD_000464,LIQ_000147,BASICO,1,1484.53,True,False
LIQD_000465,LIQ_000147,DESCUENTOS,1,-252.37,False,False
LIQD_000466,LIQ_000147,CARGAS_SOCIALES,1,356.29,False,True
LIQD_000467,LIQ_000148,BASICO,1,1213.17,True,False
LIQD_000468,LIQ_000148,DESCUENTOS,1,-206.24,False,False
LIQD_000469,LIQ_000148,CARGAS_SOCIALES,1,291.16,False,True
LIQD_000470,LIQ_000149,BASICO,1,1502.32,True,False
LIQD_000471,LIQ_000149,DESCUENTOS,1,-255.39,False,False
LIQD_000472,LIQ_000149,CARGAS_SOCIALES,1,360.56,False,True
LIQD_000473,LIQ_000150,BASICO,1,1260.64,True,False
LIQD_000474,LIQ_000150,DESCUENTOS,1,-214.31,False,False
LIQD_000475,LIQ_000150,CARGAS_SOCIALES,1,302.55,False,True
LIQD_000476,LIQ_000151,BASICO,1,1853.3,True,False
LIQD_000477,LIQ_000151,DESCUENTOS,1,-315.06,False,False
LIQD_000478,LIQ_000151,CARGAS_SOCIALES,1,444.79,False,True
LIQD_000479,LIQ_000152,BASICO,1,1192.86,True,False
LIQD_000480,LIQ_000152,DESCUENTOS,1,-202.79,False,False
LIQD_000481,LIQ_000152,CARGAS_SOCIALES,1,286.29,False,True
LIQD_000482,LIQ_000153,BASICO,1,1288.83,True,False
LIQD_000483,LIQ_000153,DESCUENTOS,1,-219.1,False,False
LIQD_000484,LIQ_000153,CARGAS_SOCIALES,1,309.32,False,True
LIQD_000485,LIQ_000154,BASICO,1,1186.94,True,False
LIQD_000486,LIQ_000154,DESCUENTOS,1,-201.78,False,False
LIQD_000487,LIQ_000154,CARGAS_SOCIALES,1,284.87,False,True
LIQD_000488,LIQ_000155,BASICO,1,1214.44,True,False
LIQD_000489,LIQ_000155,DESCUENTOS,1,-206.45,False,False
LIQD_000490,LIQ_000155,CARGAS_SOCIALES,1,291.47,False,True
LIQD_000491,LIQ_000156,BASICO,1,1284.95,True,False
LIQD_000492,LIQ_000156,DESCUENTOS,1,-218.44,False,False
LIQD_000493,LIQ_000156,CARGAS_SOCIALES,1,308.39,False,True
LIQD_000494,LIQ_000157,BASICO,1,1297.14,True,False
LIQD_000495,LIQ_000157,DESCUENTOS,1,-220.51,False,False
LIQD_000496,LIQ_000157,CARGAS_SOCIALES,1,311.31,False,True
LIQD_000497,LIQ_000158,BASICO,1,1442.66,True,False
LIQD_000498,LIQ_000158,DESCUENTOS,1,-245.25,False,False
LIQD_000499,LIQ_000158,CARGAS_SOCIALES,1,346.24,False,True
LIQD_000500,LIQ_000159,BASICO,1,1278.22,True,False
LIQD_000501,LIQ_000159,DESCUENTOS,1,-217.3,False,False
LIQD_000502,LIQ_000159,CARGAS_SOCIALES,1,306.77,False,True
LIQD_000503,LIQ_000160,BASICO,1,1415.07,True,False
LIQD_000504,LIQ_000160,DESCUENTOS,1,-240.56,False,False
LIQD_000505,LIQ_000160,CARGAS_SOCIALES,1,339.62,False,True
LIQD_000506,LIQ_000161,BASICO,1,1295.22,True,False
LIQD_000507,LIQ_000161,DESCUENTOS,1,-220.19,False,False
LIQD_000508,LIQ_000161,CARGAS_SOCIALES,1,310.85,False,True
LIQD_000509,LIQ_000162,BASICO,1,1220.61,True,False
LIQD_000510,LIQ_000162,DESCUENTOS,1,-207.5,False,False
LIQD_000511,LIQ_000162,CARGAS_SOCIALES,1,292.95,False,True
LIQD_000512,LIQ_000163,BASICO,1,1197.01,True,False
LIQD_000513,LIQ_000163,DESCUENTOS,1,-203.49,False,False
LIQD_000514,LIQ_000163,CARGAS_SOCIALES,1,287.28,False,True
LIQD_000515,LIQ_000164,BASICO,1,1197.4,True,False
LIQD_000516,LIQ_000164,DESCUENTOS,1,-203.56,False,False
LIQD_000517,LIQ_000164,CARGAS_SOCIALES,1,287.38,False,True
LIQD_000518,LIQ_000165,BASICO,1,1366.25,True,False
LIQD_000519,LIQ_000165,DESCUENTOS,1,-232.26,False,False
LIQD_000520,LIQ_000165,CARGAS_SOCIALES,1,327.9,False,True
LIQD_000521,LIQ_000166,BASICO,1,1298.12,True,False
LIQD_000522,LIQ_000166,DESCUENTOS,1,-220.68,False,False
LIQD_000523,LIQ_000166,CARGAS_SOCIALES,1,311.55,False,True
LIQD_000524,LIQ_000167,BASICO,1,1443.19,True,False
LIQD_000525,LIQ_000167,DESCUENTOS,1,-245.34,False,False
LIQD_000526,LIQ_000167,CARGAS_SOCIALES,1,346.37,False,True
LIQD_000527,LIQ_000168,BASICO,1,1412.41,True,False
LIQD_000528,LIQ_000168,DESCUENTOS,1,-240.11,False,False
LIQD_000529,LIQ_000168,CARGAS_SOCIALES,1,338.98,False,True
LIQD_000530,LIQ_000169,BASICO,1,1284.68,True,False
LIQD_000531,LIQ_000169,DESCUENTOS,1,-218.4,False,False
LIQD_000532,LIQ_000169,CARGAS_SOCIALES,1,308.32,False,True
LIQD_000533,LIQ_000170,BASICO,1,1459.39,True,False
LIQD_000534,LIQ_000170,DESCUENTOS,1,-248.1,False,False
LIQD_000535,LIQ_000170,CARGAS_SOCIALES,1,350.25,False,True
LIQD_000536,LIQ_000171,BASICO,1,1439.37,True,False
LIQD_000537,LIQ_000171,DESCUENTOS,1,-244.69,False,False
LIQD_000538,LIQ_000171,CARGAS_SOCIALES,1,345.45,False,True
LIQD_000539,LIQ_000172,BASICO,1,1169.78,True,False
LIQD_000540,LIQ_000172,DESCUENTOS,1,-198.86,False,False
LIQD_000541,LIQ_000172,CARGAS_SOCIALES,1,280.75,False,True
LIQD_000542,LIQ_000173,BASICO,1,1495.52,True,False
LIQD_000543,LIQ_000173,DESCUENTOS,1,-254.24,False,False
LIQD_000544,LIQ_000173,CARGAS_SOCIALES,1,358.92,False,True
LIQD_000545,LIQ_000174,BASICO,1,1263.31,True,False
LIQD_000546,LIQ_000174,DESCUENTOS,1,-214.76,False,False
LIQD_000547,LIQ_000174,CARGAS_SOCIALES,1,303.19,False,True
LIQD_000548,LIQ_000175,BASICO,1,1793.44,True,False
LIQD_000549,LIQ_000175,DESCUENTOS,1,-304.88,False,False
LIQD_000550,LIQ_000175,CARGAS_SOCIALES,1,430.43,False,True
LIQD_000551,LIQ_000176,BASICO,1,1207.16,True,False
LIQD_000552,LIQ_000176,DESCUENTOS,1,-205.22,False,False
LIQD_000553,LIQ_000176,CARGAS_SOCIALES,1,289.72,False,True
LIQD_000554,LIQ_000177,BASICO,1,1243.76,True,False
LIQD_000555,LIQ_000177,DESCUENTOS,1,-211.44,False,False
LIQD_000556,LIQ_000177,CARGAS_SOCIALES,1,298.5,False,True
LIQD_000557,LIQ_000178,BASICO,1,1218.45,True,False
LIQD_000558,LIQ_000178,DESCUENTOS,1,-207.14,False,False
LIQD_000559,LIQ_000178,CARGAS_SOCIALES,1,292.43,False,True
LIQD_000560,LIQ_000179,BASICO,1,1178.32,True,False
LIQD_000561,LIQ_000179,DESCUENTOS,1,-200.31,False,False
LIQD_000562,LIQ_000179,CARGAS_SOCIALES,1,282.8,False,True
LIQD_000563,LIQ_000180,BASICO,1,1240.02,True,False
LIQD_000564,LIQ_000180,DESCUENTOS,1,-210.8,False,False
LIQD_000565,LIQ_000180,CARGAS_SOCIALES,1,297.6,False,True
LIQD_000566,LIQ_000181,BASICO,1,1231.36,True,False
LIQD_000567,LIQ_000181,DESCUENTOS,1,-209.33,False,False
LIQD_000568,LIQ_000181,CARGAS_SOCIALES,1,295.53,False,True
LIQD_000569,LIQ_000182,BASICO,1,1465.5,True,False
LIQD_000570,LIQ_000182,DESCUENTOS,1,-249.14,False,False
LIQD_000571,LIQ_000182,CARGAS_SOCIALES,1,351.72,False,True
LIQD_000572,LIQ_000183,BASICO,1,1258.81,True,False
LIQD_000573,LIQ_000183,DESCUENTOS,1,-214.0,False,False
LIQD_000574,LIQ_000183,CARGAS_SOCIALES,1,302.11,False,True
LIQD_000575,LIQ_000184,BASICO,1,1414.61,True,False
LIQD_000576,LIQ_000184,DESCUENTOS,1,-240.48,False,False
LIQD_000577,LIQ_000184,CARGAS_SOCIALES,1,339.51,False,True
LIQD_000578,LIQ_000185,BASICO,1,1259.85,True,False
LIQD_000579,LIQ_000185,DESCUENTOS,1,-214.17,False,False
LIQD_000580,LIQ_000185,CARGAS_SOCIALES,1,302.36,False,True
LIQD_000581,LIQ_000186,BASICO,1,1180.74,True,False
LIQD_000582,LIQ_000186,DESCUENTOS,1,-200.73,False,False
LIQD_000583,LIQ_000186,CARGAS_SOCIALES,1,283.38,False,True
LIQD_000584,LIQ_000187,BASICO,1,1174.93,True,False
LIQD_000585,LIQ_000187,DESCUENTOS,1,-199.74,False,False
LIQD_000586,LIQ_000187,CARGAS_SOCIALES,1,281.98,False,True
LIQD_000587,LIQ_000188,BASICO,1,1176.09,True,False
LIQD_000588,LIQ_000188,DESCUENTOS,1,-199.94,False,False
LIQD_000589,LIQ_000188,CARGAS_SOCIALES,1,282.26,False,True
LIQD_000590,LIQ_000189,BASICO,1,1429.23,True,False
LIQD_000591,LIQ_000189,DESCUENTOS,1,-242.97,False,False
LIQD_000592,LIQ_000189,CARGAS_SOCIALES,1,343.02,False,True
LIQD_000593,LIQ_000190,BASICO,1,1237.38,True,False
LIQD_000594,LIQ_000190,DESCUENTOS,1,-210.35,False,False
LIQD_000595,LIQ_000190,CARGAS_SOCIALES,1,296.97,False,True
LIQD_000596,LIQ_000191,BASICO,1,1506.97,True,False
LIQD_000597,LIQ_000191,DESCUENTOS,1,-256.18,False,False
LIQD_000598,LIQ_000191,CARGAS_SOCIALES,1,361.67,False,True
LIQD_000599,LIQ_000192,BASICO,1,1379.47,True,False
LIQD_000600,LIQ_000192,DESCUENTOS,1,-234.51,False,False
LIQD_000601,LIQ_000192,CARGAS_SOCIALES,1,331.07,False,True
LIQD_000602,LIQ_000193,BASICO,1,1231.63,True,False
LIQD_000603,LIQ_000193,DESCUENTOS,1,-209.38,False,False
LIQD_000604,LIQ_000193,CARGAS_SOCIALES,1,295.59,False,True
LIQD_000605,LIQ_000194,BASICO,1,1442.64,True,False
LIQD_000606,LIQ_000194,DESCUENTOS,1,-245.25,False,False
LIQD_000607,LIQ_000194,CARGAS_SOCIALES,1,346.23,False,True
LIQD_000608,LIQ_000195,BASICO,1,1426.08,True,False
LIQD_000609,LIQ_000195,DESCUENTOS,1,-242.43,False,False
LIQD_000610,LIQ_000195,CARGAS_SOCIALES,1,342.26,False,True
LIQD_000611,LIQ_000196,BASICO,1,1212.33,True,False
LIQD_000612,LIQ_000196,DESCUENTOS,1,-206.1,False,False
LIQD_000613,LIQ_000196,CARGAS_SOCIALES,1,290.96,False,True
LIQD_000614,LIQ_000197,BASICO,1,1465.59,True,False
LIQD_000615,LIQ_000197,DESCUENTOS,1,-249.15,False,False
LIQD_000616,LIQ_000197,CARGAS_SOCIALES,1,351.74,False,True
LIQD_000617,LIQ_000198,BASICO,1,1250.27,True,False
LIQD_000618,LIQ_000198,DESCUENTOS,1,-212.55,False,False
LIQD_000619,LIQ_000198,CARGAS_SOCIALES,1,300.06,False,True
LIQD_000620,LIQ_000199,BASICO,1,1855.9,True,False
LIQD_000621,LIQ_000199,DESCUENTOS,1,-315.5,False,False
LIQD_000622,LIQ_000199,CARGAS_SOCIALES,1,445.42,False,True
LIQD_000623,LIQ_000200,BASICO,1,1201.05,True,False
LIQD_000624,LIQ_000200,DESCUENTOS,1,-204.18,False,False
LIQD_000625,LIQ_000200,CARGAS_SOCIALES,1,288.25,False,True
LIQD_000626,LIQ_000201,BASICO,1,1295.49,True,False
LIQD_000627,LIQ_000201,DESCUENTOS,1,-220.23,False,False
LIQD_000628,LIQ_000201,CARGAS_SOCIALES,1,310.92,False,True
LIQD_000629,LIQ_000202,BASICO,1,1224.46,True,False
LIQD_000630,LIQ_000202,DESCUENTOS,1,-208.16,False,False
LIQD_000631,LIQ_000202,CARGAS_SOCIALES,1,293.87,False,True
LIQD_000632,LIQ_000203,BASICO,1,1204.59,True,False
LIQD_000633,LIQ_000203,DESCUENTOS,1,-204.78,False,False
LIQD_000634,LIQ_000203,CARGAS_SOCIALES,1,289.1,False,True
LIQD_000635,LIQ_000204,BASICO,1,1286.34,True,False
LIQD_000636,LIQ_000204,DESCUENTOS,1,-218.68,False,False
LIQD_000637,LIQ_000204,CARGAS_SOCIALES,1,308.72,False,True
LIQD_000638,LIQ_000205,BASICO,1,1284.43,True,False
LIQD_000639,LIQ_000205,DESCUENTOS,1,-218.35,False,False
LIQD_000640,LIQ_000205,CARGAS_SOCIALES,1,308.26,False,True
LIQD_000641,LIQ_000206,BASICO,1,1463.74,True,False
LIQD_000642,LIQ_000206,DESCUENTOS,1,-248.84,False,False
LIQD_000643,LIQ_000206,CARGAS_SOCIALES,1,351.3,False,True
LIQD_000644,LIQ_000207,BASICO,1,1277.83,True,False
LIQD_000645,LIQ_000207,DESCUENTOS,1,-217.23,False,False
LIQD_000646,LIQ_000207,CARGAS_SOCIALES,1,306.68,False,True
LIQD_000647,LIQ_000208,BASICO,1,1358.88,True,False
LIQD_000648,LIQ_000208,DESCUENTOS,1,-231.01,False,False
LIQD_000649,LIQ_000208,CARGAS_SOCIALES,1,326.13,False,True
LIQD_000650,LIQ_000209,BASICO,1,1281.85,True,False
LIQD_000651,LIQ_000209,DESCUENTOS,1,-217.91,False,False
LIQD_000652,LIQ_000209,CARGAS_SOCIALES,1,307.64,False,True
LIQD_000653,LIQ_000210,BASICO,1,1224.5,True,False
LIQD_000654,LIQ_000210,DESCUENTOS,1,-208.17,False,False
LIQD_000655,LIQ_000210,CARGAS_SOCIALES,1,293.88,False,True
LIQD_000656,LIQ_000211,BASICO,1,1162.42,True,False
LIQD_000657,LIQ_000211,DESCUENTOS,1,-197.61,False,False
LIQD_000658,LIQ_000211,CARGAS_SOCIALES,1,278.98,False,True
LIQD_000659,LIQ_000212,BASICO,1,1215.6,True,False
LIQD_000660,LIQ_000212,DESCUENTOS,1,-206.65,False,False
LIQD_000661,LIQ_000212,CARGAS_SOCIALES,1,291.74,False,True
LIQD_000662,LIQ_000213,BASICO,1,1429.65,True,False
LIQD_000663,LIQ_000213,DESCUENTOS,1,-243.04,False,False
LIQD_000664,LIQ_000213,CARGAS_SOCIALES,1,343.12,False,True
LIQD_000665,LIQ_000214,BASICO,1,1241.96,True,False
LIQD_000666,LIQ_000214,DESCUENTOS,1,-211.13,False,False
LIQD_000667,LIQ_000214,CARGAS_SOCIALES,1,298.07,False,True
LIQD_000668,LIQ_000215,BASICO,1,1466.66,True,False
LIQD_000669,LIQ_000215,DESCUENTOS,1,-249.33,False,False
LIQD_000670,LIQ_000215,CARGAS_SOCIALES,1,352.0,False,True
LIQD_000671,LIQ_000216,BASICO,1,1429.23,True,False
LIQD_000672,LIQ_000216,DESCUENTOS,1,-242.97,False,False
LIQD_000673,LIQ_000216,CARGAS_SOCIALES,1,343.02,False,True
LIQD_000674,LIQ_000217,BASICO,1,1297.02,True,False
LIQD_000675,LIQ_000217,DESCUENTOS,1,-246.56,False,False
LIQD_000676,LIQ_000217,CARGAS_SOCIALES,1,348.08,False,True
LIQD_000677,LIQ_000217,HORAS_EXTRA,1,153.32,True,False
LIQD_000678,LIQ_000218,BASICO,1,1481.74,True,False
LIQD_000679,LIQ_000218,DESCUENTOS,1,-251.9,False,False
LIQD_000680,LIQ_000218,CARGAS_SOCIALES,1,355.62,False,True
LIQD_000681,LIQ_000219,BASICO,1,1440.28,True,False
LIQD_000682,LIQ_000219,DESCUENTOS,1,-244.85,False,False
LIQD_000683,LIQ_000219,CARGAS_SOCIALES,1,345.67,False,True
LIQD_000684,LIQ_000220,BASICO,1,1179.39,True,False
LIQD_000685,LIQ_000220,DESCUENTOS,1,-200.5,False,False
LIQD_000686,LIQ_000220,CARGAS_SOCIALES,1,283.05,False,True
LIQD_000687,LIQ_000221,BASICO,1,1423.03,True,False
LIQD_000688,LIQ_000221,DESCUENTOS,1,-241.92,False,False
LIQD_000689,LIQ_000221,CARGAS_SOCIALES,1,341.53,False,True
LIQD_000690,LIQ_000222,BASICO,1,1236.51,True,False
LIQD_000691,LIQ_000222,DESCUENTOS,1,-225.12,False,False
LIQD_000692,LIQ_000222,CARGAS_SOCIALES,1,317.82,False,True
LIQD_000693,LIQ_000222,HORAS_EXTRA,1,87.75,True,False
LIQD_000694,LIQ_000223,BASICO,1,1854.92,True,False
LIQD_000695,LIQ_000223,DESCUENTOS,1,-345.23,False,False
LIQD_000696,LIQ_000223,CARGAS_SOCIALES,1,487.39,False,True
LIQD_000697,LIQ_000223,HORAS_EXTRA,1,175.86,True,False
LIQD_000698,LIQ_000224,BASICO,1,1185.8,True,False
LIQD_000699,LIQ_000224,DESCUENTOS,1,-201.59,False,False
LIQD_000700,LIQ_000224,CARGAS_SOCIALES,1,284.59,False,True
LIQD_000701,LIQ_000225,BASICO,1,1245.51,True,False
LIQD_000702,LIQ_000225,DESCUENTOS,1,-237.9,False,False
LIQD_000703,LIQ_000225,CARGAS_SOCIALES,1,335.87,False,True
LIQD_000704,LIQ_000225,HORAS_EXTRA,1,153.93,True,False
LIQD_000705,LIQ_000226,BASICO,1,1171.03,True,False
LIQD_000706,LIQ_000226,DESCUENTOS,1,-199.08,False,False
LIQD_000707,LIQ_000226,CARGAS_SOCIALES,1,281.05,False,True
LIQD_000708,LIQ_000227,BASICO,1,1178.52,True,False
LIQD_000709,LIQ_000227,DESCUENTOS,1,-200.35,False,False
LIQD_000710,LIQ_000227,CARGAS_SOCIALES,1,282.84,False,True
LIQD_000711,LIQ_000228,BASICO,1,1238.37,True,False
LIQD_000712,LIQ_000228,DESCUENTOS,1,-226.76,False,False
LIQD_000713,LIQ_000228,CARGAS_SOCIALES,1,320.13,False,True
LIQD_000714,LIQ_000228,HORAS_EXTRA,1,95.51,True,False
LIQD_000715,LIQ_000229,BASICO,1,1274.96,True,False
LIQD_000716,LIQ_000229,DESCUENTOS,1,-228.17,False,False
LIQD_000717,LIQ_000229,CARGAS_SOCIALES,1,322.12,False,True
LIQD_000718,LIQ_000229,HORAS_EXTRA,1,67.22,True,False
LIQD_000719,LIQ_000230,BASICO,1,1502.4,True,False
LIQD_000720,LIQ_000230,DESCUENTOS,1,-255.41,False,False
LIQD_000721,LIQ_000230,CARGAS_SOCIALES,1,360.58,False,True
LIQD_000722,LIQ_000231,BASICO,1,1284.86,True,False
LIQD_000723,LIQ_000231,DESCUENTOS,1,-253.89,False,False
LIQD_000724,LIQ_000231,CARGAS_SOCIALES,1,358.43,False,True
LIQD_000725,LIQ_000231,HORAS_EXTRA,1,208.59,True,False
LIQD_000726,LIQ_000232,BASICO,1,1399.11,True,False
LIQD_000727,LIQ_000232,DESCUENTOS,1,-262.92,False,False
LIQD_000728,LIQ_000232,CARGAS_SOCIALES,1,371.17,False,True
LIQD_000729,LIQ_000232,HORAS_EXTRA,1,147.45,True,False
LIQD_000730,LIQ_000233,BASICO,1,1257.32,True,False
LIQD_000731,LIQ_000233,DESCUENTOS,1,-233.37,False,False
LIQD_000732,LIQ_000233,CARGAS_SOCIALES,1,329.47,False,True
LIQD_000733,LIQ_000233,HORAS_EXTRA,1,115.47,True,False
LIQD_000734,LIQ_000234,BASICO,1,1176.21,True,False
LIQD_000735,LIQ_000234,DESCUENTOS,1,-199.96,False,False
LIQD_000736,LIQ_000234,CARGAS_SOCIALES,1,282.29,False,True
LIQD_000737,LIQ_000235,BASICO,1,1204.96,True,False
LIQD_000738,LIQ_000235,DESCUENTOS,1,-204.84,False,False
LIQD_000739,LIQ_000235,CARGAS_SOCIALES,1,289.19,False,True
LIQD_000740,LIQ_000236,BASICO,1,1215.94,True,False
LIQD_000741,LIQ_000236,DESCUENTOS,1,-206.71,False,False
LIQD_000742,LIQ_000236,CARGAS_SOCIALES,1,291.83,False,True
LIQD_000743,LIQ_000237,BASICO,1,1416.03,True,False
LIQD_000744,LIQ_000237,DESCUENTOS,1,-265.47,False,False
LIQD_000745,LIQ_000237,CARGAS_SOCIALES,1,374.78,False,True
LIQD_000746,LIQ_000237,HORAS_EXTRA,1,145.56,True,False
LIQD_000747,LIQ_000238,BASICO,1,1265.38,True,False
LIQD_000748,LIQ_000238,DESCUENTOS,1,-246.48,False,False
LIQD_000749,LIQ_000238,CARGAS_SOCIALES,1,347.97,False,True
LIQD_000750,LIQ_000238,HORAS_EXTRA,1,184.48,True,False
LIQD_000751,LIQ_000239,BASICO,1,1468.41,True,False
LIQD_000752,LIQ_000239,DESCUENTOS,1,-249.63,False,False
LIQD_000753,LIQ_000239,CARGAS_SOCIALES,1,352.42,False,True
LIQD_000754,LIQ_000240,BASICO,1,1374.82,True,False
LIQD_000755,LIQ_000240,DESCUENTOS,1,-244.07,False,False
LIQD_000756,LIQ_000240,CARGAS_SOCIALES,1,344.57,False,True
LIQD_000757,LIQ_000240,HORAS_EXTRA,1,60.88,True,False
LIQD_000758,LIQ_000241,BASICO,1,1295.17,True,False
LIQD_000759,LIQ_000241,DESCUENTOS,1,-251.0,False,False
LIQD_000760,LIQ_000241,CARGAS_SOCIALES,1,354.36,False,True
LIQD_000761,LIQ_000241,HORAS_EXTRA,1,181.32,True,False
LIQD_000762,LIQ_000242,BASICO,1,1475.02,True,False
LIQD_000763,LIQ_000242,DESCUENTOS,1,-250.75,False,False
LIQD_000764,LIQ_000242,CARGAS_SOCIALES,1,354.0,False,True
LIQD_000765,LIQ_000243,BASICO,1,1457.0,True,False
LIQD_000766,LIQ_000243,DESCUENTOS,1,-247.69,False,False
LIQD_000767,LIQ_000243,CARGAS_SOCIALES,1,349.68,False,True
LIQD_000768,LIQ_000244,BASICO,1,1189.69,True,False
LIQD_000769,LIQ_000244,DESCUENTOS,1,-202.25,False,False
LIQD_000770,LIQ_000244,CARGAS_SOCIALES,1,285.53,False,True
LIQD_000771,LIQ_000245,BASICO,1,1446.26,True,False
LIQD_000772,LIQ_000245,DESCUENTOS,1,-245.86,False,False
LIQD_000773,LIQ_000245,CARGAS_SOCIALES,1,347.1,False,True
LIQD_000774,LIQ_000246,BASICO,1,1257.99,True,False
LIQD_000775,LIQ_000246,DESCUENTOS,1,-246.8,False,False
LIQD_000776,LIQ_000246,CARGAS_SOCIALES,1,348.43,False,True
LIQD_000777,LIQ_000246,HORAS_EXTRA,1,193.79,True,False
LIQD_000778,LIQ_000247,BASICO,1,1787.96,True,False
LIQD_000779,LIQ_000247,DESCUENTOS,1,-336.22,False,False
LIQD_000780,LIQ_000247,CARGAS_SOCIALES,1,474.67,False,True
LIQD_000781,LIQ_000247,HORAS_EXTRA,1,189.82,True,False
LIQD_000782,LIQ_000248,BASICO,1,1204.73,True,False
LIQD_000783,LIQ_000248,DESCUENTOS,1,-204.8,False,False
LIQD_000784,LIQ_000248,CARGAS_SOCIALES,1,289.14,False,True
LIQD_000785,LIQ_000249,BASICO,1,1273.2,True,False
LIQD_000786,LIQ_000249,DESCUENTOS,1,-254.81,False,False
LIQD_000787,LIQ_000249,CARGAS_SOCIALES,1,359.73,False,True
LIQD_000788,LIQ_000249,HORAS_EXTRA,1,225.68,True,False
LIQD_000789,LIQ_000250,BASICO,1,1199.46,True,False
LIQD_000790,LIQ_000250,DESCUENTOS,1,-203.91,False,False
LIQD_000791,LIQ_000250,CARGAS_SOCIALES,1,287.87,False,True
LIQD_000792,LIQ_000251,BASICO,1,1224.3,True,False
LIQD_000793,LIQ_000251,DESCUENTOS,1,-208.13,False,False
LIQD_000794,LIQ_000251,CARGAS_SOCIALES,1,293.83,False,True
LIQD_000795,LIQ_000252,BASICO,1,1263.13,True,False
LIQD_000796,LIQ_000252,DESCUENTOS,1,-238.13,False,False
LIQD_000797,LIQ_000252,CARGAS_SOCIALES,1,336.18,False,True
LIQD_000798,LIQ_000252,HORAS_EXTRA,1,137.63,True,False
LIQD_000799,LIQ_000253,BASICO,1,1242.72,True,False
LIQD_000800,LIQ_000253,DESCUENTOS,1,-243.54,False,False
LIQD_000801,LIQ_000253,CARGAS_SOCIALES,1,343.81,False,True
LIQD_000802,LIQ_000253,HORAS_EXTRA,1,189.84,True,False
LIQD_000803,LIQ_000254,BASICO,1,1457.89,True,False
LIQD_000804,LIQ_000254,DESCUENTOS,1,-247.84,False,False
LIQD_000805,LIQ_000254,CARGAS_SOCIALES,1,349.89,False,True
LIQD_000806,LIQ_000255,BASICO,1,1245.83,True,False
LIQD_000807,LIQ_000255,DESCUENTOS,1,-250.57,False,False
LIQD_000808,LIQ_000255,CARGAS_SOCIALES,1,353.74,False,True
LIQD_000809,LIQ_000255,HORAS_EXTRA,1,228.1,True,False
LIQD_000810,LIQ_000256,BASICO,1,1402.4,True,False
LIQD_000811,LIQ_000256,DESCUENTOS,1,-258.34,False,False
LIQD_000812,LIQ_000256,CARGAS_SOCIALES,1,364.71,False,True
LIQD_000813,LIQ_000256,HORAS_EXTRA,1,117.24,True,False
LIQD_000814,LIQ_000257,BASICO,1,1285.32,True,False
LIQD_000815,LIQ_000257,DESCUENTOS,1,-234.11,False,False
LIQD_000816,LIQ_000257,CARGAS_SOCIALES,1,330.5,False,True
LIQD_000817,LIQ_000257,HORAS_EXTRA,1,91.77,True,False
LIQD_000818,LIQ_000258,BASICO,1,1162.17,True,False
LIQD_000819,LIQ_000258,DESCUENTOS,1,-197.57,False,False
LIQD_000820,LIQ_000258,CARGAS_SOCIALES,1,278.92,False,True
LIQD_000821,LIQ_000259,BASICO,1,1189.67,True,False
LIQD_000822,LIQ_000259,DESCUENTOS,1,-202.24,False,False
LIQD_000823,LIQ_000259,CARGAS_SOCIALES,1,285.52,False,True
LIQD_000824,LIQ_000260,BASICO,1,1158.4,True,False
LIQD_000825,LIQ_000260,DESCUENTOS,1,-196.93,False,False
LIQD_000826,LIQ_000260,CARGAS_SOCIALES,1,278.02,False,True
LIQD_000827,LIQ_000261,BASICO,1,1408.37,True,False
LIQD_000828,LIQ_000261,DESCUENTOS,1,-261.97,False,False
LIQD_000829,LIQ_000261,CARGAS_SOCIALES,1,369.84,False,True
LIQD_000830,LIQ_000261,HORAS_EXTRA,1,132.64,True,False
LIQD_000831,LIQ_000262,BASICO,1,1296.19,True,False
LIQD_000832,LIQ_000262,DESCUENTOS,1,-248.33,False,False
LIQD_000833,LIQ_000262,CARGAS_SOCIALES,1,350.59,False,True
LIQD_000834,LIQ_000262,HORAS_EXTRA,1,164.6,True,False
LIQD_000835,LIQ_000263,BASICO,1,1443.39,True,False
LIQD_000836,LIQ_000263,DESCUENTOS,1,-245.38,False,False
LIQD_000837,LIQ_000263,CARGAS_SOCIALES,1,346.41,False,True
LIQD_000838,LIQ_000264,BASICO,1,1403.75,True,False
LIQD_000839,LIQ_000264,DESCUENTOS,1,-258.52,False,False
LIQD_000840,LIQ_000264,CARGAS_SOCIALES,1,364.98,False,True
LIQD_000841,LIQ_000264,HORAS_EXTRA,1,116.98,True,False
LIQD_000842,LIQ_000265,BASICO,1,1252.8,True,False
LIQD_000843,LIQ_000265,DESCUENTOS,1,-212.98,False,False
LIQD_000844,LIQ_000265,CARGAS_SOCIALES,1,300.67,False,True
LIQD_000845,LIQ_000266,BASICO,1,1438.72,True,False
LIQD_000846,LIQ_000266,DESCUENTOS,1,-244.58,False,False
LIQD_000847,LIQ_000266,CARGAS_SOCIALES,1,345.29,False,True
LIQD_000848,LIQ_000267,BASICO,1,1430.7,True,False
LIQD_000849,LIQ_000267,DESCUENTOS,1,-243.22,False,False
LIQD_000850,LIQ_000267,CARGAS_SOCIALES,1,343.37,False,True
LIQD_000851,LIQ_000268,BASICO,1,1164.89,True,False
LIQD_000852,LIQ_000268,DESCUENTOS,1,-198.03,False,False
LIQD_000853,LIQ_000268,CARGAS_SOCIALES,1,279.57,False,True
LIQD_000854,LIQ_000269,BASICO,1,1507.92,True,False
LIQD_000855,LIQ_000269,DESCUENTOS,1,-256.35,False,False
LIQD_000856,LIQ_000269,CARGAS_SOCIALES,1,361.9,False,True
LIQD_000857,LIQ_000270,BASICO,1,1255.92,True,False
LIQD_000858,LIQ_000270,DESCUENTOS,1,-213.51,False,False
LIQD_000859,LIQ_000270,CARGAS_SOCIALES,1,301.42,False,True
LIQD_000860,LIQ_000271,BASICO,1,1783.81,True,False
LIQD_000861,LIQ_000271,DESCUENTOS,1,-339.53,False,False
LIQD_000862,LIQ_000271,CARGAS_SOCIALES,1,479.33,False,True
LIQD_000863,LIQ_000271,BONO,1,213.41,True,False
LIQD_000864,LIQ_000272,BASICO,1,1157.81,True,False
LIQD_000865,LIQ_000272,DESCUENTOS,1,-196.83,False,False
LIQD_000866,LIQ_000272,CARGAS_SOCIALES,1,277.87,False,True
LIQD_000867,LIQ_000273,BASICO,1,1256.39,True,False
LIQD_000868,LIQ_000273,DESCUENTOS,1,-213.59,False,False
LIQD_000869,LIQ_000273,CARGAS_SOCIALES,1,301.53,False,True
LIQD_000870,LIQ_000274,BASICO,1,1207.2,True,False
LIQD_000871,LIQ_000274,DESCUENTOS,1,-205.22,False,False
LIQD_000872,LIQ_000274,CARGAS_SOCIALES,1,289.73,False,True
LIQD_000873,LIQ_000275,BASICO,1,1221.15,True,False
LIQD_000874,LIQ_000275,DESCUENTOS,1,-207.6,False,False
LIQD_000875,LIQ_000275,CARGAS_SOCIALES,1,293.08,False,True
LIQD_000876,LIQ_000276,BASICO,1,1278.47,True,False
LIQD_000877,LIQ_000276,DESCUENTOS,1,-217.34,False,False
LIQD_000878,LIQ_000276,CARGAS_SOCIALES,1,306.83,False,True
LIQD_000879,LIQ_000277,BASICO,1,1259.77,True,False
LIQD_000880,LIQ_000277,DESCUENTOS,1,-214.16,False,False
LIQD_000881,LIQ_000277,CARGAS_SOCIALES,1,302.34,False,True
LIQD_000882,LIQ_000278,BASICO,1,1505.78,True,False
LIQD_000883,LIQ_000278,DESCUENTOS,1,-255.98,False,False
LIQD_000884,LIQ_000278,CARGAS_SOCIALES,1,361.39,False,True
LIQD_000885,LIQ_000279,BASICO,1,1227.95,True,False
LIQD_000886,LIQ_000279,DESCUENTOS,1,-208.75,False,False
LIQD_000887,LIQ_000279,CARGAS_SOCIALES,1,294.71,False,True
LIQD_000888,LIQ_000280,BASICO,1,1434.11,True,False
LIQD_000889,LIQ_000280,DESCUENTOS,1,-243.8,False,False
LIQD_000890,LIQ_000280,CARGAS_SOCIALES,1,344.19,False,True
LIQD_000891,LIQ_000281,BASICO,1,1288.7,True,False
LIQD_000892,LIQ_000281,DESCUENTOS,1,-219.08,False,False
LIQD_000893,LIQ_000281,CARGAS_SOCIALES,1,309.29,False,True
LIQD_000894,LIQ_000282,BASICO,1,1222.17,True,False
LIQD_000895,LIQ_000282,DESCUENTOS,1,-207.77,False,False
LIQD_000896,LIQ_000282,CARGAS_SOCIALES,1,293.32,False,True
LIQD_000897,LIQ_000283,BASICO,1,1174.44,True,False
LIQD_000898,LIQ_000283,DESCUENTOS,1,-199.65,False,False
LIQD_000899,LIQ_000283,CARGAS_SOCIALES,1,281.87,False,True
LIQD_000900,LIQ_000284,BASICO,1,1166.49,True,False
LIQD_000901,LIQ_000284,DESCUENTOS,1,-198.3,False,False
LIQD_000902,LIQ_000284,CARGAS_SOCIALES,1,279.96,False,True
LIQD_000903,LIQ_000285,BASICO,1,1407.32,True,False
LIQD_000904,LIQ_000285,DESCUENTOS,1,-239.24,False,False
LIQD_000905,LIQ_000285,CARGAS_SOCIALES,1,337.76,False,True
LIQD_000906,LIQ_000286,BASICO,1,1263.69,True,False
LIQD_000907,LIQ_000286,DESCUENTOS,1,-214.83,False,False
LIQD_000908,LIQ_000286,CARGAS_SOCIALES,1,303.29,False,True
LIQD_000909,LIQ_000287,BASICO,1,1466.52,True,False
LIQD_000910,LIQ_000287,DESCUENTOS,1,-249.31,False,False
LIQD_000911,LIQ_000287,CARGAS_SOCIALES,1,351.96,False,True
LIQD_000912,LIQ_000288,BASICO,1,1428.96,True,False
LIQD_000913,LIQ_000288,DESCUENTOS,1,-242.92,False,False
LIQD_000914,LIQ_000288,CARGAS_SOCIALES,1,342.95,False,True
LIQD_000915,LIQ_000289,BASICO,1,1271.51,True,False
LIQD_000916,LIQ_000289,DESCUENTOS,1,-216.16,False,False
LIQD_000917,LIQ_000289,CARGAS_SOCIALES,1,305.16,False,True
LIQD_000918,LIQ_000290,BASICO,1,1448.06,True,False
LIQD_000919,LIQ_000290,DESCUENTOS,1,-246.17,False,False
LIQD_000920,LIQ_000290,CARGAS_SOCIALES,1,347.53,False,True
LIQD_000921,LIQ_000291,BASICO,1,1455.81,True,False
LIQD_000922,LIQ_000291,DESCUENTOS,1,-247.49,False,False
LIQD_000923,LIQ_000291,CARGAS_SOCIALES,1,349.39,False,True
LIQD_000924,LIQ_000292,BASICO,1,1165.85,True,False
LIQD_000925,LIQ_000292,DESCUENTOS,1,-198.19,False,False
LIQD_000926,LIQ_000292,CARGAS_SOCIALES,1,279.8,False,True
LIQD_000927,LIQ_000293,BASICO,1,1437.73,True,False
LIQD_000928,LIQ_000293,DESCUENTOS,1,-244.41,False,False
LIQD_000929,LIQ_000293,CARGAS_SOCIALES,1,345.06,False,True
LIQD_000930,LIQ_000294,BASICO,1,1235.75,True,False
LIQD_000931,LIQ_000294,DESCUENTOS,1,-210.08,False,False
LIQD_000932,LIQ_000294,CARGAS_SOCIALES,1,296.58,False,True
LIQD_000933,LIQ_000295,BASICO,1,1872.08,True,False
LIQD_000934,LIQ_000295,DESCUENTOS,1,-318.25,False,False
LIQD_000935,LIQ_000295,CARGAS_SOCIALES,1,449.3,False,True
LIQD_000936,LIQ_000296,BASICO,1,1206.31,True,False
LIQD_000937,LIQ_000296,DESCUENTOS,1,-205.07,False,False
LIQD_000938,LIQ_000296,CARGAS_SOCIALES,1,289.51,False,True
LIQD_000939,LIQ_000297,BASICO,1,1264.78,True,False
LIQD_000940,LIQ_000297,DESCUENTOS,1,-215.01,False,False
LIQD_000941,LIQ_000297,CARGAS_SOCIALES,1,303.55,False,True
LIQD_000942,LIQ_000298,BASICO,1,1182.91,True,False
LIQD_000943,LIQ_000298,DESCUENTOS,1,-201.09,False,False
LIQD_000944,LIQ_000298,CARGAS_SOCIALES,1,283.9,False,True
LIQD_000945,LIQ_000299,BASICO,1,1203.73,True,False
LIQD_000946,LIQ_000299,DESCUENTOS,1,-204.63,False,False
LIQD_000947,LIQ_000299,CARGAS_SOCIALES,1,288.9,False,True
LIQD_000948,LIQ_000300,BASICO,1,1285.97,True,False
LIQD_000949,LIQ_000300,DESCUENTOS,1,-218.61,False,False
LIQD_000950,LIQ_000300,CARGAS_SOCIALES,1,308.63,False,True
LIQD_000951,LIQ_000301,BASICO,1,1291.09,True,False
LIQD_000952,LIQ_000301,DESCUENTOS,1,-219.49,False,False
LIQD_000953,LIQ_000301,CARGAS_SOCIALES,1,309.86,False,True
LIQD_000954,LIQ_000302,BASICO,1,1468.59,True,False
LIQD_000955,LIQ_000302,DESCUENTOS,1,-249.66,False,False
LIQD_000956,LIQ_000302,CARGAS_SOCIALES,1,352.46,False,True
LIQD_000957,LIQ_000303,BASICO,1,1286.49,True,False
LIQD_000958,LIQ_000303,DESCUENTOS,1,-218.7,False,False
LIQD_000959,LIQ_000303,CARGAS_SOCIALES,1,308.76,False,True
LIQD_000960,LIQ_000304,BASICO,1,1394.74,True,False
LIQD_000961,LIQ_000304,DESCUENTOS,1,-237.11,False,False
LIQD_000962,LIQ_000304,CARGAS_SOCIALES,1,334.74,False,True
LIQD_000963,LIQ_000305,BASICO,1,1260.59,True,False
LIQD_000964,LIQ_000305,DESCUENTOS,1,-214.3,False,False
LIQD_000965,LIQ_000305,CARGAS_SOCIALES,1,302.54,False,True
LIQD_000966,LIQ_000306,BASICO,1,1217.67,True,False
LIQD_000967,LIQ_000306,DESCUENTOS,1,-207.0,False,False
LIQD_000968,LIQ_000306,CARGAS_SOCIALES,1,292.24,False,True
LIQD_000969,LIQ_000307,BASICO,1,1183.76,True,False
LIQD_000970,LIQ_000307,DESCUENTOS,1,-201.24,False,False
LIQD_000971,LIQ_000307,CARGAS_SOCIALES,1,284.1,False,True
LIQD_000972,LIQ_000308,BASICO,1,1184.43,True,False
LIQD_000973,LIQ_000308,DESCUENTOS,1,-201.35,False,False
LIQD_000974,LIQ_000308,CARGAS_SOCIALES,1,284.26,False,True
LIQD_000975,LIQ_000309,BASICO,1,1377.65,True,False
LIQD_000976,LIQ_000309,DESCUENTOS,1,-234.2,False,False
LIQD_000977,LIQ_000309,CARGAS_SOCIALES,1,330.64,False,True
LIQD_000978,LIQ_000310,BASICO,1,1263.9,True,False
LIQD_000979,LIQ_000310,DESCUENTOS,1,-214.86,False,False
LIQD_000980,LIQ_000310,CARGAS_SOCIALES,1,303.34,False,True
LIQD_000981,LIQ_000311,BASICO,1,1468.4,True,False
LIQD_000982,LIQ_000311,DESCUENTOS,1,-249.63,False,False
LIQD_000983,LIQ_000311,CARGAS_SOCIALES,1,352.42,False,True
LIQD_000984,LIQ_000312,BASICO,1,1407.09,True,False
LIQD_000985,LIQ_000312,DESCUENTOS,1,-239.21,False,False
LIQD_000986,LIQ_000312,CARGAS_SOCIALES,1,337.7,False,True
LIQD_000987,LIQ_000313,BASICO,1,1257.29,True,False
LIQD_000988,LIQ_000313,DESCUENTOS,1,-213.74,False,False
LIQD_000989,LIQ_000313,CARGAS_SOCIALES,1,301.75,False,True
LIQD_000990,LIQ_000314,BASICO,1,1439.95,True,False
LIQD_000991,LIQ_000314,DESCUENTOS,1,-244.79,False,False
LIQD_000992,LIQ_000314,CARGAS_SOCIALES,1,345.59,False,True
LIQD_000993,LIQ_000315,BASICO,1,1496.42,True,False
LIQD_000994,LIQ_000315,DESCUENTOS,1,-254.39,False,False
LIQD_000995,LIQ_000315,CARGAS_SOCIALES,1,359.14,False,True
LIQD_000996,LIQ_000316,BASICO,1,1180.9,True,False
LIQD_000997,LIQ_000316,DESCUENTOS,1,-200.75,False,False
LIQD_000998,LIQ_000316,CARGAS_SOCIALES,1,283.42,False,True
LIQD_000999,LIQ_000317,BASICO,1,1501.3,True,False
LIQD_001000,LIQ_000317,DESCUENTOS,1,-255.22,False,False
LIQD_001001,LIQ_000317,CARGAS_SOCIALES,1,360.31,False,True
LIQD_001002,LIQ_000318,BASICO,1,1240.55,True,False
LIQD_001003,LIQ_000318,DESCUENTOS,1,-210.89,False,False
LIQD_001004,LIQ_000318,CARGAS_SOCIALES,1,297.73,False,True
LIQD_001005,LIQ_000319,BASICO,1,1844.76,True,False
LIQD_001006,LIQ_000319,DESCUENTOS,1,-313.61,False,False
LIQD_001007,LIQ_000319,CARGAS_SOCIALES,1,442.74,False,True
LIQD_001008,LIQ_000320,BASICO,1,1194.39,True,False
LIQD_001009,LIQ_000320,DESCUENTOS,1,-203.05,False,False
LIQD_001010,LIQ_000320,CARGAS_SOCIALES,1,286.65,False,True
LIQD_001011,LIQ_000321,BASICO,1,1287.15,True,False
LIQD_001012,LIQ_000321,DESCUENTOS,1,-218.82,False,False
LIQD_001013,LIQ_000321,CARGAS_SOCIALES,1,308.92,False,True
LIQD_001014,LIQ_000322,BASICO,1,1166.23,True,False
LIQD_001015,LIQ_000322,DESCUENTOS,1,-198.26,False,False
LIQD_001016,LIQ_000322,CARGAS_SOCIALES,1,279.9,False,True
LIQD_001017,LIQ_000323,BASICO,1,1220.82,True,False
LIQD_001018,LIQ_000323,DESCUENTOS,1,-207.54,False,False
LIQD_001019,LIQ_000323,CARGAS_SOCIALES,1,293.0,False,True
LIQD_001020,LIQ_000324,BASICO,1,1264.86,True,False
LIQD_001021,LIQ_000324,DESCUENTOS,1,-215.03,False,False
LIQD_001022,LIQ_000324,CARGAS_SOCIALES,1,303.57,False,True
LIQD_001023,LIQ_000325,BASICO,1,1268.96,True,False
LIQD_001024,LIQ_000325,DESCUENTOS,1,-215.72,False,False
LIQD_001025,LIQ_000325,CARGAS_SOCIALES,1,304.55,False,True
LIQD_001026,LIQ_000326,BASICO,1,1465.38,True,False
LIQD_001027,LIQ_000326,DESCUENTOS,1,-249.11,False,False
LIQD_001028,LIQ_000326,CARGAS_SOCIALES,1,351.69,False,True
LIQD_001029,LIQ_000327,BASICO,1,1227.7,True,False
LIQD_001030,LIQ_000327,DESCUENTOS,1,-208.71,False,False
LIQD_001031,LIQ_000327,CARGAS_SOCIALES,1,294.65,False,True
LIQD_001032,LIQ_000328,BASICO,1,1393.56,True,False
LIQD_001033,LIQ_000328,DESCUENTOS,1,-236.91,False,False
LIQD_001034,LIQ_000328,CARGAS_SOCIALES,1,334.45,False,True
LIQD_001035,LIQ_000329,BASICO,1,1244.77,True,False
LIQD_001036,LIQ_000329,DESCUENTOS,1,-211.61,False,False
LIQD_001037,LIQ_000329,CARGAS_SOCIALES,1,298.74,False,True
LIQD_001038,LIQ_000330,BASICO,1,1180.66,True,False
LIQD_001039,LIQ_000330,DESCUENTOS,1,-200.71,False,False
LIQD_001040,LIQ_000330,CARGAS_SOCIALES,1,283.36,False,True
LIQD_001041,LIQ_000331,BASICO,1,1202.36,True,False
LIQD_001042,LIQ_000331,DESCUENTOS,1,-204.4,False,False
LIQD_001043,LIQ_000331,CARGAS_SOCIALES,1,288.57,False,True
LIQD_001044,LIQ_000332,BASICO,1,1191.64,True,False
LIQD_001045,LIQ_000332,DESCUENTOS,1,-202.58,False,False
LIQD_001046,LIQ_000332,CARGAS_SOCIALES,1,285.99,False,True
LIQD_001047,LIQ_000333,BASICO,1,1360.12,True,False
LIQD_001048,LIQ_000333,DESCUENTOS,1,-231.22,False,False
LIQD_001049,LIQ_000333,CARGAS_SOCIALES,1,326.43,False,True
LIQD_001050,LIQ_000334,BASICO,1,1230.48,True,False
LIQD_001051,LIQ_000334,DESCUENTOS,1,-209.18,False,False
LIQD_001052,LIQ_000334,CARGAS_SOCIALES,1,295.32,False,True
LIQD_001053,LIQ_000335,BASICO,1,1437.15,True,False
LIQD_001054,LIQ_000335,DESCUENTOS,1,-244.32,False,False
LIQD_001055,LIQ_000335,CARGAS_SOCIALES,1,344.92,False,True
LIQD_001056,LIQ_000336,BASICO,1,1368.21,True,False
LIQD_001057,LIQ_000336,DESCUENTOS,1,-232.6,False,False
LIQD_001058,LIQ_000336,CARGAS_SOCIALES,1,328.37,False,True
LIQD_001059,LIQ_000337,BASICO,1,1270.62,True,False
LIQD_001060,LIQ_000337,DESCUENTOS,1,-216.01,False,False
LIQD_001061,LIQ_000337,CARGAS_SOCIALES,1,304.95,False,True
LIQD_001062,LIQ_000338,BASICO,1,1436.47,True,False
LIQD_001063,LIQ_000338,DESCUENTOS,1,-244.2,False,False
LIQD_001064,LIQ_000338,CARGAS_SOCIALES,1,344.75,False,True
LIQD_001065,LIQ_000339,BASICO,1,1497.71,True,False
LIQD_001066,LIQ_000339,DESCUENTOS,1,-254.61,False,False
LIQD_001067,LIQ_000339,CARGAS_SOCIALES,1,359.45,False,True
LIQD_001068,LIQ_000340,BASICO,1,1171.25,True,False
LIQD_001069,LIQ_000340,DESCUENTOS,1,-199.11,False,False
LIQD_001070,LIQ_000340,CARGAS_SOCIALES,1,281.1,False,True
LIQD_001071,LIQ_000341,BASICO,1,1428.93,True,False
LIQD_001072,LIQ_000341,DESCUENTOS,1,-242.92,False,False
LIQD_001073,LIQ_000341,CARGAS_SOCIALES,1,342.94,False,True
LIQD_001074,LIQ_000342,BASICO,1,1290.68,True,False
LIQD_001075,LIQ_000342,DESCUENTOS,1,-219.42,False,False
LIQD_001076,LIQ_000342,CARGAS_SOCIALES,1,309.76,False,True
LIQD_001077,LIQ_000343,BASICO,1,1815.85,True,False
LIQD_001078,LIQ_000343,DESCUENTOS,1,-308.69,False,False
LIQD_001079,LIQ_000343,CARGAS_SOCIALES,1,435.8,False,True
LIQD_001080,LIQ_000344,BASICO,1,1186.52,True,False
LIQD_001081,LIQ_000344,DESCUENTOS,1,-201.71,False,False
LIQD_001082,LIQ_000344,CARGAS_SOCIALES,1,284.76,False,True
LIQD_001083,LIQ_000345,BASICO,1,1296.93,True,False
LIQD_001084,LIQ_000345,DESCUENTOS,1,-220.48,False,False
LIQD_001085,LIQ_000345,CARGAS_SOCIALES,1,311.26,False,True
LIQD_001086,LIQ_000346,BASICO,1,1223.26,True,False
LIQD_001087,LIQ_000346,DESCUENTOS,1,-207.95,False,False
LIQD_001088,LIQ_000346,CARGAS_SOCIALES,1,293.58,False,True
LIQD_001089,LIQ_000347,BASICO,1,1207.02,True,False
LIQD_001090,LIQ_000347,DESCUENTOS,1,-205.19,False,False
LIQD_001091,LIQ_000347,CARGAS_SOCIALES,1,289.68,False,True
LIQD_001092,LIQ_000348,BASICO,1,1230.17,True,False
LIQD_001093,LIQ_000348,DESCUENTOS,1,-209.13,False,False
LIQD_001094,LIQ_000348,CARGAS_SOCIALES,1,295.24,False,True
LIQD_001095,LIQ_000349,BASICO,1,1269.5,True,False
LIQD_001096,LIQ_000349,DESCUENTOS,1,-215.82,False,False
LIQD_001097,LIQ_000349,CARGAS_SOCIALES,1,304.68,False,True
LIQD_001098,LIQ_000350,BASICO,1,1507.05,True,False
LIQD_001099,LIQ_000350,DESCUENTOS,1,-256.2,False,False
LIQD_001100,LIQ_000350,CARGAS_SOCIALES,1,361.69,False,True
LIQD_001101,LIQ_000351,BASICO,1,1296.02,True,False
LIQD_001102,LIQ_000351,DESCUENTOS,1,-220.32,False,False
LIQD_001103,LIQ_000351,CARGAS_SOCIALES,1,311.04,False,True
LIQD_001104,LIQ_000352,BASICO,1,1361.18,True,False
LIQD_001105,LIQ_000352,DESCUENTOS,1,-231.4,False,False
LIQD_001106,LIQ_000352,CARGAS_SOCIALES,1,326.68,False,True
LIQD_001107,LIQ_000353,BASICO,1,1254.7,True,False
LIQD_001108,LIQ_000353,DESCUENTOS,1,-213.3,False,False
LIQD_001109,LIQ_000353,CARGAS_SOCIALES,1,301.13,False,True
LIQD_001110,LIQ_000354,BASICO,1,1178.74,True,False
LIQD_001111,LIQ_000354,DESCUENTOS,1,-200.39,False,False
LIQD_001112,LIQ_000354,CARGAS_SOCIALES,1,282.9,False,True
LIQD_001113,LIQ_000355,BASICO,1,1165.58,True,False
LIQD_001114,LIQ_000355,DESCUENTOS,1,-198.15,False,False
LIQD_001115,LIQ_000355,CARGAS_SOCIALES,1,279.74,False,True
LIQD_001116,LIQ_000356,BASICO,1,1205.59,True,False
LIQD_001117,LIQ_000356,DESCUENTOS,1,-204.95,False,False
LIQD_001118,LIQ_000356,CARGAS_SOCIALES,1,289.34,False,True
LIQD_001119,LIQ_000357,BASICO,1,1375.07,True,False
LIQD_001120,LIQ_000357,DESCUENTOS,1,-233.76,False,False
LIQD_001121,LIQ_000357,CARGAS_SOCIALES,1,330.02,False,True
LIQD_001122,LIQ_000358,BASICO,1,1250.86,True,False
LIQD_001123,LIQ_000358,DESCUENTOS,1,-212.65,False,False
LIQD_001124,LIQ_000358,CARGAS_SOCIALES,1,300.21,False,True
LIQD_001125,LIQ_000359,BASICO,1,1428.86,True,False
LIQD_001126,LIQ_000359,DESCUENTOS,1,-242.91,False,False
LIQD_001127,LIQ_000359,CARGAS_SOCIALES,1,342.93,False,True
LIQD_001128,LIQ_000360,BASICO,1,1393.63,True,False
LIQD_001129,LIQ_000360,DESCUENTOS,1,-236.92,False,False
LIQD_001130,LIQ_000360,CARGAS_SOCIALES,1,334.47,False,True
LIQD_001131,LIQ_000361,BASICO,1,1236.86,True,False
LIQD_001132,LIQ_000361,DESCUENTOS,1,-210.27,False,False
LIQD_001133,LIQ_000361,CARGAS_SOCIALES,1,296.85,False,True
LIQD_001134,LIQ_000362,BASICO,1,1458.59,True,False
LIQD_001135,LIQ_000362,DESCUENTOS,1,-247.96,False,False
LIQD_001136,LIQ_000362,CARGAS_SOCIALES,1,350.06,False,True
LIQD_001137,LIQ_000363,BASICO,1,1433.47,True,False
LIQD_001138,LIQ_000363,DESCUENTOS,1,-243.69,False,False
LIQD_001139,LIQ_000363,CARGAS_SOCIALES,1,344.03,False,True
LIQD_001140,LIQ_000364,BASICO,1,1223.93,True,False
LIQD_001141,LIQ_000364,DESCUENTOS,1,-208.07,False,False
LIQD_001142,LIQ_000364,CARGAS_SOCIALES,1,293.74,False,True
LIQD_001143,LIQ_000365,BASICO,1,1433.61,True,False
LIQD_001144,LIQ_000365,DESCUENTOS,1,-243.71,False,False
LIQD_001145,LIQ_000365,CARGAS_SOCIALES,1,344.07,False,True
LIQD_001146,LIQ_000366,BASICO,1,1264.14,True,False
LIQD_001147,LIQ_000366,DESCUENTOS,1,-214.9,False,False
LIQD_001148,LIQ_000366,CARGAS_SOCIALES,1,303.39,False,True
LIQD_001149,LIQ_000367,BASICO,1,1805.11,True,False
LIQD_001150,LIQ_000367,DESCUENTOS,1,-306.87,False,False
LIQD_001151,LIQ_000367,CARGAS_SOCIALES,1,433.23,False,True
LIQD_001152,LIQ_000368,BASICO,1,1161.81,True,False
LIQD_001153,LIQ_000368,DESCUENTOS,1,-197.51,False,False
LIQD_001154,LIQ_000368,CARGAS_SOCIALES,1,278.83,False,True
LIQD_001155,LIQ_000369,BASICO,1,1240.17,True,False
LIQD_001156,LIQ_000369,DESCUENTOS,1,-210.83,False,False
LIQD_001157,LIQ_000369,CARGAS_SOCIALES,1,297.64,False,True
LIQD_001158,LIQ_000370,BASICO,1,1160.28,True,False
LIQD_001159,LIQ_000370,DESCUENTOS,1,-197.25,False,False
LIQD_001160,LIQ_000370,CARGAS_SOCIALES,1,278.47,False,True
LIQD_001161,LIQ_000371,BASICO,1,1166.27,True,False
LIQD_001162,LIQ_000371,DESCUENTOS,1,-198.27,False,False
LIQD_001163,LIQ_000371,CARGAS_SOCIALES,1,279.9,False,True
LIQD_001164,LIQ_000372,BASICO,1,1262.01,True,False
LIQD_001165,LIQ_000372,DESCUENTOS,1,-214.54,False,False
LIQD_001166,LIQ_000372,CARGAS_SOCIALES,1,302.88,False,True
LIQD_001167,LIQ_000373,BASICO,1,1273.89,True,False
LIQD_001168,LIQ_000373,DESCUENTOS,1,-216.56,False,False
LIQD_001169,LIQ_000373,CARGAS_SOCIALES,1,305.73,False,True
LIQD_001170,LIQ_000374,BASICO,1,1428.6,True,False
LIQD_001171,LIQ_000374,DESCUENTOS,1,-242.86,False,False
LIQD_001172,LIQ_000374,CARGAS_SOCIALES,1,342.86,False,True
LIQD_001173,LIQ_000375,BASICO,1,1258.08,True,False
LIQD_001174,LIQ_000375,DESCUENTOS,1,-213.87,False,False
LIQD_001175,LIQ_000375,CARGAS_SOCIALES,1,301.94,False,True
LIQD_001176,LIQ_000376,BASICO,1,1400.53,True,False
LIQD_001177,LIQ_000376,DESCUENTOS,1,-238.09,False,False
LIQD_001178,LIQ_000376,CARGAS_SOCIALES,1,336.13,False,True
LIQD_001179,LIQ_000377,BASICO,1,1242.57,True,False
LIQD_001180,LIQ_000377,DESCUENTOS,1,-211.24,False,False
LIQD_001181,LIQ_000377,CARGAS_SOCIALES,1,298.22,False,True
LIQD_001182,LIQ_000378,BASICO,1,1182.74,True,False
LIQD_001183,LIQ_000378,DESCUENTOS,1,-201.07,False,False
LIQD_001184,LIQ_000378,CARGAS_SOCIALES,1,283.86,False,True
LIQD_001185,LIQ_000379,BASICO,1,1161.49,True,False
LIQD_001186,LIQ_000379,DESCUENTOS,1,-197.45,False,False
LIQD_001187,LIQ_000379,CARGAS_SOCIALES,1,278.76,False,True
LIQD_001188,LIQ_000380,BASICO,1,1171.99,True,False
LIQD_001189,LIQ_000380,DESCUENTOS,1,-199.24,False,False
LIQD_001190,LIQ_000380,CARGAS_SOCIALES,1,281.28,False,True
LIQD_001191,LIQ_000381,BASICO,1,1391.05,True,False
LIQD_001192,LIQ_000381,DESCUENTOS,1,-236.48,False,False
LIQD_001193,LIQ_000381,CARGAS_SOCIALES,1,333.85,False,True
LIQD_001194,LIQ_000382,BASICO,1,1299.28,True,False
LIQD_001195,LIQ_000382,DESCUENTOS,1,-220.88,False,False
LIQD_001196,LIQ_000382,CARGAS_SOCIALES,1,311.83,False,True
LIQD_001197,LIQ_000383,BASICO,1,1507.68,True,False
LIQD_001198,LIQ_000383,DESCUENTOS,1,-256.31,False,False
LIQD_001199,LIQ_000383,CARGAS_SOCIALES,1,361.84,False,True
LIQD_001200,LIQ_000384,BASICO,1,1433.51,True,False
LIQD_001201,LIQ_000384,DESCUENTOS,1,-243.7,False,False
LIQD_001202,LIQ_000384,CARGAS_SOCIALES,1,344.04,False,True
LIQD_001203,LIQ_000385,BASICO,1,1256.73,True,False
LIQD_001204,LIQ_000385,DESCUENTOS,1,-244.65,False,False
LIQD_001205,LIQ_000385,CARGAS_SOCIALES,1,345.39,False,True
LIQD_001206,LIQ_000385,HORAS_EXTRA,1,182.39,True,False
LIQD_001207,LIQ_000386,BASICO,1,1441.68,True,False
LIQD_001208,LIQ_000386,DESCUENTOS,1,-245.09,False,False
LIQD_001209,LIQ_000386,CARGAS_SOCIALES,1,346.0,False,True
LIQD_001210,LIQ_000387,BASICO,1,1422.23,True,False
LIQD_001211,LIQ_000387,DESCUENTOS,1,-241.78,False,False
LIQD_001212,LIQ_000387,CARGAS_SOCIALES,1,341.34,False,True
LIQD_001213,LIQ_000388,BASICO,1,1163.14,True,False
LIQD_001214,LIQ_000388,DESCUENTOS,1,-197.73,False,False
LIQD_001215,LIQ_000388,CARGAS_SOCIALES,1,279.15,False,True
LIQD_001216,LIQ_000389,BASICO,1,1460.43,True,False
LIQD_001217,LIQ_000389,DESCUENTOS,1,-248.27,False,False
LIQD_001218,LIQ_000389,CARGAS_SOCIALES,1,350.5,False,True
LIQD_001219,LIQ_000390,BASICO,1,1250.47,True,False
LIQD_001220,LIQ_000390,DESCUENTOS,1,-224.04,False,False
LIQD_001221,LIQ_000390,CARGAS_SOCIALES,1,316.29,False,True
LIQD_001222,LIQ_000390,HORAS_EXTRA,1,67.42,True,False
LIQD_001223,LIQ_000391,BASICO,1,1861.8,True,False
LIQD_001224,LIQ_000391,DESCUENTOS,1,-336.88,False,False
LIQD_001225,LIQ_000391,CARGAS_SOCIALES,1,475.59,False,True
LIQD_001226,LIQ_000391,HORAS_EXTRA,1,119.82,True,False
LIQD_001227,LIQ_000392,BASICO,1,1173.46,True,False
LIQD_001228,LIQ_000392,DESCUENTOS,1,-199.49,False,False
LIQD_001229,LIQ_000392,CARGAS_SOCIALES,1,281.63,False,True
LIQD_001230,LIQ_000393,BASICO,1,1265.38,True,False
LIQD_001231,LIQ_000393,DESCUENTOS,1,-234.79,False,False
LIQD_001232,LIQ_000393,CARGAS_SOCIALES,1,331.47,False,True
LIQD_001233,LIQ_000393,HORAS_EXTRA,1,115.73,True,False
LIQD_001234,LIQ_000394,BASICO,1,1191.47,True,False
LIQD_001235,LIQ_000394,DESCUENTOS,1,-202.55,False,False
LIQD_001236,LIQ_000394,CARGAS_SOCIALES,1,285.95,False,True
LIQD_001237,LIQ_000395,BASICO,1,1167.19,True,False
LIQD_001238,LIQ_000395,DESCUENTOS,1,-198.42,False,False
LIQD_001239,LIQ_000395,CARGAS_SOCIALES,1,280.13,False,True
LIQD_001240,LIQ_000396,BASICO,1,1237.12,True,False
LIQD_001241,LIQ_000396,DESCUENTOS,1,-227.18,False,False
LIQD_001242,LIQ_000396,CARGAS_SOCIALES,1,320.72,False,True
LIQD_001243,LIQ_000396,HORAS_EXTRA,1,99.23,True,False
LIQD_001244,LIQ_000397,BASICO,1,1237.93,True,False
LIQD_001245,LIQ_000397,DESCUENTOS,1,-245.86,False,False
LIQD_001246,LIQ_000397,CARGAS_SOCIALES,1,347.1,False,True
LIQD_001247,LIQ_000397,HORAS_EXTRA,1,208.32,True,False
LIQD_001248,LIQ_000398,BASICO,1,1424.74,True,False
LIQD_001249,LIQ_000398,DESCUENTOS,1,-242.21,False,False
LIQD_001250,LIQ_000398,CARGAS_SOCIALES,1,341.94,False,True
LIQD_001251,LIQ_000399,BASICO,1,1267.39,True,False
LIQD_001252,LIQ_000399,DESCUENTOS,1,-232.25,False,False
LIQD_001253,LIQ_000399,CARGAS_SOCIALES,1,327.88,False,True
LIQD_001254,LIQ_000399,HORAS_EXTRA,1,98.77,True,False
LIQD_001255,LIQ_000400,BASICO,1,1389.89,True,False
LIQD_001256,LIQ_000400,DESCUENTOS,1,-260.02,False,False
LIQD_001257,LIQ_000400,CARGAS_SOCIALES,1,367.08,False,True
LIQD_001258,LIQ_000400,HORAS_EXTRA,1,139.61,True,False
LIQD_001259,LIQ_000401,BASICO,1,1279.1,True,False
LIQD_001260,LIQ_000401,DESCUENTOS,1,-253.64,False,False
LIQD_001261,LIQ_000401,CARGAS_SOCIALES,1,358.08,False,True
LIQD_001262,LIQ_000401,HORAS_EXTRA,1,212.89,True,False
LIQD_001263,LIQ_000402,BASICO,1,1178.69,True,False
LIQD_001264,LIQ_000402,DESCUENTOS,1,-200.38,False,False
LIQD_001265,LIQ_000402,CARGAS_SOCIALES,1,282.89,False,True
LIQD_001266,LIQ_000403,BASICO,1,1220.29,True,False
LIQD_001267,LIQ_000403,DESCUENTOS,1,-207.45,False,False
LIQD_001268,LIQ_000403,CARGAS_SOCIALES,1,292.87,False,True
LIQD_001269,LIQ_000404,BASICO,1,1212.79,True,False
LIQD_001270,LIQ_000404,DESCUENTOS,1,-206.17,False,False
LIQD_001271,LIQ_000404,CARGAS_SOCIALES,1,291.07,False,True
LIQD_001272,LIQ_000405,BASICO,1,1430.8,True,False
LIQD_001273,LIQ_000405,DESCUENTOS,1,-260.5,False,False
LIQD_001274,LIQ_000405,CARGAS_SOCIALES,1,367.76,False,True
LIQD_001275,LIQ_000405,HORAS_EXTRA,1,101.54,True,False
LIQD_001276,LIQ_000406,BASICO,1,1274.72,True,False
LIQD_001277,LIQ_000406,DESCUENTOS,1,-249.8,False,False
LIQD_001278,LIQ_000406,CARGAS_SOCIALES,1,352.66,False,True
LIQD_001279,LIQ_000406,HORAS_EXTRA,1,194.69,True,False
LIQD_001280,LIQ_000407,BASICO,1,1465.45,True,False
LIQD_001281,LIQ_000407,DESCUENTOS,1,-249.13,False,False
LIQD_001282,LIQ_000407,CARGAS_SOCIALES,1,351.71,False,True
LIQD_001283,LIQ_000408,BASICO,1,1381.8,True,False
LIQD_001284,LIQ_000408,DESCUENTOS,1,-261.66,False,False
LIQD_001285,LIQ_000408,CARGAS_SOCIALES,1,369.4,False,True
LIQD_001286,LIQ_000408,HORAS_EXTRA,1,157.38,True,False
LIQD_001287,LIQ_000409,BASICO,1,1265.96,True,False
LIQD_001288,LIQ_000409,DESCUENTOS,1,-250.49,False,False
LIQD_001289,LIQ_000409,CARGAS_SOCIALES,1,353.63,False,True
LIQD_001290,LIQ_000409,HORAS_EXTRA,1,207.49,True,False
LIQD_001291,LIQ_000410,BASICO,1,1448.26,True,False
LIQD_001292,LIQ_000410,DESCUENTOS,1,-246.2,False,False
LIQD_001293,LIQ_000410,CARGAS_SOCIALES,1,347.58,False,True
LIQD_001294,LIQ_000411,BASICO,1,1494.67,True,False
LIQD_001295,LIQ_000411,DESCUENTOS,1,-254.09,False,False
LIQD_001296,LIQ_000411,CARGAS_SOCIALES,1,358.72,False,True
LIQD_001297,LIQ_000412,BASICO,1,1183.22,True,False
LIQD_001298,LIQ_000412,DESCUENTOS,1,-201.15,False,False
LIQD_001299,LIQ_000412,CARGAS_SOCIALES,1,283.97,False,True
LIQD_001300,LIQ_000413,BASICO,1,1492.48,True,False
LIQD_001301,LIQ_000413,DESCUENTOS,1,-253.72,False,False
LIQD_001302,LIQ_000413,CARGAS_SOCIALES,1,358.2,False,True
LIQD_001303,LIQ_000414,BASICO,1,1258.18,True,False
LIQD_001304,LIQ_000414,DESCUENTOS,1,-229.72,False,False
LIQD_001305,LIQ_000414,CARGAS_SOCIALES,1,324.31,False,True
LIQD_001306,LIQ_000414,HORAS_EXTRA,1,93.1,True,False
LIQD_001307,LIQ_000415,BASICO,1,1798.37,True,False
LIQD_001308,LIQ_000415,DESCUENTOS,1,-358.19,False,False
LIQD_001309,LIQ_000415,CARGAS_SOCIALES,1,505.68,False,True
LIQD_001310,LIQ_000415,HORAS_EXTRA,1,192.28,True,False
LIQD_001311,LIQ_000415,BONO,1,116.37,True,False
LIQD_001312,LIQ_000416,BASICO,1,1173.5,True,False
LIQD_001313,LIQ_000416,DESCUENTOS,1,-199.5,False,False
LIQD_001314,LIQ_000416,CARGAS_SOCIALES,1,281.64,False,True
LIQD_001315,LIQ_000417,BASICO,1,1244.88,True,False
LIQD_001316,LIQ_000417,DESCUENTOS,1,-250.09,False,False
LIQD_001317,LIQ_000417,CARGAS_SOCIALES,1,353.07,False,True
LIQD_001318,LIQ_000417,HORAS_EXTRA,1,226.24,True,False
LIQD_001319,LIQ_000418,BASICO,1,1207.2,True,False
LIQD_001320,LIQ_000418,DESCUENTOS,1,-205.22,False,False
LIQD_001321,LIQ_000418,CARGAS_SOCIALES,1,289.73,False,True
LIQD_001322,LIQ_000419,BASICO,1,1223.63,True,False
LIQD_001323,LIQ_000419,DESCUENTOS,1,-208.02,False,False
LIQD_001324,LIQ_000419,CARGAS_SOCIALES,1,293.67,False,True
LIQD_001325,LIQ_000420,BASICO,1,1275.18,True,False
LIQD_001326,LIQ_000420,DESCUENTOS,1,-232.95,False,False
LIQD_001327,LIQ_000420,CARGAS_SOCIALES,1,328.87,False,True
LIQD_001328,LIQ_000420,HORAS_EXTRA,1,95.13,True,False
LIQD_001329,LIQ_000421,BASICO,1,1287.11,True,False
LIQD_001330,LIQ_000421,DESCUENTOS,1,-249.34,False,False
LIQD_001331,LIQ_000421,CARGAS_SOCIALES,1,352.01,False,True
LIQD_001332,LIQ_000421,HORAS_EXTRA,1,179.61,True,False
LIQD_001333,LIQ_000422,BASICO,1,1446.49,True,False
LIQD_001334,LIQ_000422,DESCUENTOS,1,-245.9,False,False
LIQD_001335,LIQ_000422,CARGAS_SOCIALES,1,347.16,False,True
LIQD_001336,LIQ_000423,BASICO,1,1296.51,True,False
LIQD_001337,LIQ_000423,DESCUENTOS,1,-236.45,False,False
LIQD_001338,LIQ_000423,CARGAS_SOCIALES,1,333.82,False,True
LIQD_001339,LIQ_000423,HORAS_EXTRA,1,94.4,True,False
LIQD_001340,LIQ_000424,BASICO,1,1432.45,True,False
LIQD_001341,LIQ_000424,DESCUENTOS,1,-268.85,False,False
LIQD_001342,LIQ_000424,CARGAS_SOCIALES,1,379.55,False,True
LIQD_001343,LIQ_000424,HORAS_EXTRA,1,149.02,True,False
LIQD_001344,LIQ_000425,BASICO,1,1237.12,True,False
LIQD_001345,LIQ_000425,DESCUENTOS,1,-232.72,False,False
LIQD_001346,LIQ_000425,CARGAS_SOCIALES,1,328.55,False,True
LIQD_001347,LIQ_000425,HORAS_EXTRA,1,131.82,True,False
LIQD_001348,LIQ_000426,BASICO,1,1212.27,True,False
LIQD_001349,LIQ_000426,DESCUENTOS,1,-206.09,False,False
LIQD_001350,LIQ_000426,CARGAS_SOCIALES,1,290.94,False,True
LIQD_001351,LIQ_000427,BASICO,1,1176.32,True,False
LIQD_001352,LIQ_000427,DESCUENTOS,1,-199.97,False,False
LIQD_001353,LIQ_000427,CARGAS_SOCIALES,1,282.32,False,True
LIQD_001354,LIQ_000428,BASICO,1,1205.62,True,False
LIQD_001355,LIQ_000428,DESCUENTOS,1,-204.96,False,False
LIQD_001356,LIQ_000428,CARGAS_SOCIALES,1,289.35,False,True
LIQD_001357,LIQ_000429,BASICO,1,1427.76,True,False
LIQD_001358,LIQ_000429,DESCUENTOS,1,-268.92,False,False
LIQD_001359,LIQ_000429,CARGAS_SOCIALES,1,379.66,False,True
LIQD_001360,LIQ_000429,HORAS_EXTRA,1,154.14,True,False
LIQD_001361,LIQ_000430,BASICO,1,1254.46,True,False
LIQD_001362,LIQ_000430,DESCUENTOS,1,-236.39,False,False
LIQD_001363,LIQ_000430,CARGAS_SOCIALES,1,333.73,False,True
LIQD_001364,LIQ_000430,HORAS_EXTRA,1,136.09,True,False
LIQD_001365,LIQ_000431,BASICO,1,1436.21,True,False
LIQD_001366,LIQ_000431,DESCUENTOS,1,-244.16,False,False
LIQD_001367,LIQ_000431,CARGAS_SOCIALES,1,344.69,False,True
LIQD_001368,LIQ_000432,BASICO,1,1354.81,True,False
LIQD_001369,LIQ_000432,DESCUENTOS,1,-260.44,False,False
LIQD_001370,LIQ_000432,CARGAS_SOCIALES,1,367.68,False,True
LIQD_001371,LIQ_000432,HORAS_EXTRA,1,177.19,True,False
LIQD_001372,LIQ_000433,BASICO,1,1273.69,True,False
LIQD_001373,LIQ_000433,DESCUENTOS,1,-216.53,False,False
LIQD_001374,LIQ_000433,CARGAS_SOCIALES,1,305.69,False,True
LIQD_001375,LIQ_000434,BASICO,1,1470.94,True,False
LIQD_001376,LIQ_000434,DESCUENTOS,1,-250.06,False,False
LIQD_001377,LIQ_000434,CARGAS_SOCIALES,1,353.03,False,True
LIQD_001378,LIQ_000435,BASICO,1,1434.59,True,False
LIQD_001379,LIQ_000435,DESCUENTOS,1,-243.88,False,False
LIQD_001380,LIQ_000435,CARGAS_SOCIALES,1,344.3,False,True
LIQD_001381,LIQ_000436,BASICO,1,1188.31,True,False
LIQD_001382,LIQ_000436,DESCUENTOS,1,-202.01,False,False
LIQD_001383,LIQ_000436,CARGAS_SOCIALES,1,285.19,False,True
LIQD_001384,LIQ_000437,BASICO,1,1453.14,True,False
LIQD_001385,LIQ_000437,DESCUENTOS,1,-247.03,False,False
LIQD_001386,LIQ_000437,CARGAS_SOCIALES,1,348.75,False,True
LIQD_001387,LIQ_000438,BASICO,1,1245.57,True,False
LIQD_001388,LIQ_000438,DESCUENTOS,1,-211.75,False,False
LIQD_001389,LIQ_000438,CARGAS_SOCIALES,1,298.94,False,True
LIQD_001390,LIQ_000439,BASICO,1,1863.24,True,False
LIQD_001391,LIQ_000439,DESCUENTOS,1,-316.75,False,False
LIQD_001392,LIQ_000439,CARGAS_SOCIALES,1,447.18,False,True
LIQD_001393,LIQ_000440,BASICO,1,1178.32,True,False
LIQD_001394,LIQ_000440,DESCUENTOS,1,-200.31,False,False
LIQD_001395,LIQ_000440,CARGAS_SOCIALES,1,282.8,False,True
LIQD_001396,LIQ_000441,BASICO,1,1265.51,True,False
LIQD_001397,LIQ_000441,DESCUENTOS,1,-215.14,False,False
LIQD_001398,LIQ_000441,CARGAS_SOCIALES,1,303.72,False,True
LIQD_001399,LIQ_000442,BASICO,1,1221.76,True,False
LIQD_001400,LIQ_000442,DESCUENTOS,1,-207.7,False,False
LIQD_001401,LIQ_000442,CARGAS_SOCIALES,1,293.22,False,True
LIQD_001402,LIQ_000443,BASICO,1,1194.58,True,False
LIQD_001403,LIQ_000443,DESCUENTOS,1,-203.08,False,False
LIQD_001404,LIQ_000443,CARGAS_SOCIALES,1,286.7,False,True
LIQD_001405,LIQ_000444,BASICO,1,1271.28,True,False
LIQD_001406,LIQ_000444,DESCUENTOS,1,-216.12,False,False
LIQD_001407,LIQ_000444,CARGAS_SOCIALES,1,305.11,False,True
LIQD_001408,LIQ_000445,BASICO,1,1230.49,True,False
LIQD_001409,LIQ_000445,DESCUENTOS,1,-209.18,False,False
LIQD_001410,LIQ_000445,CARGAS_SOCIALES,1,295.32,False,True
LIQD_001411,LIQ_000446,BASICO,1,1436.5,True,False
LIQD_001412,LIQ_000446,DESCUENTOS,1,-244.21,False,False
LIQD_001413,LIQ_000446,CARGAS_SOCIALES,1,344.76,False,True
LIQD_001414,LIQ_000447,BASICO,1,1232.57,True,False
LIQD_001415,LIQ_000447,DESCUENTOS,1,-209.54,False,False
LIQD_001416,LIQ_000447,CARGAS_SOCIALES,1,295.82,False,True
LIQD_001417,LIQ_000448,BASICO,1,1415.73,True,False
LIQD_001418,LIQ_000448,DESCUENTOS,1,-240.67,False,False
LIQD_001419,LIQ_000448,CARGAS_SOCIALES,1,339.78,False,True
LIQD_001420,LIQ_000449,BASICO,1,1287.69,True,False
LIQD_001421,LIQ_000449,DESCUENTOS,1,-218.91,False,False
LIQD_001422,LIQ_000449,CARGAS_SOCIALES,1,309.05,False,True
LIQD_001423,LIQ_000450,BASICO,1,1169.6,True,False
LIQD_001424,LIQ_000450,DESCUENTOS,1,-198.83,False,False
LIQD_001425,LIQ_000450,CARGAS_SOCIALES,1,280.7,False,True
LIQD_001426,LIQ_000451,BASICO,1,1171.92,True,False
LIQD_001427,LIQ_000451,DESCUENTOS,1,-199.23,False,False
LIQD_001428,LIQ_000451,CARGAS_SOCIALES,1,281.26,False,True
LIQD_001429,LIQ_000452,BASICO,1,1179.28,True,False
LIQD_001430,LIQ_000452,DESCUENTOS,1,-200.48,False,False
LIQD_001431,LIQ_000452,CARGAS_SOCIALES,1,283.03,False,True
LIQD_001432,LIQ_000453,BASICO,1,1401.34,True,False
LIQD_001433,LIQ_000453,DESCUENTOS,1,-238.23,False,False
LIQD_001434,LIQ_000453,CARGAS_SOCIALES,1,336.32,False,True
LIQD_001435,LIQ_000454,BASICO,1,1271.63,True,False
LIQD_001436,LIQ_000454,DESCUENTOS,1,-216.18,False,False
LIQD_001437,LIQ_000454,CARGAS_SOCIALES,1,305.19,False,True
LIQD_001438,LIQ_000455,BASICO,1,1480.75,True,False
LIQD_001439,LIQ_000455,DESCUENTOS,1,-251.73,False,False
LIQD_001440,LIQ_000455,CARGAS_SOCIALES,1,355.38,False,True
LIQD_001441,LIQ_000456,BASICO,1,1427.35,True,False
LIQD_001442,LIQ_000456,DESCUENTOS,1,-242.65,False,False
LIQD_001443,LIQ_000456,CARGAS_SOCIALES,1,342.56,False,True
LIQD_001444,LIQ_000457,BASICO,1,1247.13,True,False
LIQD_001445,LIQ_000457,DESCUENTOS,1,-212.01,False,False
LIQD_001446,LIQ_000457,CARGAS_SOCIALES,1,299.31,False,True
LIQD_001447,LIQ_000458,BASICO,1,1478.31,True,False
LIQD_001448,LIQ_000458,DESCUENTOS,1,-251.31,False,False
LIQD_001449,LIQ_000458,CARGAS_SOCIALES,1,354.79,False,True
LIQD_001450,LIQ_000459,BASICO,1,1469.7,True,False
LIQD_001451,LIQ_000459,DESCUENTOS,1,-249.85,False,False
LIQD_001452,LIQ_000459,CARGAS_SOCIALES,1,352.73,False,True
LIQD_001453,LIQ_000460,BASICO,1,1178.05,True,False
LIQD_001454,LIQ_000460,DESCUENTOS,1,-200.27,False,False
LIQD_001455,LIQ_000460,CARGAS_SOCIALES,1,282.73,False,True
LIQD_001456,LIQ_000461,BASICO,1,1499.95,True,False
LIQD_001457,LIQ_000461,DESCUENTOS,1,-254.99,False,False
LIQD_001458,LIQ_000461,CARGAS_SOCIALES,1,359.99,False,True
LIQD_001459,LIQ_000462,BASICO,1,1232.16,True,False
LIQD_001460,LIQ_000462,DESCUENTOS,1,-209.47,False,False
LIQD_001461,LIQ_000462,CARGAS_SOCIALES,1,295.72,False,True
LIQD_001462,LIQ_000463,BASICO,1,1861.35,True,False
LIQD_001463,LIQ_000463,DESCUENTOS,1,-316.43,False,False
LIQD_001464,LIQ_000463,CARGAS_SOCIALES,1,446.72,False,True
LIQD_001465,LIQ_000464,BASICO,1,1207.93,True,False
LIQD_001466,LIQ_000464,DESCUENTOS,1,-205.35,False,False
LIQD_001467,LIQ_000464,CARGAS_SOCIALES,1,289.9,False,True
LIQD_001468,LIQ_000465,BASICO,1,1293.65,True,False
LIQD_001469,LIQ_000465,DESCUENTOS,1,-219.92,False,False
LIQD_001470,LIQ_000465,CARGAS_SOCIALES,1,310.48,False,True
LIQD_001471,LIQ_000466,BASICO,1,1193.12,True,False
LIQD_001472,LIQ_000466,DESCUENTOS,1,-202.83,False,False
LIQD_001473,LIQ_000466,CARGAS_SOCIALES,1,286.35,False,True
LIQD_001474,LIQ_000467,BASICO,1,1179.17,True,False
LIQD_001475,LIQ_000467,DESCUENTOS,1,-200.46,False,False
LIQD_001476,LIQ_000467,CARGAS_SOCIALES,1,283.0,False,True
LIQD_001477,LIQ_000468,BASICO,1,1287.08,True,False
LIQD_001478,LIQ_000468,DESCUENTOS,1,-218.8,False,False
LIQD_001479,LIQ_000468,CARGAS_SOCIALES,1,308.9,False,True
LIQD_001480,LIQ_000469,BASICO,1,1282.81,True,False
LIQD_001481,LIQ_000469,DESCUENTOS,1,-218.08,False,False
LIQD_001482,LIQ_000469,CARGAS_SOCIALES,1,307.87,False,True
LIQD_001483,LIQ_000470,BASICO,1,1464.53,True,False
LIQD_001484,LIQ_000470,DESCUENTOS,1,-248.97,False,False
LIQD_001485,LIQ_000470,CARGAS_SOCIALES,1,351.49,False,True
LIQD_001486,LIQ_000471,BASICO,1,1282.59,True,False
LIQD_001487,LIQ_000471,DESCUENTOS,1,-218.04,False,False
LIQD_001488,LIQ_000471,CARGAS_SOCIALES,1,307.82,False,True
LIQD_001489,LIQ_000472,BASICO,1,1374.58,True,False
LIQD_001490,LIQ_000472,DESCUENTOS,1,-233.68,False,False
LIQD_001491,LIQ_000472,CARGAS_SOCIALES,1,329.9,False,True
LIQD_001492,LIQ_000473,BASICO,1,1269.21,True,False
LIQD_001493,LIQ_000473,DESCUENTOS,1,-215.77,False,False
LIQD_001494,LIQ_000473,CARGAS_SOCIALES,1,304.61,False,True
LIQD_001495,LIQ_000474,BASICO,1,1217.65,True,False
LIQD_001496,LIQ_000474,DESCUENTOS,1,-207.0,False,False
LIQD_001497,LIQ_000474,CARGAS_SOCIALES,1,292.24,False,True
LIQD_001498,LIQ_000475,BASICO,1,1178.91,True,False
LIQD_001499,LIQ_000475,DESCUENTOS,1,-200.41,False,False
LIQD_001500,LIQ_000475,CARGAS_SOCIALES,1,282.94,False,True
LIQD_001501,LIQ_000476,BASICO,1,1190.64,True,False
LIQD_001502,LIQ_000476,DESCUENTOS,1,-202.41,False,False
LIQD_001503,LIQ_000476,CARGAS_SOCIALES,1,285.75,False,True
LIQD_001504,LIQ_000477,BASICO,1,1431.15,True,False
LIQD_001505,LIQ_000477,DESCUENTOS,1,-243.3,False,False
LIQD_001506,LIQ_000477,CARGAS_SOCIALES,1,343.48,False,True
LIQD_001507,LIQ_000478,BASICO,1,1284.87,True,False
LIQD_001508,LIQ_000478,DESCUENTOS,1,-218.43,False,False
LIQD_001509,LIQ_000478,CARGAS_SOCIALES,1,308.37,False,True
LIQD_001510,LIQ_000479,BASICO,1,1498.17,True,False
LIQD_001511,LIQ_000479,DESCUENTOS,1,-254.69,False,False
LIQD_001512,LIQ_000479,CARGAS_SOCIALES,1,359.56,False,True
LIQD_001513,LIQ_000480,BASICO,1,1384.3,True,False
LIQD_001514,LIQ_000480,DESCUENTOS,1,-235.33,False,False
LIQD_001515,LIQ_000480,CARGAS_SOCIALES,1,332.23,False,True
LIQD_001516,LIQ_000481,BASICO,1,1299.74,True,False
LIQD_001517,LIQ_000481,DESCUENTOS,1,-220.96,False,False
LIQD_001518,LIQ_000481,CARGAS_SOCIALES,1,311.94,False,True
LIQD_001519,LIQ_000482,BASICO,1,1434.27,True,False
LIQD_001520,LIQ_000482,DESCUENTOS,1,-243.83,False,False
LIQD_001521,LIQ_000482,CARGAS_SOCIALES,1,344.22,False,True
LIQD_001522,LIQ_000483,BASICO,1,1466.13,True,False
LIQD_001523,LIQ_000483,DESCUENTOS,1,-249.24,False,False
LIQD_001524,LIQ_000483,CARGAS_SOCIALES,1,351.87,False,True
LIQD_001525,LIQ_000484,BASICO,1,1190.33,True,False
LIQD_001526,LIQ_000484,DESCUENTOS,1,-202.36,False,False
LIQD_001527,LIQ_000484,CARGAS_SOCIALES,1,285.68,False,True
LIQD_001528,LIQ_000485,BASICO,1,1490.46,True,False
LIQD_001529,LIQ_000485,DESCUENTOS,1,-253.38,False,False
LIQD_001530,LIQ_000485,CARGAS_SOCIALES,1,357.71,False,True
LIQD_001531,LIQ_000486,BASICO,1,1293.15,True,False
LIQD_001532,LIQ_000486,DESCUENTOS,1,-219.84,False,False
LIQD_001533,LIQ_000486,CARGAS_SOCIALES,1,310.36,False,True
LIQD_001534,LIQ_000487,BASICO,1,1863.44,True,False
LIQD_001535,LIQ_000487,DESCUENTOS,1,-316.78,False,False
LIQD_001536,LIQ_000487,CARGAS_SOCIALES,1,447.23,False,True
LIQD_001537,LIQ_000488,BASICO,1,1200.78,True,False
LIQD_001538,LIQ_000488,DESCUENTOS,1,-204.13,False,False
LIQD_001539,LIQ_000488,CARGAS_SOCIALES,1,288.19,False,True
LIQD_001540,LIQ_000489,BASICO,1,1257.06,True,False
LIQD_001541,LIQ_000489,DESCUENTOS,1,-213.7,False,False
LIQD_001542,LIQ_000489,CARGAS_SOCIALES,1,301.69,False,True
LIQD_001543,LIQ_000490,BASICO,1,1192.53,True,False
LIQD_001544,LIQ_000490,DESCUENTOS,1,-202.73,False,False
LIQD_001545,LIQ_000490,CARGAS_SOCIALES,1,286.21,False,True
LIQD_001546,LIQ_000491,BASICO,1,1192.46,True,False
LIQD_001547,LIQ_000491,DESCUENTOS,1,-202.72,False,False
LIQD_001548,LIQ_000491,CARGAS_SOCIALES,1,286.19,False,True
LIQD_001549,LIQ_000492,BASICO,1,1226.53,True,False
LIQD_001550,LIQ_000492,DESCUENTOS,1,-208.51,False,False
LIQD_001551,LIQ_000492,CARGAS_SOCIALES,1,294.37,False,True
LIQD_001552,LIQ_000493,BASICO,1,1262.73,True,False
LIQD_001553,LIQ_000493,DESCUENTOS,1,-214.66,False,False
LIQD_001554,LIQ_000493,CARGAS_SOCIALES,1,303.06,False,True
LIQD_001555,LIQ_000494,BASICO,1,1495.47,True,False
LIQD_001556,LIQ_000494,DESCUENTOS,1,-254.23,False,False
LIQD_001557,LIQ_000494,CARGAS_SOCIALES,1,358.91,False,True
LIQD_001558,LIQ_000495,BASICO,1,1278.2,True,False
LIQD_001559,LIQ_000495,DESCUENTOS,1,-217.29,False,False
LIQD_001560,LIQ_000495,CARGAS_SOCIALES,1,306.77,False,True
LIQD_001561,LIQ_000496,BASICO,1,1418.28,True,False
LIQD_001562,LIQ_000496,DESCUENTOS,1,-241.11,False,False
LIQD_001563,LIQ_000496,CARGAS_SOCIALES,1,340.39,False,True
LIQD_001564,LIQ_000497,BASICO,1,1254.29,True,False
LIQD_001565,LIQ_000497,DESCUENTOS,1,-213.23,False,False
LIQD_001566,LIQ_000497,CARGAS_SOCIALES,1,301.03,False,True
LIQD_001567,LIQ_000498,BASICO,1,1193.85,True,False
LIQD_001568,LIQ_000498,DESCUENTOS,1,-202.95,False,False
LIQD_001569,LIQ_000498,CARGAS_SOCIALES,1,286.52,False,True
LIQD_001570,LIQ_000499,BASICO,1,1158.77,True,False
LIQD_001571,LIQ_000499,DESCUENTOS,1,-196.99,False,False
LIQD_001572,LIQ_000499,CARGAS_SOCIALES,1,278.1,False,True
LIQD_001573,LIQ_000500,BASICO,1,1183.52,True,False
LIQD_001574,LIQ_000500,DESCUENTOS,1,-201.2,False,False
LIQD_001575,LIQ_000500,CARGAS_SOCIALES,1,284.04,False,True
LIQD_001576,LIQ_000501,BASICO,1,1391.68,True,False
LIQD_001577,LIQ_000501,DESCUENTOS,1,-236.59,False,False
LIQD_001578,LIQ_000501,CARGAS_SOCIALES,1,334.0,False,True
LIQD_001579,LIQ_000502,BASICO,1,1244.14,True,False
LIQD_001580,LIQ_000502,DESCUENTOS,1,-211.5,False,False
LIQD_001581,LIQ_000502,CARGAS_SOCIALES,1,298.59,False,True
LIQD_001582,LIQ_000503,BASICO,1,1423.72,True,False
LIQD_001583,LIQ_000503,DESCUENTOS,1,-242.03,False,False
LIQD_001584,LIQ_000503,CARGAS_SOCIALES,1,341.69,False,True
LIQD_001585,LIQ_000504,BASICO,1,1409.57,True,False
LIQD_001586,LIQ_000504,DESCUENTOS,1,-239.63,False,False
LIQD_001587,LIQ_000504,CARGAS_SOCIALES,1,338.3,False,True
LIQD_001588,LIQ_000505,BASICO,1,1257.63,True,False
LIQD_001589,LIQ_000505,DESCUENTOS,1,-225.55,False,False
LIQD_001590,LIQ_000505,CARGAS_SOCIALES,1,318.42,False,True
LIQD_001591,LIQ_000505,HORAS_EXTRA,1,69.12,True,False
LIQD_001592,LIQ_000506,BASICO,1,1467.79,True,False
LIQD_001593,LIQ_000506,DESCUENTOS,1,-249.52,False,False
LIQD_001594,LIQ_000506,CARGAS_SOCIALES,1,352.27,False,True
LIQD_001595,LIQ_000507,BASICO,1,1459.11,True,False
LIQD_001596,LIQ_000507,DESCUENTOS,1,-248.05,False,False
LIQD_001597,LIQ_000507,CARGAS_SOCIALES,1,350.19,False,True
LIQD_001598,LIQ_000508,BASICO,1,1189.96,True,False
LIQD_001599,LIQ_000508,DESCUENTOS,1,-202.29,False,False
LIQD_001600,LIQ_000508,CARGAS_SOCIALES,1,285.59,False,True
LIQD_001601,LIQ_000509,BASICO,1,1471.54,True,False
LIQD_001602,LIQ_000509,DESCUENTOS,1,-250.16,False,False
LIQD_001603,LIQ_000509,CARGAS_SOCIALES,1,353.17,False,True
LIQD_001604,LIQ_000510,BASICO,1,1225.47,True,False
LIQD_001605,LIQ_000510,DESCUENTOS,1,-235.24,False,False
LIQD_001606,LIQ_000510,CARGAS_SOCIALES,1,332.1,False,True
LIQD_001607,LIQ_000510,HORAS_EXTRA,1,158.3,True,False
LIQD_001608,LIQ_000511,BASICO,1,1791.36,True,False
LIQD_001609,LIQ_000511,DESCUENTOS,1,-334.29,False,False
LIQD_001610,LIQ_000511,CARGAS_SOCIALES,1,471.94,False,True
LIQD_001611,LIQ_000511,HORAS_EXTRA,1,175.06,True,False
LIQD_001612,LIQ_000512,BASICO,1,1193.48,True,False
LIQD_001613,LIQ_000512,DESCUENTOS,1,-202.89,False,False
LIQD_001614,LIQ_000512,CARGAS_SOCIALES,1,286.44,False,True
LIQD_001615,LIQ_000513,BASICO,1,1246.02,True,False
LIQD_001616,LIQ_000513,DESCUENTOS,1,-240.41,False,False
LIQD_001617,LIQ_000513,CARGAS_SOCIALES,1,339.4,False,True
LIQD_001618,LIQ_000513,HORAS_EXTRA,1,168.14,True,False
LIQD_001619,LIQ_000514,BASICO,1,1184.46,True,False
LIQD_001620,LIQ_000514,DESCUENTOS,1,-201.36,False,False
LIQD_001621,LIQ_000514,CARGAS_SOCIALES,1,284.27,False,True
LIQD_001622,LIQ_000515,BASICO,1,1201.62,True,False
LIQD_001623,LIQ_000515,DESCUENTOS,1,-204.28,False,False
LIQD_001624,LIQ_000515,CARGAS_SOCIALES,1,288.39,False,True
LIQD_001625,LIQ_000516,BASICO,1,1243.67,True,False
LIQD_001626,LIQ_000516,DESCUENTOS,1,-243.29,False,False
LIQD_001627,LIQ_000516,CARGAS_SOCIALES,1,343.47,False,True
LIQD_001628,LIQ_000516,HORAS_EXTRA,1,187.46,True,False
LIQD_001629,LIQ_000517,BASICO,1,1265.24,True,False
LIQD_001630,LIQ_000517,DESCUENTOS,1,-225.91,False,False
LIQD_001631,LIQ_000517,CARGAS_SOCIALES,1,318.93,False,True
LIQD_001632,LIQ_000517,HORAS_EXTRA,1,63.65,True,False
LIQD_001633,LIQ_000518,BASICO,1,1504.7,True,False
LIQD_001634,LIQ_000518,DESCUENTOS,1,-255.8,False,False
LIQD_001635,LIQ_000518,CARGAS_SOCIALES,1,361.13,False,True
LIQD_001636,LIQ_000519,BASICO,1,1278.01,True,False
LIQD_001637,LIQ_000519,DESCUENTOS,1,-236.02,False,False
LIQD_001638,LIQ_000519,CARGAS_SOCIALES,1,333.21,False,True
LIQD_001639,LIQ_000519,HORAS_EXTRA,1,110.36,True,False
LIQD_001640,LIQ_000520,BASICO,1,1417.73,True,False
LIQD_001641,LIQ_000520,DESCUENTOS,1,-283.81,False,False
LIQD_001642,LIQ_000520,CARGAS_SOCIALES,1,400.67,False,True
LIQD_001643,LIQ_000520,HORAS_EXTRA,1,251.72,True,False
LIQD_001644,LIQ_000521,BASICO,1,1270.88,True,False
LIQD_001645,LIQ_000521,DESCUENTOS,1,-246.76,False,False
LIQD_001646,LIQ_000521,CARGAS_SOCIALES,1,348.36,False,True
LIQD_001647,LIQ_000521,HORAS_EXTRA,1,180.62,True,False
LIQD_001648,LIQ_000522,BASICO,1,1220.04,True,False
LIQD_001649,LIQ_000522,DESCUENTOS,1,-207.41,False,False
LIQD_001650,LIQ_000522,CARGAS_SOCIALES,1,292.81,False,True
LIQD_001651,LIQ_000523,BASICO,1,1207.78,True,False
LIQD_001652,LIQ_000523,DESCUENTOS,1,-205.32,False,False
LIQD_001653,LIQ_000523,CARGAS_SOCIALES,1,289.87,False,True
LIQD_001654,LIQ_000524,BASICO,1,1165.42,True,False
LIQD_001655,LIQ_000524,DESCUENTOS,1,-198.12,False,False
LIQD_001656,LIQ_000524,CARGAS_SOCIALES,1,279.7,False,True
LIQD_001657,LIQ_000525,BASICO,1,1410.31,True,False
LIQD_001658,LIQ_000525,DESCUENTOS,1,-281.57,False,False
LIQD_001659,LIQ_000525,CARGAS_SOCIALES,1,397.51,False,True
LIQD_001660,LIQ_000525,HORAS_EXTRA,1,245.99,True,False
LIQD_001661,LIQ_000526,BASICO,1,1293.91,True,False
LIQD_001662,LIQ_000526,DESCUENTOS,1,-256.58,False,False
LIQD_001663,LIQ_000526,CARGAS_SOCIALES,1,362.23,False,True
LIQD_001664,LIQ_000526,HORAS_EXTRA,1,215.38,True,False
LIQD_001665,LIQ_000527,BASICO,1,1432.65,True,False
LIQD_001666,LIQ_000527,DESCUENTOS,1,-243.55,False,False
LIQD_001667,LIQ_000527,CARGAS_SOCIALES,1,343.84,False,True
LIQD_001668,LIQ_000528,BASICO,1,1358.16,True,False
LIQD_001669,LIQ_000528,DESCUENTOS,1,-267.36,False,False
LIQD_001670,LIQ_000528,CARGAS_SOCIALES,1,377.45,False,True
LIQD_001671,LIQ_000528,HORAS_EXTRA,1,214.53,True,False
LIQD_001672,LIQ_000529,BASICO,1,1231.06,True,False
LIQD_001673,LIQ_000529,DESCUENTOS,1,-233.44,False,False
LIQD_001674,LIQ_000529,CARGAS_SOCIALES,1,329.57,False,True
LIQD_001675,LIQ_000529,HORAS_EXTRA,1,142.13,True,False
LIQD_001676,LIQ_000530,BASICO,1,1493.72,True,False
LIQD_001677,LIQ_000530,DESCUENTOS,1,-253.93,False,False
LIQD_001678,LIQ_000530,CARGAS_SOCIALES,1,358.49,False,True
LIQD_001679,LIQ_000531,BASICO,1,1445.34,True,False
LIQD_001680,LIQ_000531,DESCUENTOS,1,-245.71,False,False
LIQD_001681,LIQ_000531,CARGAS_SOCIALES,1,346.88,False,True
LIQD_001682,LIQ_000532,BASICO,1,1193.16,True,False
LIQD_001683,LIQ_000532,DESCUENTOS,1,-202.84,False,False
LIQD_001684,LIQ_000532,CARGAS_SOCIALES,1,286.36,False,True
LIQD_001685,LIQ_000533,BASICO,1,1431.22,True,False
LIQD_001686,LIQ_000533,DESCUENTOS,1,-243.31,False,False
LIQD_001687,LIQ_000533,CARGAS_SOCIALES,1,343.49,False,True
LIQD_001688,LIQ_000534,BASICO,1,1291.35,True,False
LIQD_001689,LIQ_000534,DESCUENTOS,1,-250.58,False,False
LIQD_001690,LIQ_000534,CARGAS_SOCIALES,1,353.76,False,True
LIQD_001691,LIQ_000534,HORAS_EXTRA,1,182.64,True,False
LIQD_001692,LIQ_000535,BASICO,1,1794.78,True,False
LIQD_001693,LIQ_000535,DESCUENTOS,1,-341.29,False,False
LIQD_001694,LIQ_000535,CARGAS_SOCIALES,1,481.82,False,True
LIQD_001695,LIQ_000535,HORAS_EXTRA,1,212.79,True,False
LIQD_001696,LIQ_000536,BASICO,1,1163.89,True,False
LIQD_001697,LIQ_000536,DESCUENTOS,1,-197.86,False,False
LIQD_001698,LIQ_000536,CARGAS_SOCIALES,1,279.33,False,True
LIQD_001699,LIQ_000537,BASICO,1,1271.08,True,False
LIQD_001700,LIQ_000537,DESCUENTOS,1,-233.85,False,False
LIQD_001701,LIQ_000537,CARGAS_SOCIALES,1,330.14,False,True
LIQD_001702,LIQ_000537,HORAS_EXTRA,1,104.5,True,False
LIQD_001703,LIQ_000538,BASICO,1,1209.58,True,False
LIQD_001704,LIQ_000538,DESCUENTOS,1,-205.63,False,False
LIQD_001705,LIQ_000538,CARGAS_SOCIALES,1,290.3,False,True
LIQD_001706,LIQ_000539,BASICO,1,1169.86,True,False
LIQD_001707,LIQ_000539,DESCUENTOS,1,-198.88,False,False
LIQD_001708,LIQ_000539,CARGAS_SOCIALES,1,280.77,False,True
LIQD_001709,LIQ_000540,BASICO,1,1229.62,True,False
LIQD_001710,LIQ_000540,DESCUENTOS,1,-233.79,False,False
LIQD_001711,LIQ_000540,CARGAS_SOCIALES,1,330.06,False,True
LIQD_001712,LIQ_000540,HORAS_EXTRA,1,145.63,True,False
LIQD_001713,LIQ_000541,BASICO,1,1277.45,True,False
LIQD_001714,LIQ_000541,DESCUENTOS,1,-241.56,False,False
LIQD_001715,LIQ_000541,CARGAS_SOCIALES,1,341.02,False,True
LIQD_001716,LIQ_000541,HORAS_EXTRA,1,143.48,True,False
LIQD_001717,LIQ_000542,BASICO,1,1460.09,True,False
LIQD_001718,LIQ_000542,DESCUENTOS,1,-248.22,False,False
LIQD_001719,LIQ_000542,CARGAS_SOCIALES,1,350.42,False,True
LIQD_001720,LIQ_000543,BASICO,1,1233.51,True,False
LIQD_001721,LIQ_000543,DESCUENTOS,1,-235.94,False,False
LIQD_001722,LIQ_000543,CARGAS_SOCIALES,1,333.1,False,True
LIQD_001723,LIQ_000543,HORAS_EXTRA,1,154.39,True,False
LIQD_001724,LIQ_000544,BASICO,1,1408.62,True,False
LIQD_001725,LIQ_000544,DESCUENTOS,1,-264.62,False,False
LIQD_001726,LIQ_000544,CARGAS_SOCIALES,1,373.59,False,True
LIQD_001727,LIQ_000544,HORAS_EXTRA,1,147.99,True,False
LIQD_001728,LIQ_000545,BASICO,1,1298.19,True,False
LIQD_001729,LIQ_000545,DESCUENTOS,1,-237.07,False,False
LIQD_001730,LIQ_000545,CARGAS_SOCIALES,1,334.69,False,True
LIQD_001731,LIQ_000545,HORAS_EXTRA,1,96.36,True,False
LIQD_001732,LIQ_000546,BASICO,1,1157.4,True,False
LIQD_001733,LIQ_000546,DESCUENTOS,1,-196.76,False,False
LIQD_001734,LIQ_000546,CARGAS_SOCIALES,1,277.78,False,True
LIQD_001735,LIQ_000547,BASICO,1,1180.08,True,False
LIQD_001736,LIQ_000547,DESCUENTOS,1,-200.61,False,False
LIQD_001737,LIQ_000547,CARGAS_SOCIALES,1,283.22,False,True
LIQD_001738,LIQ_000548,BASICO,1,1167.22,True,False
LIQD_001739,LIQ_000548,DESCUENTOS,1,-198.43,False,False
LIQD_001740,LIQ_000548,CARGAS_SOCIALES,1,280.13,False,True
LIQD_001741,LIQ_000549,BASICO,1,1370.48,True,False
LIQD_001742,LIQ_000549,DESCUENTOS,1,-269.87,False,False
LIQD_001743,LIQ_000549,CARGAS_SOCIALES,1,380.99,False,True
LIQD_001744,LIQ_000549,HORAS_EXTRA,1,216.98,True,False
LIQD_001745,LIQ_000550,BASICO,1,1270.24,True,False
LIQD_001746,LIQ_000550,DESCUENTOS,1,-255.03,False,False
LIQD_001747,LIQ_000550,CARGAS_SOCIALES,1,360.04,False,True
LIQD_001748,LIQ_000550,HORAS_EXTRA,1,229.91,True,False
LIQD_001749,LIQ_000551,BASICO,1,1443.25,True,False
LIQD_001750,LIQ_000551,DESCUENTOS,1,-245.35,False,False
LIQD_001751,LIQ_000551,CARGAS_SOCIALES,1,346.38,False,True
LIQD_001752,LIQ_000552,BASICO,1,1433.23,True,False
LIQD_001753,LIQ_000552,DESCUENTOS,1,-257.59,False,False
LIQD_001754,LIQ_000552,CARGAS_SOCIALES,1,363.66,False,True
LIQD_001755,LIQ_000552,HORAS_EXTRA,1,82.03,True,False
LIQD_001756,LIQ_000553,BASICO,1,1279.92,True,False
LIQD_001757,LIQ_000553,DESCUENTOS,1,-217.59,False,False
LIQD_001758,LIQ_000553,CARGAS_SOCIALES,1,307.18,False,True
LIQD_001759,LIQ_000554,BASICO,1,1488.25,True,False
LIQD_001760,LIQ_000554,DESCUENTOS,1,-253.0,False,False
LIQD_001761,LIQ_000554,CARGAS_SOCIALES,1,357.18,False,True
LIQD_001762,LIQ_000555,BASICO,1,1426.84,True,False
LIQD_001763,LIQ_000555,DESCUENTOS,1,-242.56,False,False
LIQD_001764,LIQ_000555,CARGAS_SOCIALES,1,342.44,False,True
LIQD_001765,LIQ_000556,BASICO,1,1168.57,True,False
LIQD_001766,LIQ_000556,DESCUENTOS,1,-198.66,False,False
LIQD_001767,LIQ_000556,CARGAS_SOCIALES,1,280.46,False,True
LIQD_001768,LIQ_000557,BASICO,1,1454.43,True,False
LIQD_001769,LIQ_000557,DESCUENTOS,1,-247.25,False,False
LIQD_001770,LIQ_000557,CARGAS_SOCIALES,1,349.06,False,True
LIQD_001771,LIQ_000558,BASICO,1,1290.11,True,False
LIQD_001772,LIQ_000558,DESCUENTOS,1,-219.32,False,False
LIQD_001773,LIQ_000558,CARGAS_SOCIALES,1,309.63,False,True
LIQD_001774,LIQ_000559,BASICO,1,1842.24,True,False
LIQD_001775,LIQ_000559,DESCUENTOS,1,-342.38,False,False
LIQD_001776,LIQ_000559,CARGAS_SOCIALES,1,483.36,False,True
LIQD_001777,LIQ_000559,BONO,1,171.74,True,False
LIQD_001778,LIQ_000560,BASICO,1,1211.84,True,False
LIQD_001779,LIQ_000560,DESCUENTOS,1,-206.01,False,False
LIQD_001780,LIQ_000560,CARGAS_SOCIALES,1,290.84,False,True
LIQD_001781,LIQ_000561,BASICO,1,1287.11,True,False
LIQD_001782,LIQ_000561,DESCUENTOS,1,-218.81,False,False
LIQD_001783,LIQ_000561,CARGAS_SOCIALES,1,308.91,False,True
LIQD_001784,LIQ_000562,BASICO,1,1190.12,True,False
LIQD_001785,LIQ_000562,DESCUENTOS,1,-202.32,False,False
LIQD_001786,LIQ_000562,CARGAS_SOCIALES,1,285.63,False,True
LIQD_001787,LIQ_000563,BASICO,1,1192.42,True,False
LIQD_001788,LIQ_000563,DESCUENTOS,1,-202.71,False,False
LIQD_001789,LIQ_000563,CARGAS_SOCIALES,1,286.18,False,True
LIQD_001790,LIQ_000564,BASICO,1,1278.85,True,False
LIQD_001791,LIQ_000564,DESCUENTOS,1,-217.4,False,False
LIQD_001792,LIQ_000564,CARGAS_SOCIALES,1,306.92,False,True
LIQD_001793,LIQ_000565,BASICO,1,1244.75,True,False
LIQD_001794,LIQ_000565,DESCUENTOS,1,-211.61,False,False
LIQD_001795,LIQ_000565,CARGAS_SOCIALES,1,298.74,False,True
LIQD_001796,LIQ_000566,BASICO,1,1495.34,True,False
LIQD_001797,LIQ_000566,DESCUENTOS,1,-254.21,False,False
LIQD_001798,LIQ_000566,CARGAS_SOCIALES,1,358.88,False,True
LIQD_001799,LIQ_000567,BASICO,1,1226.56,True,False
LIQD_001800,LIQ_000567,DESCUENTOS,1,-208.52,False,False
LIQD_001801,LIQ_000567,CARGAS_SOCIALES,1,294.37,False,True
LIQD_001802,LIQ_000568,BASICO,1,1368.61,True,False
LIQD_001803,LIQ_000568,DESCUENTOS,1,-232.66,False,False
LIQD_001804,LIQ_000568,CARGAS_SOCIALES,1,328.47,False,True
LIQD_001805,LIQ_000569,BASICO,1,1285.01,True,False
LIQD_001806,LIQ_000569,DESCUENTOS,1,-218.45,False,False
LIQD_001807,LIQ_000569,CARGAS_SOCIALES,1,308.4,False,True
LIQD_001808,LIQ_000570,BASICO,1,1180.49,True,False
LIQD_001809,LIQ_000570,DESCUENTOS,1,-200.68,False,False
LIQD_001810,LIQ_000570,CARGAS_SOCIALES,1,283.32,False,True
LIQD_001811,LIQ_000571,BASICO,1,1167.01,True,False
LIQD_001812,LIQ_000571,DESCUENTOS,1,-198.39,False,False
LIQD_001813,LIQ_000571,CARGAS_SOCIALES,1,280.08,False,True
LIQD_001814,LIQ_000572,BASICO,1,1169.62,True,False
LIQD_001815,LIQ_000572,DESCUENTOS,1,-198.84,False,False
LIQD_001816,LIQ_000572,CARGAS_SOCIALES,1,280.71,False,True
LIQD_001817,LIQ_000573,BASICO,1,1396.35,True,False
LIQD_001818,LIQ_000573,DESCUENTOS,1,-237.38,False,False
LIQD_001819,LIQ_000573,CARGAS_SOCIALES,1,335.12,False,True
LIQD_001820,LIQ_000574,BASICO,1,1288.46,True,False
LIQD_001821,LIQ_000574,DESCUENTOS,1,-219.04,False,False
LIQD_001822,LIQ_000574,CARGAS_SOCIALES,1,309.23,False,True
LIQD_001823,LIQ_000575,BASICO,1,1427.15,True,False
LIQD_001824,LIQ_000575,DESCUENTOS,1,-242.62,False,False
LIQD_001825,LIQ_000575,CARGAS_SOCIALES,1,342.52,False,True
LIQD_001826,LIQ_000576,BASICO,1,1354.92,True,False
LIQD_001827,LIQ_000576,DESCUENTOS,1,-230.34,False,False
LIQD_001828,LIQ_000576,CARGAS_SOCIALES,1,325.18,False,True
LIQD_001829,LIQ_000577,BASICO,1,1259.89,True,False
LIQD_001830,LIQ_000577,DESCUENTOS,1,-214.18,False,False
LIQD_001831,LIQ_000577,CARGAS_SOCIALES,1,302.37,False,True
LIQD_001832,LIQ_000578,BASICO,1,1504.19,True,False
LIQD_001833,LIQ_000578,DESCUENTOS,1,-255.71,False,False
LIQD_001834,LIQ_000578,CARGAS_SOCIALES,1,361.01,False,True
LIQD_001835,LIQ_000579,BASICO,1,1445.27,True,False
LIQD_001836,LIQ_000579,DESCUENTOS,1,-245.7,False,False
LIQD_001837,LIQ_000579,CARGAS_SOCIALES,1,346.86,False,True
LIQD_001838,LIQ_000580,BASICO,1,1224.31,True,False
LIQD_001839,LIQ_000580,DESCUENTOS,1,-208.13,False,False
LIQD_001840,LIQ_000580,CARGAS_SOCIALES,1,293.83,False,True
LIQD_001841,LIQ_000581,BASICO,1,1498.23,True,False
LIQD_001842,LIQ_000581,DESCUENTOS,1,-254.7,False,False
LIQD_001843,LIQ_000581,CARGAS_SOCIALES,1,359.58,False,True
LIQD_001844,LIQ_000582,BASICO,1,1246.24,True,False
LIQD_001845,LIQ_000582,DESCUENTOS,1,-211.86,False,False
LIQD_001846,LIQ_000582,CARGAS_SOCIALES,1,299.1,False,True
LIQD_001847,LIQ_000583,BASICO,1,1872.81,True,False
LIQD_001848,LIQ_000583,DESCUENTOS,1,-318.38,False,False
LIQD_001849,LIQ_000583,CARGAS_SOCIALES,1,449.47,False,True
LIQD_001850,LIQ_000584,BASICO,1,1204.96,True,False
LIQD_001851,LIQ_000584,DESCUENTOS,1,-204.84,False,False
LIQD_001852,LIQ_000584,CARGAS_SOCIALES,1,289.19,False,True
LIQD_001853,LIQ_000585,BASICO,1,1263.39,True,False
LIQD_001854,LIQ_000585,DESCUENTOS,1,-214.78,False,False
LIQD_001855,LIQ_000585,CARGAS_SOCIALES,1,303.21,False,True
LIQD_001856,LIQ_000586,BASICO,1,1186.34,True,False
LIQD_001857,LIQ_000586,DESCUENTOS,1,-201.68,False,False
LIQD_001858,LIQ_000586,CARGAS_SOCIALES,1,284.72,False,True
LIQD_001859,LIQ_000587,BASICO,1,1214.14,True,False
LIQD_001860,LIQ_000587,DESCUENTOS,1,-206.4,False,False
LIQD_001861,LIQ_000587,CARGAS_SOCIALES,1,291.39,False,True
LIQD_001862,LIQ_000588,BASICO,1,1284.48,True,False
LIQD_001863,LIQ_000588,DESCUENTOS,1,-218.36,False,False
LIQD_001864,LIQ_000588,CARGAS_SOCIALES,1,308.28,False,True
LIQD_001865,LIQ_000589,BASICO,1,1281.77,True,False
LIQD_001866,LIQ_000589,DESCUENTOS,1,-217.9,False,False
LIQD_001867,LIQ_000589,CARGAS_SOCIALES,1,307.62,False,True
LIQD_001868,LIQ_000590,BASICO,1,1507.85,True,False
LIQD_001869,LIQ_000590,DESCUENTOS,1,-256.33,False,False
LIQD_001870,LIQ_000590,CARGAS_SOCIALES,1,361.88,False,True
LIQD_001871,LIQ_000591,BASICO,1,1260.89,True,False
LIQD_001872,LIQ_000591,DESCUENTOS,1,-214.35,False,False
LIQD_001873,LIQ_000591,CARGAS_SOCIALES,1,302.61,False,True
LIQD_001874,LIQ_000592,BASICO,1,1419.21,True,False
LIQD_001875,LIQ_000592,DESCUENTOS,1,-241.27,False,False
LIQD_001876,LIQ_000592,CARGAS_SOCIALES,1,340.61,False,True
LIQD_001877,LIQ_000593,BASICO,1,1289.69,True,False
LIQD_001878,LIQ_000593,DESCUENTOS,1,-219.25,False,False
LIQD_001879,LIQ_000593,CARGAS_SOCIALES,1,309.53,False,True
LIQD_001880,LIQ_000594,BASICO,1,1171.38,True,False
LIQD_001881,LIQ_000594,DESCUENTOS,1,-199.13,False,False
LIQD_001882,LIQ_000594,CARGAS_SOCIALES,1,281.13,False,True
LIQD_001883,LIQ_000595,BASICO,1,1159.38,True,False
LIQD_001884,LIQ_000595,DESCUENTOS,1,-197.09,False,False
LIQD_001885,LIQ_000595,CARGAS_SOCIALES,1,278.25,False,True
LIQD_001886,LIQ_000596,BASICO,1,1185.06,True,False
LIQD_001887,LIQ_000596,DESCUENTOS,1,-201.46,False,False
LIQD_001888,LIQ_000596,CARGAS_SOCIALES,1,284.41,False,True
LIQD_001889,LIQ_000597,BASICO,1,1423.34,True,False
LIQD_001890,LIQ_000597,DESCUENTOS,1,-241.97,False,False
LIQD_001891,LIQ_000597,CARGAS_SOCIALES,1,341.6,False,True
LIQD_001892,LIQ_000598,BASICO,1,1246.68,True,False
LIQD_001893,LIQ_000598,DESCUENTOS,1,-211.94,False,False
LIQD_001894,LIQ_000598,CARGAS_SOCIALES,1,299.2,False,True
LIQD_001895,LIQ_000599,BASICO,1,1481.9,True,False
LIQD_001896,LIQ_000599,DESCUENTOS,1,-251.92,False,False
LIQD_001897,LIQ_000599,CARGAS_SOCIALES,1,355.66,False,True
LIQD_001898,LIQ_000600,BASICO,1,1353.01,True,False
LIQD_001899,LIQ_000600,DESCUENTOS,1,-230.01,False,False
LIQD_001900,LIQ_000600,CARGAS_SOCIALES,1,324.72,False,True
LIQD_001901,LIQ_000601,BASICO,1,1251.65,True,False
LIQD_001902,LIQ_000601,DESCUENTOS,1,-212.78,False,False
LIQD_001903,LIQ_000601,CARGAS_SOCIALES,1,300.4,False,True
LIQD_001904,LIQ_000602,BASICO,1,1474.55,True,False
LIQD_001905,LIQ_000602,DESCUENTOS,1,-250.67,False,False
LIQD_001906,LIQ_000602,CARGAS_SOCIALES,1,353.89,False,True
LIQD_001907,LIQ_000603,BASICO,1,1432.29,True,False
LIQD_001908,LIQ_000603,DESCUENTOS,1,-243.49,False,False
LIQD_001909,LIQ_000603,CARGAS_SOCIALES,1,343.75,False,True
LIQD_001910,LIQ_000604,BASICO,1,1219.88,True,False
LIQD_001911,LIQ_000604,DESCUENTOS,1,-207.38,False,False
LIQD_001912,LIQ_000604,CARGAS_SOCIALES,1,292.77,False,True
LIQD_001913,LIQ_000605,BASICO,1,1434.6,True,False
LIQD_001914,LIQ_000605,DESCUENTOS,1,-243.88,False,False
LIQD_001915,LIQ_000605,CARGAS_SOCIALES,1,344.3,False,True
LIQD_001916,LIQ_000606,BASICO,1,1293.23,True,False
LIQD_001917,LIQ_000606,DESCUENTOS,1,-219.85,False,False
LIQD_001918,LIQ_000606,CARGAS_SOCIALES,1,310.38,False,True
LIQD_001919,LIQ_000607,BASICO,1,1807.23,True,False
LIQD_001920,LIQ_000607,DESCUENTOS,1,-307.23,False,False
LIQD_001921,LIQ_000607,CARGAS_SOCIALES,1,433.74,False,True
LIQD_001922,LIQ_000608,BASICO,1,1226.79,True,False
LIQD_001923,LIQ_000608,DESCUENTOS,1,-208.55,False,False
LIQD_001924,LIQ_000608,CARGAS_SOCIALES,1,294.43,False,True
LIQD_001925,LIQ_000609,BASICO,1,1270.36,True,False
LIQD_001926,LIQ_000609,DESCUENTOS,1,-215.96,False,False
LIQD_001927,LIQ_000609,CARGAS_SOCIALES,1,304.89,False,True
LIQD_001928,LIQ_000610,BASICO,1,1162.37,True,False
LIQD_001929,LIQ_000610,DESCUENTOS,1,-197.6,False,False
LIQD_001930,LIQ_000610,CARGAS_SOCIALES,1,278.97,False,True
LIQD_001931,LIQ_000611,BASICO,1,1161.02,True,False
LIQD_001932,LIQ_000611,DESCUENTOS,1,-197.37,False,False
LIQD_001933,LIQ_000611,CARGAS_SOCIALES,1,278.64,False,True
LIQD_001934,LIQ_000612,BASICO,1,1230.62,True,False
LIQD_001935,LIQ_000612,DESCUENTOS,1,-209.21,False,False
LIQD_001936,LIQ_000612,CARGAS_SOCIALES,1,295.35,False,True
LIQD_001937,LIQ_000613,BASICO,1,1269.24,True,False
LIQD_001938,LIQ_000613,DESCUENTOS,1,-215.77,False,False
LIQD_001939,LIQ_000613,CARGAS_SOCIALES,1,304.62,False,True
LIQD_001940,LIQ_000614,BASICO,1,1491.43,True,False
LIQD_001941,LIQ_000614,DESCUENTOS,1,-253.54,False,False
LIQD_001942,LIQ_000614,CARGAS_SOCIALES,1,357.94,False,True
LIQD_001943,LIQ_000615,BASICO,1,1255.22,True,False
LIQD_001944,LIQ_000615,DESCUENTOS,1,-213.39,False,False
LIQD_001945,LIQ_000615,CARGAS_SOCIALES,1,301.25,False,True
LIQD_001946,LIQ_000616,BASICO,1,1389.23,True,False
LIQD_001947,LIQ_000616,DESCUENTOS,1,-236.17,False,False
LIQD_001948,LIQ_000616,CARGAS_SOCIALES,1,333.42,False,True
LIQD_001949,LIQ_000617,BASICO,1,1269.2,True,False
LIQD_001950,LIQ_000617,DESCUENTOS,1,-215.76,False,False
LIQD_001951,LIQ_000617,CARGAS_SOCIALES,1,304.61,False,True
LIQD_001952,LIQ_000618,BASICO,1,1194.14,True,False
LIQD_001953,LIQ_000618,DESCUENTOS,1,-203.0,False,False
LIQD_001954,LIQ_000618,CARGAS_SOCIALES,1,286.59,False,True
LIQD_001955,LIQ_000619,BASICO,1,1205.11,True,False
LIQD_001956,LIQ_000619,DESCUENTOS,1,-204.87,False,False
LIQD_001957,LIQ_000619,CARGAS_SOCIALES,1,289.23,False,True
LIQD_001958,LIQ_000620,BASICO,1,1189.8,True,False
LIQD_001959,LIQ_000620,DESCUENTOS,1,-202.27,False,False
LIQD_001960,LIQ_000620,CARGAS_SOCIALES,1,285.55,False,True
LIQD_001961,LIQ_000621,BASICO,1,1411.51,True,False
LIQD_001962,LIQ_000621,DESCUENTOS,1,-239.96,False,False
LIQD_001963,LIQ_000621,CARGAS_SOCIALES,1,338.76,False,True
LIQD_001964,LIQ_000622,BASICO,1,1299.8,True,False
LIQD_001965,LIQ_000622,DESCUENTOS,1,-220.97,False,False
LIQD_001966,LIQ_000622,CARGAS_SOCIALES,1,311.95,False,True
LIQD_001967,LIQ_000623,BASICO,1,1451.48,True,False
LIQD_001968,LIQ_000623,DESCUENTOS,1,-246.75,False,False
LIQD_001969,LIQ_000623,CARGAS_SOCIALES,1,348.36,False,True
LIQD_001970,LIQ_000624,BASICO,1,1353.41,True,False
LIQD_001971,LIQ_000624,DESCUENTOS,1,-230.08,False,False
LIQD_001972,LIQ_000624,CARGAS_SOCIALES,1,324.82,False,True
LIQD_001973,LIQ_000625,BASICO,1,1234.42,True,False
LIQD_001974,LIQ_000625,DESCUENTOS,1,-209.85,False,False
LIQD_001975,LIQ_000625,CARGAS_SOCIALES,1,296.26,False,True
LIQD_001976,LIQ_000626,BASICO,1,1469.16,True,False
LIQD_001977,LIQ_000626,DESCUENTOS,1,-249.76,False,False
LIQD_001978,LIQ_000626,CARGAS_SOCIALES,1,352.6,False,True
LIQD_001979,LIQ_000627,BASICO,1,1450.95,True,False
LIQD_001980,LIQ_000627,DESCUENTOS,1,-246.66,False,False
LIQD_001981,LIQ_000627,CARGAS_SOCIALES,1,348.23,False,True
LIQD_001982,LIQ_000628,BASICO,1,1222.95,True,False
LIQD_001983,LIQ_000628,DESCUENTOS,1,-207.9,False,False
LIQD_001984,LIQ_000628,CARGAS_SOCIALES,1,293.51,False,True
LIQD_001985,LIQ_000629,BASICO,1,1475.59,True,False
LIQD_001986,LIQ_000629,DESCUENTOS,1,-250.85,False,False
LIQD_001987,LIQ_000629,CARGAS_SOCIALES,1,354.14,False,True
LIQD_001988,LIQ_000630,BASICO,1,1264.03,True,False
LIQD_001989,LIQ_000630,DESCUENTOS,1,-214.89,False,False
LIQD_001990,LIQ_000630,CARGAS_SOCIALES,1,303.37,False,True
LIQD_001991,LIQ_000631,BASICO,1,1870.75,True,False
LIQD_001992,LIQ_000631,DESCUENTOS,1,-318.03,False,False
LIQD_001993,LIQ_000631,CARGAS_SOCIALES,1,448.98,False,True
LIQD_001994,LIQ_000632,BASICO,1,1174.71,True,False
LIQD_001995,LIQ_000632,DESCUENTOS,1,-199.7,False,False
LIQD_001996,LIQ_000632,CARGAS_SOCIALES,1,281.93,False,True
LIQD_001997,LIQ_000633,BASICO,1,1286.48,True,False
LIQD_001998,LIQ_000633,DESCUENTOS,1,-218.7,False,False
LIQD_001999,LIQ_000633,CARGAS_SOCIALES,1,308.76,False,True
LIQD_002000,LIQ_000634,BASICO,1,1156.62,True,False
LIQD_002001,LIQ_000634,DESCUENTOS,1,-196.63,False,False
LIQD_002002,LIQ_000634,CARGAS_SOCIALES,1,277.59,False,True
LIQD_002003,LIQ_000635,BASICO,1,1200.27,True,False
LIQD_002004,LIQ_000635,DESCUENTOS,1,-204.05,False,False
LIQD_002005,LIQ_000635,CARGAS_SOCIALES,1,288.06,False,True
LIQD_002006,LIQ_000636,BASICO,1,1295.11,True,False
LIQD_002007,LIQ_000636,DESCUENTOS,1,-220.17,False,False
LIQD_002008,LIQ_000636,CARGAS_SOCIALES,1,310.83,False,True
LIQD_002009,LIQ_000637,BASICO,1,1284.09,True,False
LIQD_002010,LIQ_000637,DESCUENTOS,1,-218.3,False,False
LIQD_002011,LIQ_000637,CARGAS_SOCIALES,1,308.18,False,True
LIQD_002012,LIQ_000638,BASICO,1,1495.27,True,False
LIQD_002013,LIQ_000638,DESCUENTOS,1,-254.2,False,False
LIQD_002014,LIQ_000638,CARGAS_SOCIALES,1,358.86,False,True
LIQD_002015,LIQ_000639,BASICO,1,1254.77,True,False
LIQD_002016,LIQ_000639,DESCUENTOS,1,-213.31,False,False
LIQD_002017,LIQ_000639,CARGAS_SOCIALES,1,301.14,False,True
LIQD_002018,LIQ_000640,BASICO,1,1420.65,True,False
LIQD_002019,LIQ_000640,DESCUENTOS,1,-241.51,False,False
LIQD_002020,LIQ_000640,CARGAS_SOCIALES,1,340.96,False,True
LIQD_002021,LIQ_000641,BASICO,1,1266.31,True,False
LIQD_002022,LIQ_000641,DESCUENTOS,1,-215.27,False,False
LIQD_002023,LIQ_000641,CARGAS_SOCIALES,1,303.91,False,True
LIQD_002024,LIQ_000642,BASICO,1,1200.19,True,False
LIQD_002025,LIQ_000642,DESCUENTOS,1,-204.03,False,False
LIQD_002026,LIQ_000642,CARGAS_SOCIALES,1,288.05,False,True
LIQD_002027,LIQ_000643,BASICO,1,1160.57,True,False
LIQD_002028,LIQ_000643,DESCUENTOS,1,-197.3,False,False
LIQD_002029,LIQ_000643,CARGAS_SOCIALES,1,278.54,False,True
LIQD_002030,LIQ_000644,BASICO,1,1170.67,True,False
LIQD_002031,LIQ_000644,DESCUENTOS,1,-199.01,False,False
LIQD_002032,LIQ_000644,CARGAS_SOCIALES,1,280.96,False,True
LIQD_002033,LIQ_000645,BASICO,1,1398.02,True,False
LIQD_002034,LIQ_000645,DESCUENTOS,1,-237.66,False,False
LIQD_002035,LIQ_000645,CARGAS_SOCIALES,1,335.52,False,True
LIQD_002036,LIQ_000646,BASICO,1,1229.41,True,False
LIQD_002037,LIQ_000646,DESCUENTOS,1,-209.0,False,False
LIQD_002038,LIQ_000646,CARGAS_SOCIALES,1,295.06,False,True
LIQD_002039,LIQ_000647,BASICO,1,1485.51,True,False
LIQD_002040,LIQ_000647,DESCUENTOS,1,-252.54,False,False
LIQD_002041,LIQ_000647,CARGAS_SOCIALES,1,356.52,False,True
LIQD_002042,LIQ_000648,BASICO,1,1421.96,True,False
LIQD_002043,LIQ_000648,DESCUENTOS,1,-241.73,False,False
LIQD_002044,LIQ_000648,CARGAS_SOCIALES,1,341.27,False,True
LIQD_002045,LIQ_000649,BASICO,1,1294.03,True,False
LIQD_002046,LIQ_000649,DESCUENTOS,1,-219.99,False,False
LIQD_002047,LIQ_000649,CARGAS_SOCIALES,1,310.57,False,True
LIQD_002048,LIQ_000650,BASICO,1,1429.85,True,False
LIQD_002049,LIQ_000650,DESCUENTOS,1,-243.07,False,False
LIQD_002050,LIQ_000650,CARGAS_SOCIALES,1,343.16,False,True
LIQD_002051,LIQ_000651,BASICO,1,1502.76,True,False
LIQD_002052,LIQ_000651,DESCUENTOS,1,-255.47,False,False
LIQD_002053,LIQ_000651,CARGAS_SOCIALES,1,360.66,False,True
LIQD_002054,LIQ_000652,BASICO,1,1161.19,True,False
LIQD_002055,LIQ_000652,DESCUENTOS,1,-197.4,False,False
LIQD_002056,LIQ_000652,CARGAS_SOCIALES,1,278.69,False,True
LIQD_002057,LIQ_000653,BASICO,1,1462.24,True,False
LIQD_002058,LIQ_000653,DESCUENTOS,1,-248.58,False,False
LIQD_002059,LIQ_000653,CARGAS_SOCIALES,1,350.94,False,True
LIQD_002060,LIQ_000654,BASICO,1,1288.02,True,False
LIQD_002061,LIQ_000654,DESCUENTOS,1,-218.96,False,False
LIQD_002062,LIQ_000654,CARGAS_SOCIALES,1,309.12,False,True
LIQD_002063,LIQ_000655,BASICO,1,1791.28,True,False
LIQD_002064,LIQ_000655,DESCUENTOS,1,-304.52,False,False
LIQD_002065,LIQ_000655,CARGAS_SOCIALES,1,429.91,False,True
LIQD_002066,LIQ_000656,BASICO,1,1157.69,True,False
LIQD_002067,LIQ_000656,DESCUENTOS,1,-196.81,False,False
LIQD_002068,LIQ_000656,CARGAS_SOCIALES,1,277.85,False,True
LIQD_002069,LIQ_000657,BASICO,1,1226.87,True,False
LIQD_002070,LIQ_000657,DESCUENTOS,1,-208.57,False,False
LIQD_002071,LIQ_000657,CARGAS_SOCIALES,1,294.45,False,True
LIQD_002072,LIQ_000658,BASICO,1,1192.6,True,False
LIQD_002073,LIQ_000658,DESCUENTOS,1,-202.74,False,False
LIQD_002074,LIQ_000658,CARGAS_SOCIALES,1,286.22,False,True
LIQD_002075,LIQ_000659,BASICO,1,1213.86,True,False
LIQD_002076,LIQ_000659,DESCUENTOS,1,-206.36,False,False
LIQD_002077,LIQ_000659,CARGAS_SOCIALES,1,291.33,False,True
LIQD_002078,LIQ_000660,BASICO,1,1234.56,True,False
LIQD_002079,LIQ_000660,DESCUENTOS,1,-209.88,False,False
LIQD_002080,LIQ_000660,CARGAS_SOCIALES,1,296.29,False,True
LIQD_002081,LIQ_000661,BASICO,1,1234.35,True,False
LIQD_002082,LIQ_000661,DESCUENTOS,1,-209.84,False,False
LIQD_002083,LIQ_000661,CARGAS_SOCIALES,1,296.24,False,True
LIQD_002084,LIQ_000662,BASICO,1,1470.46,True,False
LIQD_002085,LIQ_000662,DESCUENTOS,1,-249.98,False,False
LIQD_002086,LIQ_000662,CARGAS_SOCIALES,1,352.91,False,True
LIQD_002087,LIQ_000663,BASICO,1,1242.57,True,False
LIQD_002088,LIQ_000663,DESCUENTOS,1,-211.24,False,False
LIQD_002089,LIQ_000663,CARGAS_SOCIALES,1,298.22,False,True
LIQD_002090,LIQ_000664,BASICO,1,1412.86,True,False
LIQD_002091,LIQ_000664,DESCUENTOS,1,-240.19,False,False
LIQD_002092,LIQ_000664,CARGAS_SOCIALES,1,339.09,False,True
LIQD_002093,LIQ_000665,BASICO,1,1296.22,True,False
LIQD_002094,LIQ_000665,DESCUENTOS,1,-220.36,False,False
LIQD_002095,LIQ_000665,CARGAS_SOCIALES,1,311.09,False,True
LIQD_002096,LIQ_000666,BASICO,1,1210.64,True,False
LIQD_002097,LIQ_000666,DESCUENTOS,1,-205.81,False,False
LIQD_002098,LIQ_000666,CARGAS_SOCIALES,1,290.55,False,True
LIQD_002099,LIQ_000667,BASICO,1,1218.5,True,False
LIQD_002100,LIQ_000667,DESCUENTOS,1,-207.15,False,False
LIQD_002101,LIQ_000667,CARGAS_SOCIALES,1,292.44,False,True
LIQD_002102,LIQ_000668,BASICO,1,1193.19,True,False
LIQD_002103,LIQ_000668,DESCUENTOS,1,-202.84,False,False
LIQD_002104,LIQ_000668,CARGAS_SOCIALES,1,286.37,False,True
LIQD_002105,LIQ_000669,BASICO,1,1421.32,True,False
LIQD_002106,LIQ_000669,DESCUENTOS,1,-241.62,False,False
LIQD_002107,LIQ_000669,CARGAS_SOCIALES,1,341.12,False,True
LIQD_002108,LIQ_000670,BASICO,1,1238.72,True,False
LIQD_002109,LIQ_000670,DESCUENTOS,1,-210.58,False,False
LIQD_002110,LIQ_000670,CARGAS_SOCIALES,1,297.29,False,True
LIQD_002111,LIQ_000671,BASICO,1,1426.95,True,False
LIQD_002112,LIQ_000671,DESCUENTOS,1,-242.58,False,False
LIQD_002113,LIQ_000671,CARGAS_SOCIALES,1,342.47,False,True
LIQD_002114,LIQ_000672,BASICO,1,1406.71,True,False
LIQD_002115,LIQ_000672,DESCUENTOS,1,-239.14,False,False
LIQD_002116,LIQ_000672,CARGAS_SOCIALES,1,337.61,False,True
LIQD_002117,LIQ_000673,BASICO,1,1228.9,True,False
LIQD_002118,LIQ_000673,DESCUENTOS,1,-236.09,False,False
LIQD_002119,LIQ_000673,CARGAS_SOCIALES,1,333.31,False,True
LIQD_002120,LIQ_000673,HORAS_EXTRA,1,159.89,True,False
LIQD_002121,LIQ_000674,BASICO,1,1503.84,True,False
LIQD_002122,LIQ_000674,DESCUENTOS,1,-255.65,False,False
LIQD_002123,LIQ_000674,CARGAS_SOCIALES,1,360.92,False,True
LIQD_002124,LIQ_000675,BASICO,1,1448.31,True,False
LIQD_002125,LIQ_000675,DESCUENTOS,1,-246.21,False,False
LIQD_002126,LIQ_000675,CARGAS_SOCIALES,1,347.59,False,True
LIQD_002127,LIQ_000676,BASICO,1,1190.82,True,False
LIQD_002128,LIQ_000676,DESCUENTOS,1,-202.44,False,False
LIQD_002129,LIQ_000676,CARGAS_SOCIALES,1,285.8,False,True
LIQD_002130,LIQ_000677,BASICO,1,1485.53,True,False
LIQD_002131,LIQ_000677,DESCUENTOS,1,-252.54,False,False
LIQD_002132,LIQ_000677,CARGAS_SOCIALES,1,356.53,False,True
LIQD_002133,LIQ_000678,BASICO,1,1243.21,True,False
LIQD_002134,LIQ_000678,DESCUENTOS,1,-252.1,False,False
LIQD_002135,LIQ_000678,CARGAS_SOCIALES,1,355.9,False,True
LIQD_002136,LIQ_000678,HORAS_EXTRA,1,239.72,True,False
LIQD_002137,LIQ_000679,BASICO,1,1855.61,True,False
LIQD_002138,LIQ_000679,DESCUENTOS,1,-358.86,False,False
LIQD_002139,LIQ_000679,CARGAS_SOCIALES,1,506.63,False,True
LIQD_002140,LIQ_000679,HORAS_EXTRA,1,255.34,True,False
LIQD_002141,LIQ_000680,BASICO,1,1164.76,True,False
LIQD_002142,LIQ_000680,DESCUENTOS,1,-198.01,False,False
LIQD_002143,LIQ_000680,CARGAS_SOCIALES,1,279.54,False,True
LIQD_002144,LIQ_000681,BASICO,1,1260.65,True,False
LIQD_002145,LIQ_000681,DESCUENTOS,1,-257.56,False,False
LIQD_002146,LIQ_000681,CARGAS_SOCIALES,1,363.61,False,True
LIQD_002147,LIQ_000681,HORAS_EXTRA,1,254.4,True,False
LIQD_002148,LIQ_000682,BASICO,1,1166.78,True,False
LIQD_002149,LIQ_000682,DESCUENTOS,1,-198.35,False,False
LIQD_002150,LIQ_000682,CARGAS_SOCIALES,1,280.03,False,True
LIQD_002151,LIQ_000683,BASICO,1,1186.98,True,False
LIQD_002152,LIQ_000683,DESCUENTOS,1,-201.79,False,False
LIQD_002153,LIQ_000683,CARGAS_SOCIALES,1,284.88,False,True
LIQD_002154,LIQ_000684,BASICO,1,1246.3,True,False
LIQD_002155,LIQ_000684,DESCUENTOS,1,-250.4,False,False
LIQD_002156,LIQ_000684,CARGAS_SOCIALES,1,353.51,False,True
LIQD_002157,LIQ_000684,HORAS_EXTRA,1,226.64,True,False
LIQD_002158,LIQ_000685,BASICO,1,1237.42,True,False
LIQD_002159,LIQ_000685,DESCUENTOS,1,-225.41,False,False
LIQD_002160,LIQ_000685,CARGAS_SOCIALES,1,318.23,False,True
LIQD_002161,LIQ_000685,HORAS_EXTRA,1,88.54,True,False
LIQD_002162,LIQ_000686,BASICO,1,1435.76,True,False
LIQD_002163,LIQ_000686,DESCUENTOS,1,-244.08,False,False
LIQD_002164,LIQ_000686,CARGAS_SOCIALES,1,344.58,False,True
LIQD_002165,LIQ_000687,BASICO,1,1279.27,True,False
LIQD_002166,LIQ_000687,DESCUENTOS,1,-256.68,False,False
LIQD_002167,LIQ_000687,CARGAS_SOCIALES,1,362.37,False,True
LIQD_002168,LIQ_000687,HORAS_EXTRA,1,230.6,True,False
LIQD_002169,LIQ_000688,BASICO,1,1354.57,True,False
LIQD_002170,LIQ_000688,DESCUENTOS,1,-246.84,False,False
LIQD_002171,LIQ_000688,CARGAS_SOCIALES,1,348.48,False,True
LIQD_002172,LIQ_000688,HORAS_EXTRA,1,97.44,True,False
LIQD_002173,LIQ_000689,BASICO,1,1249.01,True,False
LIQD_002174,LIQ_000689,DESCUENTOS,1,-232.25,False,False
LIQD_002175,LIQ_000689,CARGAS_SOCIALES,1,327.88,False,True
LIQD_002176,LIQ_000689,HORAS_EXTRA,1,117.16,True,False
LIQD_002177,LIQ_000690,BASICO,1,1216.01,True,False
LIQD_002178,LIQ_000690,DESCUENTOS,1,-206.72,False,False
LIQD_002179,LIQ_000690,CARGAS_SOCIALES,1,291.84,False,True
LIQD_002180,LIQ_000691,BASICO,1,1221.2,True,False
LIQD_002181,LIQ_000691,DESCUENTOS,1,-207.6,False,False
LIQD_002182,LIQ_000691,CARGAS_SOCIALES,1,293.09,False,True
LIQD_002183,LIQ_000692,BASICO,1,1177.87,True,False
LIQD_002184,LIQ_000692,DESCUENTOS,1,-200.24,False,False
LIQD_002185,LIQ_000692,CARGAS_SOCIALES,1,282.69,False,True
LIQD_002186,LIQ_000693,BASICO,1,1365.17,True,False
LIQD_002187,LIQ_000693,DESCUENTOS,1,-251.66,False,False
LIQD_002188,LIQ_000693,CARGAS_SOCIALES,1,355.29,False,True
LIQD_002189,LIQ_000693,HORAS_EXTRA,1,115.2,True,False
LIQD_002190,LIQ_000694,BASICO,1,1268.65,True,False
LIQD_002191,LIQ_000694,DESCUENTOS,1,-245.41,False,False
LIQD_002192,LIQ_000694,CARGAS_SOCIALES,1,346.46,False,True
LIQD_002193,LIQ_000694,HORAS_EXTRA,1,174.92,True,False
LIQD_002194,LIQ_000695,BASICO,1,1466.15,True,False
LIQD_002195,LIQ_000695,DESCUENTOS,1,-249.25,False,False
LIQD_002196,LIQ_000695,CARGAS_SOCIALES,1,351.88,False,True
LIQD_002197,LIQ_000696,BASICO,1,1406.5,True,False
LIQD_002198,LIQ_000696,DESCUENTOS,1,-254.8,False,False
LIQD_002199,LIQ_000696,CARGAS_SOCIALES,1,359.72,False,True
LIQD_002200,LIQ_000696,HORAS_EXTRA,1,92.32,True,False
LIQD_002201,LIQ_000697,BASICO,1,1257.93,True,False
LIQD_002202,LIQ_000697,DESCUENTOS,1,-247.51,False,False
LIQD_002203,LIQ_000697,CARGAS_SOCIALES,1,349.43,False,True
LIQD_002204,LIQ_000697,HORAS_EXTRA,1,198.01,True,False
LIQD_002205,LIQ_000698,BASICO,1,1434.66,True,False
LIQD_002206,LIQ_000698,DESCUENTOS,1,-243.89,False,False
LIQD_002207,LIQ_000698,CARGAS_SOCIALES,1,344.32,False,True
LIQD_002208,LIQ_000699,BASICO,1,1488.71,True,False
LIQD_002209,LIQ_000699,DESCUENTOS,1,-253.08,False,False
LIQD_002210,LIQ_000699,CARGAS_SOCIALES,1,357.29,False,True
LIQD_002211,LIQ_000700,BASICO,1,1212.9,True,False
LIQD_002212,LIQ_000700,DESCUENTOS,1,-206.19,False,False
LIQD_002213,LIQ_000700,CARGAS_SOCIALES,1,291.1,False,True
LIQD_002214,LIQ_000701,BASICO,1,1485.95,True,False
LIQD_002215,LIQ_000701,DESCUENTOS,1,-252.61,False,False
LIQD_002216,LIQ_000701,CARGAS_SOCIALES,1,356.63,False,True
LIQD_002217,LIQ_000702,BASICO,1,1226.46,True,False
LIQD_002218,LIQ_000702,DESCUENTOS,1,-223.73,False,False
LIQD_002219,LIQ_000702,CARGAS_SOCIALES,1,315.85,False,True
LIQD_002220,LIQ_000702,HORAS_EXTRA,1,89.6,True,False
LIQD_002221,LIQ_000703,BASICO,1,1834.74,True,False
LIQD_002222,LIQ_000703,DESCUENTOS,1,-380.14,False,False
LIQD_002223,LIQ_000703,CARGAS_SOCIALES,1,536.66,False,True
LIQD_002224,LIQ_000703,HORAS_EXTRA,1,268.78,True,False
LIQD_002225,LIQ_000703,BONO,1,132.58,True,False
LIQD_002226,LIQ_000704,BASICO,1,1218.35,True,False
LIQD_002227,LIQ_000704,DESCUENTOS,1,-207.12,False,False
LIQD_002228,LIQ_000704,CARGAS_SOCIALES,1,292.4,False,True
LIQD_002229,LIQ_000705,BASICO,1,1237.26,True,False
LIQD_002230,LIQ_000705,DESCUENTOS,1,-238.35,False,False
LIQD_002231,LIQ_000705,CARGAS_SOCIALES,1,336.49,False,True
LIQD_002232,LIQ_000705,HORAS_EXTRA,1,164.79,True,False
LIQD_002233,LIQ_000706,BASICO,1,1160.1,True,False
LIQD_002234,LIQ_000706,DESCUENTOS,1,-197.22,False,False
LIQD_002235,LIQ_000706,CARGAS_SOCIALES,1,278.42,False,True
LIQD_002236,LIQ_000707,BASICO,1,1208.97,True,False
LIQD_002237,LIQ_000707,DESCUENTOS,1,-205.52,False,False
LIQD_002238,LIQ_000707,CARGAS_SOCIALES,1,290.15,False,True
LIQD_002239,LIQ_000708,BASICO,1,1236.3,True,False
LIQD_002240,LIQ_000708,DESCUENTOS,1,-244.02,False,False
LIQD_002241,LIQ_000708,CARGAS_SOCIALES,1,344.5,False,True
LIQD_002242,LIQ_000708,HORAS_EXTRA,1,199.13,True,False
LIQD_002243,LIQ_000709,BASICO,1,1265.1,True,False
LIQD_002244,LIQ_000709,DESCUENTOS,1,-230.45,False,False
LIQD_002245,LIQ_000709,CARGAS_SOCIALES,1,325.34,False,True
LIQD_002246,LIQ_000709,HORAS_EXTRA,1,90.49,True,False
LIQD_002247,LIQ_000710,BASICO,1,1421.19,True,False
LIQD_002248,LIQ_000710,DESCUENTOS,1,-241.6,False,False
LIQD_002249,LIQ_000710,CARGAS_SOCIALES,1,341.09,False,True
LIQD_002250,LIQ_000711,BASICO,1,1263.3,True,False
LIQD_002251,LIQ_000711,DESCUENTOS,1,-232.77,False,False
LIQD_002252,LIQ_000711,CARGAS_SOCIALES,1,328.62,False,True
LIQD_002253,LIQ_000711,HORAS_EXTRA,1,105.94,True,False
LIQD_002254,LIQ_000712,BASICO,1,1403.21,True,False
LIQD_002255,LIQ_000712,DESCUENTOS,1,-256.87,False,False
LIQD_002256,LIQ_000712,CARGAS_SOCIALES,1,362.64,False,True
LIQD_002257,LIQ_000712,HORAS_EXTRA,1,107.79,True,False
LIQD_002258,LIQ_000713,BASICO,1,1269.42,True,False
LIQD_002259,LIQ_000713,DESCUENTOS,1,-232.21,False,False
LIQD_002260,LIQ_000713,CARGAS_SOCIALES,1,327.83,False,True
LIQD_002261,LIQ_000713,HORAS_EXTRA,1,96.54,True,False
LIQD_002262,LIQ_000714,BASICO,1,1166.18,True,False
LIQD_002263,LIQ_000714,DESCUENTOS,1,-198.25,False,False
LIQD_002264,LIQ_000714,CARGAS_SOCIALES,1,279.88,False,True
LIQD_002265,LIQ_000715,BASICO,1,1173.17,True,False
LIQD_002266,LIQ_000715,DESCUENTOS,1,-199.44,False,False
LIQD_002267,LIQ_000715,CARGAS_SOCIALES,1,281.56,False,True
LIQD_002268,LIQ_000716,BASICO,1,1158.51,True,False
LIQD_002269,LIQ_000716,DESCUENTOS,1,-196.95,False,False
LIQD_002270,LIQ_000716,CARGAS_SOCIALES,1,278.04,False,True
LIQD_002271,LIQ_000717,BASICO,1,1377.91,True,False
LIQD_002272,LIQ_000717,DESCUENTOS,1,-259.04,False,False
LIQD_002273,LIQ_000717,CARGAS_SOCIALES,1,365.71,False,True
LIQD_002274,LIQ_000717,HORAS_EXTRA,1,145.88,True,False
LIQD_002275,LIQ_000718,BASICO,1,1287.35,True,False
LIQD_002276,LIQ_000718,DESCUENTOS,1,-231.96,False,False
LIQD_002277,LIQ_000718,CARGAS_SOCIALES,1,327.47,False,True
LIQD_002278,LIQ_000718,HORAS_EXTRA,1,77.11,True,False
LIQD_002279,LIQ_000719,BASICO,1,1470.36,True,False
LIQD_002280,LIQ_000719,DESCUENTOS,1,-249.96,False,False
LIQD_002281,LIQ_000719,CARGAS_SOCIALES,1,352.89,False,True
LIQD_002282,LIQ_000720,BASICO,1,1421.02,True,False
LIQD_002283,LIQ_000720,DESCUENTOS,1,-261.62,False,False
LIQD_002284,LIQ_000720,CARGAS_SOCIALES,1,369.35,False,True
LIQD_002285,LIQ_000720,HORAS_EXTRA,1,117.92,True,False
