movimiento_stock_id,movement_type,movement_date,product_id,deposit_id,lot_quality_id,quantity_in,quantity_out,unit_cost,movement_value_in,movement_value_out,source_table,source_id,net_quantity,net_value
MST_000666,MANTENIMIENTO_SALIDA,2023-07-04,PROD_0013,DEP_0004,,0.0,1.0,15.0,0.0,15.0,mnt_ordenes_trabajo_det,MOTD_00349,-1.0,-15.0
MST_000667,MANTENIMIENTO_SALIDA,2023-07-04,PROD_0015,DEP_0004,,0.0,1.0,26.0,0.0,26.0,mnt_ordenes_trabajo_det,MOTD_00350,-1.0,-26.0
MST_000444,MANTENIMIENTO_SALIDA,2023-07-05,PROD_0013,DEP_0004,,0.0,1.0,15.0,0.0,15.0,mnt_ordenes_trabajo_det,MOTD_00127,-1.0,-15.0
MST_000445,MANTENIMIENTO_SALIDA,2023-07-05,PROD_0015,DEP_0004,,0.0,1.0,26.0,0.0,26.0,mnt_ordenes_trabajo_det,MOTD_00128,-1.0,-26.0
MST_000380,MANTENIMIENTO_SALIDA,2023-07-06,PROD_0013,DEP_0004,,0.0,1.0,15.0,0.0,15.0,mnt_ordenes_trabajo_det,MOTD_00063,-1.0,-15.0
MST_000381,MANTENIMIENTO_SALIDA,2023-07-06,PROD_0015,DEP_0004,,0.0,1.0,26.0,0.0,26.0,mnt_ordenes_trabajo_det,MOTD_00064,-1.0,-26.0
MST_000568,MANTENIMIENTO_SALIDA,2023-07-06,PROD_0013,DEP_0004,,0.0,1.0,15.0,0.0,15.0,mnt_ordenes_trabajo_det,MOTD_00251,-1.0,-15.0
MST_000569,MANTENIMIENTO_SALIDA,2023-07-06,PROD_0015,DEP_0004,,0.0,1.0,26.0,0.0,26.0,mnt_ordenes_trabajo_det,MOTD_00252,-1.0,-26.0
MST_000630,MANTENIMIENTO_SALIDA,2023-07-08,PROD_0013,DEP_0004,,0.0,1.0,15.0,0.0,15.0,mnt_ordenes_trabajo_det,MOTD_00313,-1.0,-15.0
MST_000631,MANTENIMIENTO_SALIDA,2023-07-08,PROD_0015,DEP_0004,,0.0,1.0,26.0,0.0,26.0,mnt_ordenes_trabajo_det,MOTD_00314,-1.0,-26.0
MST_000506,MANTENIMIENTO_SALIDA,2023-07-10,PROD_0013,DEP_0004,,0.0,1.0,15.0,0.0,15.0,mnt_ordenes_trabajo_det,MOTD_00189,-1.0,-15.0
MST_000507,MANTENIMIENTO_SALIDA,2023-07-10,PROD_0015,DEP_0004,,0.0,1.0,26.0,0.0,26.0,mnt_ordenes_trabajo_det,MOTD_00190,-1.0,-26.0
MST_000728,MANTENIMIENTO_SALIDA,2023-07-10,PROD_0013,DEP_0004,,0.0,1.0,15.0,0.0,15.0,mnt_ordenes_trabajo_det,MOTD_00411,-1.0,-15.0
MST_000729,MANTENIMIENTO_SALIDA,2023-07-10,PROD_0015,DEP_0004,,0.0,1.0,26.0,0.0,26.0,mnt_ordenes_trabajo_det,MOTD_00412,-1.0,-26.0
MST_000318,MANTENIMIENTO_SALIDA,2023-07-11,PROD_0013,DEP_0004,,0.0,1.0,15.0,0.0,15.0,mnt_ordenes_trabajo_det,MOTD_00001,-1.0,-15.0
MST_000319,MANTENIMIENTO_SALIDA,2023-07-11,PROD_0015,DEP_0004,,0.0,1.0,26.0,0.0,26.0,mnt_ordenes_trabajo_det,MOTD_00002,-1.0,-26.0
MST_000007,COMPRA_INGRESO,2023-07-17,PROD_0007,DEP_0001,,28892.81,0.0,0.5929,17130.55,0.0,erp_recepciones_compra_det,RCD_00007,28892.81,17130.55
MST_000029,COMPRA_INGRESO,2023-07-17,PROD_0008,DEP_0001,,12175.95,0.0,0.7388,8995.59,0.0,erp_recepciones_compra_det,RCD_00029,12175.95,8995.59
MST_000008,COMPRA_INGRESO,2023-07-20,PROD_0008,DEP_0001,,15182.59,0.0,0.8074,12258.42,0.0,erp_recepciones_compra_det,RCD_00008,15182.59,12258.42
MST_000028,COMPRA_INGRESO,2023-07-25,PROD_0007,DEP_0001,,22504.01,0.0,0.6042,13596.92,0.0,erp_recepciones_compra_det,RCD_00028,22504.01,13596.92
MST_000668,MANTENIMIENTO_SALIDA,2023-08-02,PROD_0013,DEP_0004,,0.0,1.0,15.0,0.0,15.0,mnt_ordenes_trabajo_det,MOTD_00351,-1.0,-15.0
MST_000669,MANTENIMIENTO_SALIDA,2023-08-02,PROD_0015,DEP_0004,,0.0,1.0,26.0,0.0,26.0,mnt_ordenes_trabajo_det,MOTD_00352,-1.0,-26.0
MST_000382,MANTENIMIENTO_SALIDA,2023-08-04,PROD_0013,DEP_0004,,0.0,1.0,15.0,0.0,15.0,mnt_ordenes_trabajo_det,MOTD_00065,-1.0,-15.0
MST_000383,MANTENIMIENTO_SALIDA,2023-08-04,PROD_0015,DEP_0004,,0.0,1.0,26.0,0.0,26.0,mnt_ordenes_trabajo_det,MOTD_00066,-1.0,-26.0
MST_000149,CONSUMO_INSUMO,2023-08-05,PROD_0007,DEP_0001,,0.0,26494.0,0.6409,0.0,16980.0,erp_consumo_insumos,CONS_00006,-26494.0,-16980.0
MST_000150,CONSUMO_INSUMO,2023-08-05,PROD_0008,DEP_0001,,0.0,14266.0,0.7695,0.0,10977.69,erp_consumo_insumos,CONS_00007,-14266.0,-10977.69
MST_000570,MANTENIMIENTO_SALIDA,2023-08-06,PROD_0013,DEP_0004,,0.0,1.0,15.0,0.0,15.0,mnt_ordenes_trabajo_det,MOTD_00253,-1.0,-15.0
MST_000571,MANTENIMIENTO_SALIDA,2023-08-06,PROD_0015,DEP_0004,,0.0,1.0,26.0,0.0,26.0,mnt_ordenes_trabajo_det,MOTD_00254,-1.0,-26.0
MST_000730,MANTENIMIENTO_SALIDA,2023-08-09,PROD_0013,DEP_0004,,0.0,1.0,15.0,0.0,15.0,mnt_ordenes_trabajo_det,MOTD_00413,-1.0,-15.0
MST_000731,MANTENIMIENTO_SALIDA,2023-08-09,PROD_0015,DEP_0004,,0.0,1.0,26.0,0.0,26.0,mnt_ordenes_trabajo_det,MOTD_00414,-1.0,-26.0
MST_000021,COMPRA_INGRESO,2023-08-10,PROD_0004,DEP_0001,,2370.65,0.0,5.3484,12679.18,0.0,erp_recepciones_compra_det,RCD_00021,2370.65,12679.18
MST_000320,MANTENIMIENTO_SALIDA,2023-08-11,PROD_0013,DEP_0004,,0.0,1.0,15.0,0.0,15.0,mnt_ordenes_trabajo_det,MOTD_00003,-1.0,-15.0
MST_000321,MANTENIMIENTO_SALIDA,2023-08-11,PROD_0015,DEP_0004,,0.0,1.0,26.0,0.0,26.0,mnt_ordenes_trabajo_det,MOTD_00004,-1.0,-26.0
MST_000446,MANTENIMIENTO_SALIDA,2023-08-11,PROD_0013,DEP_0004,,0.0,1.0,15.0,0.0,15.0,mnt_ordenes_trabajo_det,MOTD_00129,-1.0,-15.0
MST_000447,MANTENIMIENTO_SALIDA,2023-08-11,PROD_0015,DEP_0004,,0.0,1.0,26.0,0.0,26.0,mnt_ordenes_trabajo_det,MOTD_00130,-1.0,-26.0
MST_000508,MANTENIMIENTO_SALIDA,2023-08-11,PROD_0013,DEP_0004,,0.0,1.0,15.0,0.0,15.0,mnt_ordenes_trabajo_det,MOTD_00191,-1.0,-15.0
MST_000509,MANTENIMIENTO_SALIDA,2023-08-11,PROD_0015,DEP_0004,,0.0,1.0,26.0,0.0,26.0,mnt_ordenes_trabajo_det,MOTD_00192,-1.0,-26.0
MST_000129,COMPRA_INGRESO,2023-08-17,PROD_0013,DEP_0004,,99.98,0.0,15.1352,1513.22,0.0,erp_recepciones_compra_det,RCD_00129,99.98,1513.22
MST_000166,CONSUMO_INSUMO,2023-08-19,PROD_0007,DEP_0001,,0.0,20748.0,0.6409,0.0,13297.39,erp_consumo_insumos,CONS_00023,-20748.0,-13297.39
MST_000167,CONSUMO_INSUMO,2023-08-19,PROD_0008,DEP_0001,,0.0,11172.0,0.7695,0.0,8596.85,erp_consumo_insumos,CONS_00024,-11172.0,-8596.85
MST_000131,COMPRA_INGRESO,2023-08-23,PROD_0015,DEP_0004,,102.14,0.0,25.3895,2593.28,0.0,erp_recepciones_compra_det,RCD_00131,102.14,2593.28
MST_000042,COMPRA_INGRESO,2023-08-24,PROD_0004,DEP_0001,,3746.46,0.0,5.127,19208.1,0.0,erp_recepciones_compra_det,RCD_00042,3746.46,19208.1
MST_000009,COMPRA_INGRESO,2023-08-25,PROD_0011,DEP_0001,,99.36,0.0,23.3519,2320.24,0.0,erp_recepciones_compra_det,RCD_00009,99.36,2320.24
MST_000047,COMPRA_INGRESO,2023-08-27,PROD_0012,DEP_0001,,3728.46,0.0,1.162,4332.47,0.0,erp_recepciones_compra_det,RCD_00047,3728.46,4332.47
MST_000026,COMPRA_INGRESO,2023-08-28,PROD_0012,DEP_0001,,2503.36,0.0,1.1839,2963.73,0.0,erp_recepciones_compra_det,RCD_00026,2503.36,2963.73
MST_000130,COMPRA_INGRESO,2023-08-28,PROD_0014,DEP_0004,,45.37,0.0,41.6471,1889.53,0.0,erp_recepciones_compra_det,RCD_00130,45.37,1889.53
MST_000030,COMPRA_INGRESO,2023-08-29,PROD_0011,DEP_0001,,73.87,0.0,20.0255,1479.28,0.0,erp_recepciones_compra_det,RCD_00030,73.87,1479.28
MST_000504,MANTENIMIENTO_SALIDA,2023-08-31,PROD_0014,DEP_0004,,0.0,2.0,42.0,0.0,84.0,mnt_ordenes_trabajo_det,MOTD_00187,-2.0,-84.0
MST_000505,MANTENIMIENTO_SALIDA,2023-08-31,PROD_0015,DEP_0004,,0.0,1.0,26.0,0.0,26.0,mnt_ordenes_trabajo_det,MOTD_00188,-1.0,-26.0
MST_000510,MANTENIMIENTO_SALIDA,2023-09-05,PROD_0013,DEP_0004,,0.0,1.0,15.0,0.0,15.0,mnt_ordenes_trabajo_det,MOTD_00193,-1.0,-15.0
MST_000511,MANTENIMIENTO_SALIDA,2023-09-05,PROD_0015,DEP_0004,,0.0,1.0,26.0,0.0,26.0,mnt_ordenes_trabajo_det,MOTD_00194,-1.0,-26.0
MST_000168,CONSUMO_INSUMO,2023-09-06,PROD_0011,DEP_0001,,0.0,71.82,21.8704,0.0,1570.73,erp_consumo_insumos,CONS_00025,-71.82,-1570.73
MST_000632,MANTENIMIENTO_SALIDA,2023-09-06,PROD_0013,DEP_0004,,0.0,1.0,15.0,0.0,15.0,mnt_ordenes_trabajo_det,MOTD_00315,-1.0,-15.0
MST_000633,MANTENIMIENTO_SALIDA,2023-09-06,PROD_0015,DEP_0004,,0.0,1.0,26.0,0.0,26.0,mnt_ordenes_trabajo_det,MOTD_00316,-1.0,-26.0
MST_000177,CONSUMO_INSUMO,2023-09-07,PROD_0004,DEP_0001,,0.0,3482.6,5.1219,0.0,17837.53,erp_consumo_insumos,CONS_00034,-3482.6,-17837.53
MST_000448,MANTENIMIENTO_SALIDA,2023-09-07,PROD_0013,DEP_0004,,0.0,1.0,15.0,0.0,15.0,mnt_ordenes_trabajo_det,MOTD_00131,-1.0,-15.0
MST_000449,MANTENIMIENTO_SALIDA,2023-09-07,PROD_0015,DEP_0004,,0.0,1.0,26.0,0.0,26.0,mnt_ordenes_trabajo_det,MOTD_00132,-1.0,-26.0
MST_000670,MANTENIMIENTO_SALIDA,2023-09-07,PROD_0013,DEP_0004,,0.0,1.0,15.0,0.0,15.0,mnt_ordenes_trabajo_det,MOTD_00353,-1.0,-15.0
MST_000671,MANTENIMIENTO_SALIDA,2023-09-07,PROD_0015,DEP_0004,,0.0,1.0,26.0,0.0,26.0,mnt_ordenes_trabajo_det,MOTD_00354,-1.0,-26.0
MST_000384,MANTENIMIENTO_SALIDA,2023-09-09,PROD_0013,DEP_0004,,0.0,1.0,15.0,0.0,15.0,mnt_ordenes_trabajo_det,MOTD_00067,-1.0,-15.0
MST_000385,MANTENIMIENTO_SALIDA,2023-09-09,PROD_0015,DEP_0004,,0.0,1.0,26.0,0.0,26.0,mnt_ordenes_trabajo_det,MOTD_00068,-1.0,-26.0
MST_000572,MANTENIMIENTO_SALIDA,2023-09-10,PROD_0013,DEP_0004,,0.0,1.0,15.0,0.0,15.0,mnt_ordenes_trabajo_det,MOTD_00255,-1.0,-15.0
MST_000573,MANTENIMIENTO_SALIDA,2023-09-10,PROD_0015,DEP_0004,,0.0,1.0,26.0,0.0,26.0,mnt_ordenes_trabajo_det,MOTD_00256,-1.0,-26.0
MST_000160,CONSUMO_INSUMO,2023-09-13,PROD_0004,DEP_0001,,0.0,2296.8,5.1219,0.0,11763.98,erp_consumo_insumos,CONS_00017,-2296.8,-11763.98
MST_000732,MANTENIMIENTO_SALIDA,2023-09-14,PROD_0013,DEP_0004,,0.0,1.0,15.0,0.0,15.0,mnt_ordenes_trabajo_det,MOTD_00415,-1.0,-15.0
MST_000733,MANTENIMIENTO_SALIDA,2023-09-14,PROD_0015,DEP_0004,,0.0,1.0,26.0,0.0,26.0,mnt_ordenes_trabajo_det,MOTD_00416,-1.0,-26.0
MST_000322,MANTENIMIENTO_SALIDA,2023-09-15,PROD_0013,DEP_0004,,0.0,1.0,15.0,0.0,15.0,mnt_ordenes_trabajo_det,MOTD_00005,-1.0,-15.0
MST_000323,MANTENIMIENTO_SALIDA,2023-09-15,PROD_0015,DEP_0004,,0.0,1.0,26.0,0.0,26.0,mnt_ordenes_trabajo_det,MOTD_00006,-1.0,-26.0
MST_000151,CONSUMO_INSUMO,2023-09-18,PROD_0011,DEP_0001,,0.0,91.71,21.8704,0.0,2005.73,erp_consumo_insumos,CONS_00008,-91.71,-2005.73
MST_000324,MANTENIMIENTO_SALIDA,2023-10-04,PROD_0013,DEP_0004,,0.0,1.0,15.0,0.0,15.0,mnt_ordenes_trabajo_det,MOTD_00007,-1.0,-15.0
MST_000325,MANTENIMIENTO_SALIDA,2023-10-04,PROD_0015,DEP_0004,,0.0,1.0,26.0,0.0,26.0,mnt_ordenes_trabajo_det,MOTD_00008,-1.0,-26.0
MST_000734,MANTENIMIENTO_SALIDA,2023-10-04,PROD_0013,DEP_0004,,0.0,1.0,15.0,0.0,15.0,mnt_ordenes_trabajo_det,MOTD_00417,-1.0,-15.0
MST_000735,MANTENIMIENTO_SALIDA,2023-10-04,PROD_0015,DEP_0004,,0.0,1.0,26.0,0.0,26.0,mnt_ordenes_trabajo_det,MOTD_00418,-1.0,-26.0
MST_000450,MANTENIMIENTO_SALIDA,2023-10-05,PROD_0013,DEP_0004,,0.0,1.0,15.0,0.0,15.0,mnt_ordenes_trabajo_det,MOTD_00133,-1.0,-15.0
MST_000451,MANTENIMIENTO_SALIDA,2023-10-05,PROD_0015,DEP_0004,,0.0,1.0,26.0,0.0,26.0,mnt_ordenes_trabajo_det,MOTD_00134,-1.0,-26.0
MST_000058,COMPRA_INGRESO,2023-10-06,PROD_0005,DEP_0001,,9894.39,0.0,1.2101,11973.2,0.0,erp_recepciones_compra_det,RCD_00058,9894.39,11973.2
MST_000001,COMPRA_INGRESO,2023-10-08,PROD_0005,DEP_0001,,9822.96,0.0,1.3912,13665.7,0.0,erp_recepciones_compra_det,RCD_00001,9822.96,13665.7
MST_000512,MANTENIMIENTO_SALIDA,2023-10-08,PROD_0013,DEP_0004,,0.0,1.0,15.0,0.0,15.0,mnt_ordenes_trabajo_det,MOTD_00195,-1.0,-15.0
MST_000513,MANTENIMIENTO_SALIDA,2023-10-08,PROD_0015,DEP_0004,,0.0,1.0,26.0,0.0,26.0,mnt_ordenes_trabajo_det,MOTD_00196,-1.0,-26.0
MST_000016,COMPRA_INGRESO,2023-10-10,PROD_0005,DEP_0001,,11170.1,0.0,1.2134,13553.8,0.0,erp_recepciones_compra_det,RCD_00016,11170.1,13553.8
MST_000044,COMPRA_INGRESO,2023-10-10,PROD_0008,DEP_0001,,14721.98,0.0,0.7136,10505.6,0.0,erp_recepciones_compra_det,RCD_00044,14721.98,10505.6
MST_000043,COMPRA_INGRESO,2023-10-11,PROD_0007,DEP_0001,,30903.23,0.0,0.6538,20204.53,0.0,erp_recepciones_compra_det,RCD_00043,30903.23,20204.53
MST_000062,COMPRA_INGRESO,2023-10-11,PROD_0012,DEP_0001,,2607.22,0.0,1.2176,3174.55,0.0,erp_recepciones_compra_det,RCD_00062,2607.22,3174.55
MST_000574,MANTENIMIENTO_SALIDA,2023-10-11,PROD_0013,DEP_0004,,0.0,1.0,15.0,0.0,15.0,mnt_ordenes_trabajo_det,MOTD_00257,-1.0,-15.0
MST_000575,MANTENIMIENTO_SALIDA,2023-10-11,PROD_0015,DEP_0004,,0.0,1.0,26.0,0.0,26.0,mnt_ordenes_trabajo_det,MOTD_00258,-1.0,-26.0
MST_000020,COMPRA_INGRESO,2023-10-12,PROD_0012,DEP_0001,,3751.62,0.0,1.1685,4383.77,0.0,erp_recepciones_compra_det,RCD_00020,3751.62,4383.77
MST_000005,COMPRA_INGRESO,2023-10-13,PROD_0012,DEP_0001,,2673.55,0.0,1.1876,3175.11,0.0,erp_recepciones_compra_det,RCD_00005,2673.55,3175.11
MST_000048,COMPRA_INGRESO,2023-10-13,PROD_0005,DEP_0001,,9352.9,0.0,1.3854,12957.51,0.0,erp_recepciones_compra_det,RCD_00048,9352.9,12957.51
MST_000386,MANTENIMIENTO_SALIDA,2023-10-13,PROD_0013,DEP_0004,,0.0,1.0,15.0,0.0,15.0,mnt_ordenes_trabajo_det,MOTD_00069,-1.0,-15.0
MST_000387,MANTENIMIENTO_SALIDA,2023-10-13,PROD_0015,DEP_0004,,0.0,1.0,26.0,0.0,26.0,mnt_ordenes_trabajo_det,MOTD_00070,-1.0,-26.0
MST_000672,MANTENIMIENTO_SALIDA,2023-10-13,PROD_0013,DEP_0004,,0.0,1.0,15.0,0.0,15.0,mnt_ordenes_trabajo_det,MOTD_00355,-1.0,-15.0
MST_000673,MANTENIMIENTO_SALIDA,2023-10-13,PROD_0015,DEP_0004,,0.0,1.0,26.0,0.0,26.0,mnt_ordenes_trabajo_det,MOTD_00356,-1.0,-26.0
MST_000022,COMPRA_INGRESO,2023-10-15,PROD_0007,DEP_0001,,20231.48,0.0,0.6738,13631.97,0.0,erp_recepciones_compra_det,RCD_00022,20231.48,13631.97
MST_000032,COMPRA_INGRESO,2023-10-17,PROD_0005,DEP_0001,,14715.83,0.0,1.3089,19261.55,0.0,erp_recepciones_compra_det,RCD_00032,14715.83,19261.55
MST_000053,COMPRA_INGRESO,2023-10-17,PROD_0005,DEP_0001,,7534.14,0.0,1.2675,9549.52,0.0,erp_recepciones_compra_det,RCD_00053,7534.14,9549.52
MST_000628,MANTENIMIENTO_SALIDA,2023-10-17,PROD_0014,DEP_0004,,0.0,1.0,42.0,0.0,42.0,mnt_ordenes_trabajo_det,MOTD_00311,-1.0,-42.0
MST_000629,MANTENIMIENTO_SALIDA,2023-10-17,PROD_0015,DEP_0004,,0.0,1.0,26.0,0.0,26.0,mnt_ordenes_trabajo_det,MOTD_00312,-1.0,-26.0
MST_000052,COMPRA_INGRESO,2023-10-23,PROD_0012,DEP_0001,,2912.15,0.0,1.1773,3428.47,0.0,erp_recepciones_compra_det,RCD_00052,2912.15,3428.47
MST_000041,COMPRA_INGRESO,2023-10-25,PROD_0012,DEP_0001,,2777.39,0.0,1.2535,3481.46,0.0,erp_recepciones_compra_det,RCD_00041,2777.39,3481.46
MST_000011,COMPRA_INGRESO,2023-10-26,PROD_0005,DEP_0001,,7067.26,0.0,1.3516,9552.11,0.0,erp_recepciones_compra_det,RCD_00011,7067.26,9552.11
MST_000015,COMPRA_INGRESO,2023-10-26,PROD_0012,DEP_0001,,1800.85,0.0,1.2097,2178.49,0.0,erp_recepciones_compra_det,RCD_00015,1800.85,2178.49
MST_000037,COMPRA_INGRESO,2023-10-26,PROD_0005,DEP_0001,,10221.54,0.0,1.2441,12716.62,0.0,erp_recepciones_compra_det,RCD_00037,10221.54,12716.62
MST_000057,COMPRA_INGRESO,2023-10-27,PROD_0012,DEP_0001,,1786.15,0.0,1.2409,2216.43,0.0,erp_recepciones_compra_det,RCD_00057,1786.15,2216.43
MST_000023,COMPRA_INGRESO,2023-11-01,PROD_0008,DEP_0001,,9996.82,0.0,0.7052,7049.76,0.0,erp_recepciones_compra_det,RCD_00023,9996.82,7049.76
MST_000036,COMPRA_INGRESO,2023-11-01,PROD_0012,DEP_0001,,4840.83,0.0,1.2622,6110.1,0.0,erp_recepciones_compra_det,RCD_00036,4840.83,6110.1
MST_000576,MANTENIMIENTO_SALIDA,2023-11-02,PROD_0013,DEP_0004,,0.0,1.0,15.0,0.0,15.0,mnt_ordenes_trabajo_det,MOTD_00259,-1.0,-15.0
MST_000577,MANTENIMIENTO_SALIDA,2023-11-02,PROD_0015,DEP_0004,,0.0,1.0,26.0,0.0,26.0,mnt_ordenes_trabajo_det,MOTD_00260,-1.0,-26.0
MST_000452,MANTENIMIENTO_SALIDA,2023-11-03,PROD_0013,DEP_0004,,0.0,1.0,15.0,0.0,15.0,mnt_ordenes_trabajo_det,MOTD_00135,-1.0,-15.0
MST_000453,MANTENIMIENTO_SALIDA,2023-11-03,PROD_0015,DEP_0004,,0.0,1.0,26.0,0.0,26.0,mnt_ordenes_trabajo_det,MOTD_00136,-1.0,-26.0
MST_000388,MANTENIMIENTO_SALIDA,2023-11-04,PROD_0013,DEP_0004,,0.0,1.0,15.0,0.0,15.0,mnt_ordenes_trabajo_det,MOTD_00071,-1.0,-15.0
MST_000389,MANTENIMIENTO_SALIDA,2023-11-04,PROD_0015,DEP_0004,,0.0,1.0,26.0,0.0,26.0,mnt_ordenes_trabajo_det,MOTD_00072,-1.0,-26.0
MST_000186,CONSUMO_INSUMO,2023-11-05,PROD_0005,DEP_0001,,0.0,6951.0,1.2829,0.0,8917.44,erp_consumo_insumos,CONS_00043,-6951.0,-8917.44
MST_000674,MANTENIMIENTO_SALIDA,2023-11-06,PROD_0013,DEP_0004,,0.0,1.0,15.0,0.0,15.0,mnt_ordenes_trabajo_det,MOTD_00357,-1.0,-15.0
MST_000675,MANTENIMIENTO_SALIDA,2023-11-06,PROD_0015,DEP_0004,,0.0,1.0,26.0,0.0,26.0,mnt_ordenes_trabajo_det,MOTD_00358,-1.0,-26.0
MST_000736,MANTENIMIENTO_SALIDA,2023-11-07,PROD_0013,DEP_0004,,0.0,1.0,15.0,0.0,15.0,mnt_ordenes_trabajo_det,MOTD_00419,-1.0,-15.0
MST_000737,MANTENIMIENTO_SALIDA,2023-11-07,PROD_0015,DEP_0004,,0.0,1.0,26.0,0.0,26.0,mnt_ordenes_trabajo_det,MOTD_00420,-1.0,-26.0
MST_000045,COMPRA_INGRESO,2023-11-09,PROD_0009,DEP_0001,,362.54,0.0,6.9007,2501.78,0.0,erp_recepciones_compra_det,RCD_00045,362.54,2501.78
MST_000059,COMPRA_INGRESO,2023-11-09,PROD_0008,DEP_0001,,8175.59,0.0,0.7848,6416.2,0.0,erp_recepciones_compra_det,RCD_00059,8175.59,6416.2
MST_000144,CONSUMO_INSUMO,2023-11-09,PROD_0005,DEP_0001,,0.0,9254.0,1.2829,0.0,11871.96,erp_consumo_insumos,CONS_00001,-9254.0,-11871.96
MST_000156,CONSUMO_INSUMO,2023-11-09,PROD_0005,DEP_0001,,0.0,10787.0,1.2829,0.0,13838.64,erp_consumo_insumos,CONS_00013,-10787.0,-13838.64
MST_000566,MANTENIMIENTO_SALIDA,2023-11-09,PROD_0014,DEP_0004,,0.0,2.0,42.0,0.0,84.0,mnt_ordenes_trabajo_det,MOTD_00249,-2.0,-84.0
MST_000567,MANTENIMIENTO_SALIDA,2023-11-09,PROD_0015,DEP_0004,,0.0,1.0,26.0,0.0,26.0,mnt_ordenes_trabajo_det,MOTD_00250,-1.0,-26.0
MST_000161,CONSUMO_INSUMO,2023-11-10,PROD_0007,DEP_0001,,0.0,18792.0,0.6409,0.0,12043.79,erp_consumo_insumos,CONS_00018,-18792.0,-12043.79
MST_000162,CONSUMO_INSUMO,2023-11-10,PROD_0008,DEP_0001,,0.0,9396.0,0.7695,0.0,7230.22,erp_consumo_insumos,CONS_00019,-9396.0,-7230.22
MST_000182,CONSUMO_INSUMO,2023-11-10,PROD_0005,DEP_0001,,0.0,8799.0,1.2829,0.0,11288.24,erp_consumo_insumos,CONS_00039,-8799.0,-11288.24
MST_000634,MANTENIMIENTO_SALIDA,2023-11-10,PROD_0013,DEP_0004,,0.0,1.0,15.0,0.0,15.0,mnt_ordenes_trabajo_det,MOTD_00317,-1.0,-15.0
MST_000635,MANTENIMIENTO_SALIDA,2023-11-10,PROD_0015,DEP_0004,,0.0,1.0,26.0,0.0,26.0,mnt_ordenes_trabajo_det,MOTD_00318,-1.0,-26.0
MST_000002,COMPRA_INGRESO,2023-11-11,PROD_0008,DEP_0001,,7744.36,0.0,0.7134,5524.83,0.0,erp_recepciones_compra_det,RCD_00002,7744.36,5524.83
MST_000012,COMPRA_INGRESO,2023-11-11,PROD_0008,DEP_0001,,5616.97,0.0,0.7149,4015.57,0.0,erp_recepciones_compra_det,RCD_00012,5616.97,4015.57
MST_000152,CONSUMO_INSUMO,2023-11-11,PROD_0005,DEP_0001,,0.0,6664.0,1.2829,0.0,8549.25,erp_consumo_insumos,CONS_00009,-6664.0,-8549.25
MST_000514,MANTENIMIENTO_SALIDA,2023-11-11,PROD_0013,DEP_0004,,0.0,1.0,15.0,0.0,15.0,mnt_ordenes_trabajo_det,MOTD_00197,-1.0,-15.0
MST_000515,MANTENIMIENTO_SALIDA,2023-11-11,PROD_0015,DEP_0004,,0.0,1.0,26.0,0.0,26.0,mnt_ordenes_trabajo_det,MOTD_00198,-1.0,-26.0
MST_000178,CONSUMO_INSUMO,2023-11-13,PROD_0007,DEP_0001,,0.0,28494.0,0.6409,0.0,18261.8,erp_consumo_insumos,CONS_00035,-28494.0,-18261.8
MST_000179,CONSUMO_INSUMO,2023-11-13,PROD_0008,DEP_0001,,0.0,14247.0,0.7695,0.0,10963.07,erp_consumo_insumos,CONS_00036,-14247.0,-10963.07
MST_000054,COMPRA_INGRESO,2023-11-14,PROD_0008,DEP_0001,,6030.78,0.0,0.8227,4961.52,0.0,erp_recepciones_compra_det,RCD_00054,6030.78,4961.52
MST_000326,MANTENIMIENTO_SALIDA,2023-11-14,PROD_0013,DEP_0004,,0.0,1.0,15.0,0.0,15.0,mnt_ordenes_trabajo_det,MOTD_00009,-1.0,-15.0
MST_000327,MANTENIMIENTO_SALIDA,2023-11-14,PROD_0015,DEP_0004,,0.0,1.0,26.0,0.0,26.0,mnt_ordenes_trabajo_det,MOTD_00010,-1.0,-26.0
MST_000038,COMPRA_INGRESO,2023-11-15,PROD_0008,DEP_0001,,7863.4,0.0,0.7554,5940.01,0.0,erp_recepciones_compra_det,RCD_00038,7863.4,5940.01
MST_000173,CONSUMO_INSUMO,2023-11-17,PROD_0005,DEP_0001,,0.0,9688.0,1.2829,0.0,12428.74,erp_consumo_insumos,CONS_00030,-9688.0,-12428.74
MST_000024,COMPRA_INGRESO,2023-11-18,PROD_0009,DEP_0001,,227.15,0.0,6.7298,1528.67,0.0,erp_recepciones_compra_det,RCD_00024,227.15,1528.67
MST_000792,MANTENIMIENTO_SALIDA,2023-11-19,PROD_0014,DEP_0004,,0.0,1.0,42.0,0.0,42.0,mnt_ordenes_trabajo_det,MOTD_00475,-1.0,-42.0
MST_000793,MANTENIMIENTO_SALIDA,2023-11-19,PROD_0015,DEP_0004,,0.0,2.0,26.0,0.0,52.0,mnt_ordenes_trabajo_det,MOTD_00476,-2.0,-52.0
MST_000017,COMPRA_INGRESO,2023-11-21,PROD_0008,DEP_0001,,9031.47,0.0,0.7761,7009.32,0.0,erp_recepciones_compra_det,RCD_00017,9031.47,7009.32
MST_000169,CONSUMO_INSUMO,2023-11-22,PROD_0005,DEP_0001,,0.0,14189.0,1.2829,0.0,18203.07,erp_consumo_insumos,CONS_00026,-14189.0,-18203.07
MST_000046,COMPRA_INGRESO,2023-11-23,PROD_0010,DEP_0001,,60.25,0.0,19.4948,1174.56,0.0,erp_recepciones_compra_det,RCD_00046,60.25,1174.56
MST_000190,CONSUMO_INSUMO,2023-11-24,PROD_0005,DEP_0001,,0.0,9422.0,1.2829,0.0,12087.48,erp_consumo_insumos,CONS_00047,-9422.0,-12087.48
MST_000033,COMPRA_INGRESO,2023-11-26,PROD_0008,DEP_0001,,11685.15,0.0,0.75,8763.86,0.0,erp_recepciones_compra_det,RCD_00033,11685.15,8763.86
MST_000049,COMPRA_INGRESO,2023-11-27,PROD_0008,DEP_0001,,7091.95,0.0,0.714,5063.65,0.0,erp_recepciones_compra_det,RCD_00049,7091.95,5063.65
MST_000025,COMPRA_INGRESO,2023-12-01,PROD_0010,DEP_0001,,38.05,0.0,18.9544,721.21,0.0,erp_recepciones_compra_det,RCD_00025,38.05,721.21
MST_000454,MANTENIMIENTO_SALIDA,2023-12-03,PROD_0013,DEP_0004,,0.0,1.0,15.0,0.0,15.0,mnt_ordenes_trabajo_det,MOTD_00137,-1.0,-15.0
MST_000455,MANTENIMIENTO_SALIDA,2023-12-03,PROD_0015,DEP_0004,,0.0,1.0,26.0,0.0,26.0,mnt_ordenes_trabajo_det,MOTD_00138,-1.0,-26.0
MST_000578,MANTENIMIENTO_SALIDA,2023-12-05,PROD_0013,DEP_0004,,0.0,1.0,15.0,0.0,15.0,mnt_ordenes_trabajo_det,MOTD_00261,-1.0,-15.0
MST_000579,MANTENIMIENTO_SALIDA,2023-12-05,PROD_0015,DEP_0004,,0.0,1.0,26.0,0.0,26.0,mnt_ordenes_trabajo_det,MOTD_00262,-1.0,-26.0
MST_000516,MANTENIMIENTO_SALIDA,2023-12-06,PROD_0013,DEP_0004,,0.0,1.0,15.0,0.0,15.0,mnt_ordenes_trabajo_det,MOTD_00199,-1.0,-15.0
MST_000517,MANTENIMIENTO_SALIDA,2023-12-06,PROD_0015,DEP_0004,,0.0,1.0,26.0,0.0,26.0,mnt_ordenes_trabajo_det,MOTD_00200,-1.0,-26.0
MST_000145,CONSUMO_INSUMO,2023-12-07,PROD_0008,DEP_0001,,0.0,7271.0,0.7695,0.0,5595.03,erp_consumo_insumos,CONS_00002,-7271.0,-5595.03
MST_000174,CONSUMO_INSUMO,2023-12-07,PROD_0008,DEP_0001,,0.0,7612.0,0.7695,0.0,5857.43,erp_consumo_insumos,CONS_00031,-7612.0,-5857.43
MST_000328,MANTENIMIENTO_SALIDA,2023-12-07,PROD_0013,DEP_0004,,0.0,1.0,15.0,0.0,15.0,mnt_ordenes_trabajo_det,MOTD_00011,-1.0,-15.0
MST_000329,MANTENIMIENTO_SALIDA,2023-12-07,PROD_0015,DEP_0004,,0.0,1.0,26.0,0.0,26.0,mnt_ordenes_trabajo_det,MOTD_00012,-1.0,-26.0
MST_000019,COMPRA_INGRESO,2023-12-09,PROD_0010,DEP_0001,,46.38,0.0,17.4787,810.66,0.0,erp_recepciones_compra_det,RCD_00019,46.38,810.66
MST_000676,MANTENIMIENTO_SALIDA,2023-12-09,PROD_0013,DEP_0004,,0.0,1.0,15.0,0.0,15.0,mnt_ordenes_trabajo_det,MOTD_00359,-1.0,-15.0
MST_000677,MANTENIMIENTO_SALIDA,2023-12-09,PROD_0015,DEP_0004,,0.0,1.0,26.0,0.0,26.0,mnt_ordenes_trabajo_det,MOTD_00360,-1.0,-26.0
MST_000390,MANTENIMIENTO_SALIDA,2023-12-10,PROD_0013,DEP_0004,,0.0,1.0,15.0,0.0,15.0,mnt_ordenes_trabajo_det,MOTD_00073,-1.0,-15.0
MST_000391,MANTENIMIENTO_SALIDA,2023-12-10,PROD_0015,DEP_0004,,0.0,1.0,26.0,0.0,26.0,mnt_ordenes_trabajo_det,MOTD_00074,-1.0,-26.0
MST_000170,CONSUMO_INSUMO,2023-12-11,PROD_0008,DEP_0001,,0.0,11148.5,0.7695,0.0,8578.77,erp_consumo_insumos,CONS_00027,-11148.5,-8578.77
MST_000180,CONSUMO_INSUMO,2023-12-11,PROD_0009,DEP_0001,,0.0,332.43,6.5747,0.0,2185.63,erp_consumo_insumos,CONS_00037,-332.43,-2185.63
MST_000738,MANTENIMIENTO_SALIDA,2023-12-11,PROD_0013,DEP_0004,,0.0,1.0,15.0,0.0,15.0,mnt_ordenes_trabajo_det,MOTD_00421,-1.0,-15.0
MST_000739,MANTENIMIENTO_SALIDA,2023-12-11,PROD_0015,DEP_0004,,0.0,1.0,26.0,0.0,26.0,mnt_ordenes_trabajo_det,MOTD_00422,-1.0,-26.0
MST_000051,COMPRA_INGRESO,2023-12-12,PROD_0010,DEP_0001,,37.76,0.0,19.849,749.5,0.0,erp_recepciones_compra_det,RCD_00051,37.76,749.5
MST_000153,CONSUMO_INSUMO,2023-12-12,PROD_0008,DEP_0001,,0.0,5236.0,0.7695,0.0,4029.1,erp_consumo_insumos,CONS_00010,-5236.0,-4029.1
MST_000003,COMPRA_INGRESO,2023-12-15,PROD_0009,DEP_0001,,364.6,0.0,6.8785,2507.9,0.0,erp_recepciones_compra_det,RCD_00003,364.6,2507.9
MST_000253,COSECHA_INGRESO,2023-12-15,PROD_0003,DEP_0003,QLT_00006,611.87,0.0,99.41,60826.0,0.0,erp_lotes_calidad,QLT_00006,611.87,60826.0
MST_000191,CONSUMO_INSUMO,2023-12-16,PROD_0008,DEP_0001,,0.0,7403.0,0.7695,0.0,5696.61,erp_consumo_insumos,CONS_00048,-7403.0,-5696.61
MST_000018,COMPRA_INGRESO,2023-12-17,PROD_0009,DEP_0001,,417.85,0.0,6.644,2776.2,0.0,erp_recepciones_compra_det,RCD_00018,417.85,2776.2
MST_000056,COMPRA_INGRESO,2023-12-17,PROD_0010,DEP_0001,,28.73,0.0,19.1995,551.6,0.0,erp_recepciones_compra_det,RCD_00056,28.73,551.6
MST_000061,COMPRA_INGRESO,2023-12-17,PROD_0010,DEP_0001,,39.03,0.0,19.4769,760.18,0.0,erp_recepciones_compra_det,RCD_00061,39.03,760.18
MST_000249,COSECHA_INGRESO,2023-12-17,PROD_0003,DEP_0002,QLT_00002,949.22,0.0,82.72,78519.48,0.0,erp_lotes_calidad,QLT_00002,949.22,78519.48
MST_000035,COMPRA_INGRESO,2023-12-18,PROD_0010,DEP_0001,,58.62,0.0,17.4033,1020.18,0.0,erp_recepciones_compra_det,RCD_00035,58.62,1020.18
MST_000157,CONSUMO_INSUMO,2023-12-18,PROD_0008,DEP_0001,,0.0,8475.5,0.7695,0.0,6521.9,erp_consumo_insumos,CONS_00014,-8475.5,-6521.9
MST_000014,COMPRA_INGRESO,2023-12-19,PROD_0010,DEP_0001,,27.6,0.0,19.6432,542.15,0.0,erp_recepciones_compra_det,RCD_00014,27.6,542.15
MST_000050,COMPRA_INGRESO,2023-12-20,PROD_0009,DEP_0001,,350.73,0.0,6.7061,2352.03,0.0,erp_recepciones_compra_det,RCD_00050,350.73,2352.03
MST_000055,COMPRA_INGRESO,2023-12-22,PROD_0009,DEP_0001,,267.77,0.0,6.5615,1756.97,0.0,erp_recepciones_compra_det,RCD_00055,267.77,1756.97
MST_000187,CONSUMO_INSUMO,2023-12-22,PROD_0008,DEP_0001,,0.0,5461.5,0.7695,0.0,4202.62,erp_consumo_insumos,CONS_00044,-5461.5,-4202.62
MST_000163,CONSUMO_INSUMO,2023-12-23,PROD_0009,DEP_0001,,0.0,219.24,6.5747,0.0,1441.44,erp_consumo_insumos,CONS_00020,-219.24,-1441.44
MST_000183,CONSUMO_INSUMO,2023-12-23,PROD_0008,DEP_0001,,0.0,6913.5,0.7695,0.0,5319.94,erp_consumo_insumos,CONS_00040,-6913.5,-5319.94
MST_000004,COMPRA_INGRESO,2023-12-24,PROD_0010,DEP_0001,,39.51,0.0,17.9169,707.9,0.0,erp_recepciones_compra_det,RCD_00004,39.51,707.9
MST_000013,COMPRA_INGRESO,2023-12-24,PROD_0009,DEP_0001,,266.75,0.0,6.8774,1834.55,0.0,erp_recepciones_compra_det,RCD_00013,266.75,1834.55
MST_000039,COMPRA_INGRESO,2023-12-26,PROD_0009,DEP_0001,,373.75,0.0,6.2762,2345.73,0.0,erp_recepciones_compra_det,RCD_00039,373.75,2345.73
MST_000040,COMPRA_INGRESO,2023-12-26,PROD_0010,DEP_0001,,40.55,0.0,19.1984,778.5,0.0,erp_recepciones_compra_det,RCD_00040,40.55,778.5
MST_000034,COMPRA_INGRESO,2023-12-27,PROD_0009,DEP_0001,,557.3,0.0,6.7685,3772.09,0.0,erp_recepciones_compra_det,RCD_00034,557.3,3772.09
MST_000060,COMPRA_INGRESO,2023-12-31,PROD_0009,DEP_0001,,362.43,0.0,5.9206,2145.8,0.0,erp_recepciones_compra_det,RCD_00060,362.43,2145.8
MST_000146,CONSUMO_INSUMO,2024-01-03,PROD_0009,DEP_0001,,0.0,343.72,6.5747,0.0,2259.86,erp_consumo_insumos,CONS_00003,-343.72,-2259.86
MST_000181,CONSUMO_INSUMO,2024-01-04,PROD_0010,DEP_0001,,0.0,55.41,18.5745,0.0,1029.21,erp_consumo_insumos,CONS_00038,-55.41,-1029.21
MST_000518,MANTENIMIENTO_SALIDA,2024-01-04,PROD_0013,DEP_0004,,0.0,1.0,15.0,0.0,15.0,mnt_ordenes_trabajo_det,MOTD_00201,-1.0,-15.0
MST_000519,MANTENIMIENTO_SALIDA,2024-01-04,PROD_0015,DEP_0004,,0.0,1.0,26.0,0.0,26.0,mnt_ordenes_trabajo_det,MOTD_00202,-1.0,-26.0
MST_000580,MANTENIMIENTO_SALIDA,2024-01-05,PROD_0013,DEP_0004,,0.0,1.0,15.0,0.0,15.0,mnt_ordenes_trabajo_det,MOTD_00263,-1.0,-15.0
MST_000581,MANTENIMIENTO_SALIDA,2024-01-05,PROD_0015,DEP_0004,,0.0,1.0,26.0,0.0,26.0,mnt_ordenes_trabajo_det,MOTD_00264,-1.0,-26.0
MST_000740,MANTENIMIENTO_SALIDA,2024-01-05,PROD_0013,DEP_0004,,0.0,1.0,15.0,0.0,15.0,mnt_ordenes_trabajo_det,MOTD_00423,-1.0,-15.0
MST_000741,MANTENIMIENTO_SALIDA,2024-01-05,PROD_0015,DEP_0004,,0.0,1.0,26.0,0.0,26.0,mnt_ordenes_trabajo_det,MOTD_00424,-1.0,-26.0
MST_000636,MANTENIMIENTO_SALIDA,2024-01-07,PROD_0013,DEP_0004,,0.0,1.0,15.0,0.0,15.0,mnt_ordenes_trabajo_det,MOTD_00319,-1.0,-15.0
MST_000637,MANTENIMIENTO_SALIDA,2024-01-07,PROD_0015,DEP_0004,,0.0,1.0,26.0,0.0,26.0,mnt_ordenes_trabajo_det,MOTD_00320,-1.0,-26.0
MST_000281,VENTA_SALIDA,2024-01-08,PROD_0003,DEP_0003,QLT_00006,0.0,192.96,99.41,0.0,19182.15,erp_despachos_venta_det,DESPD_00010,-192.96,-19182.15
MST_000188,CONSUMO_INSUMO,2024-01-09,PROD_0009,DEP_0001,,0.0,258.18,6.5747,0.0,1697.46,erp_consumo_insumos,CONS_00045,-258.18,-1697.46
MST_000158,CONSUMO_INSUMO,2024-01-10,PROD_0009,DEP_0001,,0.0,400.66,6.5747,0.0,2634.22,erp_consumo_insumos,CONS_00015,-400.66,-2634.22
MST_000192,CONSUMO_INSUMO,2024-01-12,PROD_0009,DEP_0001,,0.0,349.96,6.5747,0.0,2300.88,erp_consumo_insumos,CONS_00049,-349.96,-2300.88
MST_000171,CONSUMO_INSUMO,2024-01-14,PROD_0009,DEP_0001,,0.0,527.02,6.5747,0.0,3465.0,erp_consumo_insumos,CONS_00028,-527.02,-3465.0
MST_000330,MANTENIMIENTO_SALIDA,2024-01-14,PROD_0013,DEP_0004,,0.0,1.0,15.0,0.0,15.0,mnt_ordenes_trabajo_det,MOTD_00013,-1.0,-15.0
MST_000331,MANTENIMIENTO_SALIDA,2024-01-14,PROD_0015,DEP_0004,,0.0,1.0,26.0,0.0,26.0,mnt_ordenes_trabajo_det,MOTD_00014,-1.0,-26.0
MST_000392,MANTENIMIENTO_SALIDA,2024-01-14,PROD_0013,DEP_0004,,0.0,1.0,15.0,0.0,15.0,mnt_ordenes_trabajo_det,MOTD_00075,-1.0,-15.0
MST_000393,MANTENIMIENTO_SALIDA,2024-01-14,PROD_0015,DEP_0004,,0.0,1.0,26.0,0.0,26.0,mnt_ordenes_trabajo_det,MOTD_00076,-1.0,-26.0
MST_000456,MANTENIMIENTO_SALIDA,2024-01-14,PROD_0013,DEP_0004,,0.0,1.0,15.0,0.0,15.0,mnt_ordenes_trabajo_det,MOTD_00139,-1.0,-15.0
MST_000457,MANTENIMIENTO_SALIDA,2024-01-14,PROD_0015,DEP_0004,,0.0,1.0,26.0,0.0,26.0,mnt_ordenes_trabajo_det,MOTD_00140,-1.0,-26.0
MST_000678,MANTENIMIENTO_SALIDA,2024-01-14,PROD_0013,DEP_0004,,0.0,1.0,15.0,0.0,15.0,mnt_ordenes_trabajo_det,MOTD_00361,-1.0,-15.0
MST_000679,MANTENIMIENTO_SALIDA,2024-01-14,PROD_0015,DEP_0004,,0.0,1.0,26.0,0.0,26.0,mnt_ordenes_trabajo_det,MOTD_00362,-1.0,-26.0
MST_000175,CONSUMO_INSUMO,2024-01-18,PROD_0009,DEP_0001,,0.0,359.84,6.5747,0.0,2365.84,erp_consumo_insumos,CONS_00032,-359.84,-2365.84
MST_000184,CONSUMO_INSUMO,2024-01-18,PROD_0009,DEP_0001,,0.0,326.82,6.5747,0.0,2148.74,erp_consumo_insumos,CONS_00041,-326.82,-2148.74
MST_000154,CONSUMO_INSUMO,2024-01-19,PROD_0009,DEP_0001,,0.0,247.52,6.5747,0.0,1627.37,erp_consumo_insumos,CONS_00011,-247.52,-1627.37
MST_000164,CONSUMO_INSUMO,2024-01-19,PROD_0010,DEP_0001,,0.0,36.54,18.5745,0.0,678.71,erp_consumo_insumos,CONS_00021,-36.54,-678.71
MST_000172,CONSUMO_INSUMO,2024-02-06,PROD_0010,DEP_0001,,0.0,56.76,18.5745,0.0,1054.29,erp_consumo_insumos,CONS_00029,-56.76,-1054.29
MST_000273,VENTA_SALIDA,2024-02-06,PROD_0003,DEP_0002,QLT_00002,0.0,222.77,82.72,0.0,18427.53,erp_despachos_venta_det,DESPD_00002,-222.77,-18427.53
MST_000520,MANTENIMIENTO_SALIDA,2024-02-06,PROD_0013,DEP_0004,,0.0,1.0,15.0,0.0,15.0,mnt_ordenes_trabajo_det,MOTD_00203,-1.0,-15.0
MST_000521,MANTENIMIENTO_SALIDA,2024-02-06,PROD_0015,DEP_0004,,0.0,1.0,26.0,0.0,26.0,mnt_ordenes_trabajo_det,MOTD_00204,-1.0,-26.0
MST_000394,MANTENIMIENTO_SALIDA,2024-02-07,PROD_0013,DEP_0004,,0.0,1.0,15.0,0.0,15.0,mnt_ordenes_trabajo_det,MOTD_00077,-1.0,-15.0
MST_000395,MANTENIMIENTO_SALIDA,2024-02-07,PROD_0015,DEP_0004,,0.0,1.0,26.0,0.0,26.0,mnt_ordenes_trabajo_det,MOTD_00078,-1.0,-26.0
MST_000680,MANTENIMIENTO_SALIDA,2024-02-08,PROD_0013,DEP_0004,,0.0,1.0,15.0,0.0,15.0,mnt_ordenes_trabajo_det,MOTD_00363,-1.0,-15.0
MST_000681,MANTENIMIENTO_SALIDA,2024-02-08,PROD_0015,DEP_0004,,0.0,1.0,26.0,0.0,26.0,mnt_ordenes_trabajo_det,MOTD_00364,-1.0,-26.0
MST_000159,CONSUMO_INSUMO,2024-02-09,PROD_0010,DEP_0001,,0.0,43.15,18.5745,0.0,801.49,erp_consumo_insumos,CONS_00016,-43.15,-801.49
MST_000582,MANTENIMIENTO_SALIDA,2024-02-09,PROD_0013,DEP_0004,,0.0,1.0,15.0,0.0,15.0,mnt_ordenes_trabajo_det,MOTD_00265,-1.0,-15.0
MST_000583,MANTENIMIENTO_SALIDA,2024-02-09,PROD_0015,DEP_0004,,0.0,1.0,26.0,0.0,26.0,mnt_ordenes_trabajo_det,MOTD_00266,-1.0,-26.0
MST_000176,CONSUMO_INSUMO,2024-02-10,PROD_0010,DEP_0001,,0.0,38.75,18.5745,0.0,719.76,erp_consumo_insumos,CONS_00033,-38.75,-719.76
MST_000332,MANTENIMIENTO_SALIDA,2024-02-10,PROD_0013,DEP_0004,,0.0,1.0,15.0,0.0,15.0,mnt_ordenes_trabajo_det,MOTD_00015,-1.0,-15.0
MST_000333,MANTENIMIENTO_SALIDA,2024-02-10,PROD_0015,DEP_0004,,0.0,1.0,26.0,0.0,26.0,mnt_ordenes_trabajo_det,MOTD_00016,-1.0,-26.0
MST_000458,MANTENIMIENTO_SALIDA,2024-02-10,PROD_0013,DEP_0004,,0.0,1.0,15.0,0.0,15.0,mnt_ordenes_trabajo_det,MOTD_00141,-1.0,-15.0
MST_000459,MANTENIMIENTO_SALIDA,2024-02-10,PROD_0015,DEP_0004,,0.0,1.0,26.0,0.0,26.0,mnt_ordenes_trabajo_det,MOTD_00142,-1.0,-26.0
MST_000742,MANTENIMIENTO_SALIDA,2024-02-12,PROD_0013,DEP_0004,,0.0,1.0,15.0,0.0,15.0,mnt_ordenes_trabajo_det,MOTD_00425,-1.0,-15.0
MST_000743,MANTENIMIENTO_SALIDA,2024-02-12,PROD_0015,DEP_0004,,0.0,1.0,26.0,0.0,26.0,mnt_ordenes_trabajo_det,MOTD_00426,-1.0,-26.0
MST_000147,CONSUMO_INSUMO,2024-02-14,PROD_0010,DEP_0001,,0.0,37.02,18.5745,0.0,687.63,erp_consumo_insumos,CONS_00004,-37.02,-687.63
MST_000189,CONSUMO_INSUMO,2024-02-15,PROD_0010,DEP_0001,,0.0,27.8,18.5745,0.0,516.37,erp_consumo_insumos,CONS_00046,-27.8,-516.37
MST_000155,CONSUMO_INSUMO,2024-02-16,PROD_0010,DEP_0001,,0.0,26.66,18.5745,0.0,495.2,erp_consumo_insumos,CONS_00012,-26.66,-495.2
MST_000193,CONSUMO_INSUMO,2024-02-16,PROD_0010,DEP_0001,,0.0,37.69,18.5745,0.0,700.07,erp_consumo_insumos,CONS_00050,-37.69,-700.07
MST_000185,CONSUMO_INSUMO,2024-02-22,PROD_0010,DEP_0001,,0.0,35.2,18.5745,0.0,653.82,erp_consumo_insumos,CONS_00042,-35.2,-653.82
MST_000460,MANTENIMIENTO_SALIDA,2024-03-02,PROD_0013,DEP_0004,,0.0,1.0,15.0,0.0,15.0,mnt_ordenes_trabajo_det,MOTD_00143,-1.0,-15.0
MST_000461,MANTENIMIENTO_SALIDA,2024-03-02,PROD_0015,DEP_0004,,0.0,1.0,26.0,0.0,26.0,mnt_ordenes_trabajo_det,MOTD_00144,-1.0,-26.0
MST_000744,MANTENIMIENTO_SALIDA,2024-03-04,PROD_0013,DEP_0004,,0.0,1.0,15.0,0.0,15.0,mnt_ordenes_trabajo_det,MOTD_00427,-1.0,-15.0
MST_000745,MANTENIMIENTO_SALIDA,2024-03-04,PROD_0015,DEP_0004,,0.0,1.0,26.0,0.0,26.0,mnt_ordenes_trabajo_det,MOTD_00428,-1.0,-26.0
MST_000396,MANTENIMIENTO_SALIDA,2024-03-05,PROD_0013,DEP_0004,,0.0,1.0,15.0,0.0,15.0,mnt_ordenes_trabajo_det,MOTD_00079,-1.0,-15.0
MST_000397,MANTENIMIENTO_SALIDA,2024-03-05,PROD_0015,DEP_0004,,0.0,1.0,26.0,0.0,26.0,mnt_ordenes_trabajo_det,MOTD_00080,-1.0,-26.0
MST_000682,MANTENIMIENTO_SALIDA,2024-03-05,PROD_0013,DEP_0004,,0.0,1.0,15.0,0.0,15.0,mnt_ordenes_trabajo_det,MOTD_00365,-1.0,-15.0
MST_000683,MANTENIMIENTO_SALIDA,2024-03-05,PROD_0015,DEP_0004,,0.0,1.0,26.0,0.0,26.0,mnt_ordenes_trabajo_det,MOTD_00366,-1.0,-26.0
MST_000274,VENTA_SALIDA,2024-03-06,PROD_0003,DEP_0002,QLT_00002,0.0,281.42,82.72,0.0,23279.06,erp_despachos_venta_det,DESPD_00003,-281.42,-23279.06
MST_000584,MANTENIMIENTO_SALIDA,2024-03-06,PROD_0013,DEP_0004,,0.0,1.0,15.0,0.0,15.0,mnt_ordenes_trabajo_det,MOTD_00267,-1.0,-15.0
MST_000585,MANTENIMIENTO_SALIDA,2024-03-06,PROD_0015,DEP_0004,,0.0,1.0,26.0,0.0,26.0,mnt_ordenes_trabajo_det,MOTD_00268,-1.0,-26.0
MST_000334,MANTENIMIENTO_SALIDA,2024-03-07,PROD_0013,DEP_0004,,0.0,1.0,15.0,0.0,15.0,mnt_ordenes_trabajo_det,MOTD_00017,-1.0,-15.0
MST_000335,MANTENIMIENTO_SALIDA,2024-03-07,PROD_0015,DEP_0004,,0.0,1.0,26.0,0.0,26.0,mnt_ordenes_trabajo_det,MOTD_00018,-1.0,-26.0
MST_000638,MANTENIMIENTO_SALIDA,2024-03-10,PROD_0013,DEP_0004,,0.0,1.0,15.0,0.0,15.0,mnt_ordenes_trabajo_det,MOTD_00321,-1.0,-15.0
MST_000639,MANTENIMIENTO_SALIDA,2024-03-10,PROD_0015,DEP_0004,,0.0,1.0,26.0,0.0,26.0,mnt_ordenes_trabajo_det,MOTD_00322,-1.0,-26.0
MST_000522,MANTENIMIENTO_SALIDA,2024-03-15,PROD_0013,DEP_0004,,0.0,1.0,15.0,0.0,15.0,mnt_ordenes_trabajo_det,MOTD_00205,-1.0,-15.0
MST_000523,MANTENIMIENTO_SALIDA,2024-03-15,PROD_0015,DEP_0004,,0.0,1.0,26.0,0.0,26.0,mnt_ordenes_trabajo_det,MOTD_00206,-1.0,-26.0
MST_000746,MANTENIMIENTO_SALIDA,2024-04-02,PROD_0013,DEP_0004,,0.0,1.0,15.0,0.0,15.0,mnt_ordenes_trabajo_det,MOTD_00429,-1.0,-15.0
MST_000747,MANTENIMIENTO_SALIDA,2024-04-02,PROD_0015,DEP_0004,,0.0,1.0,26.0,0.0,26.0,mnt_ordenes_trabajo_det,MOTD_00430,-1.0,-26.0
MST_000336,MANTENIMIENTO_SALIDA,2024-04-03,PROD_0013,DEP_0004,,0.0,1.0,15.0,0.0,15.0,mnt_ordenes_trabajo_det,MOTD_00019,-1.0,-15.0
MST_000337,MANTENIMIENTO_SALIDA,2024-04-03,PROD_0015,DEP_0004,,0.0,1.0,26.0,0.0,26.0,mnt_ordenes_trabajo_det,MOTD_00020,-1.0,-26.0
MST_000462,MANTENIMIENTO_SALIDA,2024-04-08,PROD_0013,DEP_0004,,0.0,1.0,15.0,0.0,15.0,mnt_ordenes_trabajo_det,MOTD_00145,-1.0,-15.0
MST_000463,MANTENIMIENTO_SALIDA,2024-04-08,PROD_0015,DEP_0004,,0.0,1.0,26.0,0.0,26.0,mnt_ordenes_trabajo_det,MOTD_00146,-1.0,-26.0
MST_000398,MANTENIMIENTO_SALIDA,2024-04-10,PROD_0013,DEP_0004,,0.0,1.0,15.0,0.0,15.0,mnt_ordenes_trabajo_det,MOTD_00081,-1.0,-15.0
MST_000399,MANTENIMIENTO_SALIDA,2024-04-10,PROD_0015,DEP_0004,,0.0,1.0,26.0,0.0,26.0,mnt_ordenes_trabajo_det,MOTD_00082,-1.0,-26.0
MST_000586,MANTENIMIENTO_SALIDA,2024-04-10,PROD_0013,DEP_0004,,0.0,1.0,15.0,0.0,15.0,mnt_ordenes_trabajo_det,MOTD_00269,-1.0,-15.0
MST_000587,MANTENIMIENTO_SALIDA,2024-04-10,PROD_0015,DEP_0004,,0.0,1.0,26.0,0.0,26.0,mnt_ordenes_trabajo_det,MOTD_00270,-1.0,-26.0
MST_000524,MANTENIMIENTO_SALIDA,2024-04-12,PROD_0013,DEP_0004,,0.0,1.0,15.0,0.0,15.0,mnt_ordenes_trabajo_det,MOTD_00207,-1.0,-15.0
MST_000525,MANTENIMIENTO_SALIDA,2024-04-12,PROD_0015,DEP_0004,,0.0,1.0,26.0,0.0,26.0,mnt_ordenes_trabajo_det,MOTD_00208,-1.0,-26.0
MST_000256,COSECHA_INGRESO,2024-04-13,PROD_0001,DEP_0002,QLT_00009,1259.27,0.0,61.75,77759.92,0.0,erp_lotes_calidad,QLT_00009,1259.27,77759.92
MST_000684,MANTENIMIENTO_SALIDA,2024-04-14,PROD_0013,DEP_0004,,0.0,1.0,15.0,0.0,15.0,mnt_ordenes_trabajo_det,MOTD_00367,-1.0,-15.0
MST_000685,MANTENIMIENTO_SALIDA,2024-04-14,PROD_0015,DEP_0004,,0.0,1.0,26.0,0.0,26.0,mnt_ordenes_trabajo_det,MOTD_00368,-1.0,-26.0
MST_000252,COSECHA_INGRESO,2024-04-16,PROD_0001,DEP_0002,QLT_00005,834.47,0.0,61.12,51002.81,0.0,erp_lotes_calidad,QLT_00005,834.47,51002.81
MST_000275,VENTA_SALIDA,2024-04-24,PROD_0003,DEP_0002,QLT_00002,0.0,332.83,82.72,0.0,27531.7,erp_despachos_venta_det,DESPD_00004,-332.83,-27531.7
MST_000282,VENTA_SALIDA,2024-04-30,PROD_0003,DEP_0003,QLT_00006,0.0,344.97,99.41,0.0,34293.47,erp_despachos_venta_det,DESPD_00011,-344.97,-34293.47
MST_000251,COSECHA_INGRESO,2024-05-03,PROD_0002,DEP_0003,QLT_00004,435.23,0.0,106.55,46373.76,0.0,erp_lotes_calidad,QLT_00004,435.23,46373.76
MST_000259,COSECHA_INGRESO,2024-05-03,PROD_0002,DEP_0003,QLT_00012,408.13,0.0,99.53,40621.18,0.0,erp_lotes_calidad,QLT_00012,408.13,40621.18
MST_000640,MANTENIMIENTO_SALIDA,2024-05-03,PROD_0013,DEP_0004,,0.0,1.0,15.0,0.0,15.0,mnt_ordenes_trabajo_det,MOTD_00323,-1.0,-15.0
MST_000641,MANTENIMIENTO_SALIDA,2024-05-03,PROD_0015,DEP_0004,,0.0,1.0,26.0,0.0,26.0,mnt_ordenes_trabajo_det,MOTD_00324,-1.0,-26.0
MST_000464,MANTENIMIENTO_SALIDA,2024-05-05,PROD_0013,DEP_0004,,0.0,1.0,15.0,0.0,15.0,mnt_ordenes_trabajo_det,MOTD_00147,-1.0,-15.0
MST_000465,MANTENIMIENTO_SALIDA,2024-05-05,PROD_0015,DEP_0004,,0.0,1.0,26.0,0.0,26.0,mnt_ordenes_trabajo_det,MOTD_00148,-1.0,-26.0
MST_000254,COSECHA_INGRESO,2024-05-06,PROD_0002,DEP_0002,QLT_00007,748.47,0.0,80.68,60386.56,0.0,erp_lotes_calidad,QLT_00007,748.47,60386.56
MST_000285,VENTA_SALIDA,2024-05-07,PROD_0001,DEP_0002,QLT_00009,0.0,339.62,61.75,0.0,20971.53,erp_despachos_venta_det,DESPD_00014,-339.62,-20971.53
MST_000748,MANTENIMIENTO_SALIDA,2024-05-07,PROD_0013,DEP_0004,,0.0,1.0,15.0,0.0,15.0,mnt_ordenes_trabajo_det,MOTD_00431,-1.0,-15.0
MST_000749,MANTENIMIENTO_SALIDA,2024-05-07,PROD_0015,DEP_0004,,0.0,1.0,26.0,0.0,26.0,mnt_ordenes_trabajo_det,MOTD_00432,-1.0,-26.0
MST_000526,MANTENIMIENTO_SALIDA,2024-05-08,PROD_0013,DEP_0004,,0.0,1.0,15.0,0.0,15.0,mnt_ordenes_trabajo_det,MOTD_00209,-1.0,-15.0
MST_000527,MANTENIMIENTO_SALIDA,2024-05-08,PROD_0015,DEP_0004,,0.0,1.0,26.0,0.0,26.0,mnt_ordenes_trabajo_det,MOTD_00210,-1.0,-26.0
MST_000250,COSECHA_INGRESO,2024-05-10,PROD_0002,DEP_0003,QLT_00003,316.08,0.0,90.92,28737.99,0.0,erp_lotes_calidad,QLT_00003,316.08,28737.99
MST_000248,COSECHA_INGRESO,2024-05-11,PROD_0002,DEP_0003,QLT_00001,457.94,0.0,86.86,39776.67,0.0,erp_lotes_calidad,QLT_00001,457.94,39776.67
MST_000338,MANTENIMIENTO_SALIDA,2024-05-11,PROD_0013,DEP_0004,,0.0,1.0,15.0,0.0,15.0,mnt_ordenes_trabajo_det,MOTD_00021,-1.0,-15.0
MST_000339,MANTENIMIENTO_SALIDA,2024-05-11,PROD_0015,DEP_0004,,0.0,1.0,26.0,0.0,26.0,mnt_ordenes_trabajo_det,MOTD_00022,-1.0,-26.0
MST_000686,MANTENIMIENTO_SALIDA,2024-05-12,PROD_0013,DEP_0004,,0.0,1.0,15.0,0.0,15.0,mnt_ordenes_trabajo_det,MOTD_00369,-1.0,-15.0
MST_000687,MANTENIMIENTO_SALIDA,2024-05-12,PROD_0015,DEP_0004,,0.0,1.0,26.0,0.0,26.0,mnt_ordenes_trabajo_det,MOTD_00370,-1.0,-26.0
MST_000278,VENTA_SALIDA,2024-05-13,PROD_0001,DEP_0002,QLT_00005,0.0,190.82,61.12,0.0,11662.92,erp_despachos_venta_det,DESPD_00007,-190.82,-11662.92
MST_000588,MANTENIMIENTO_SALIDA,2024-05-13,PROD_0013,DEP_0004,,0.0,1.0,15.0,0.0,15.0,mnt_ordenes_trabajo_det,MOTD_00271,-1.0,-15.0
MST_000589,MANTENIMIENTO_SALIDA,2024-05-13,PROD_0015,DEP_0004,,0.0,1.0,26.0,0.0,26.0,mnt_ordenes_trabajo_det,MOTD_00272,-1.0,-26.0
MST_000400,MANTENIMIENTO_SALIDA,2024-05-15,PROD_0013,DEP_0004,,0.0,1.0,15.0,0.0,15.0,mnt_ordenes_trabajo_det,MOTD_00083,-1.0,-15.0
MST_000401,MANTENIMIENTO_SALIDA,2024-05-15,PROD_0015,DEP_0004,,0.0,1.0,26.0,0.0,26.0,mnt_ordenes_trabajo_det,MOTD_00084,-1.0,-26.0
MST_000031,COMPRA_INGRESO,2024-05-17,PROD_0012,DEP_0001,,2910.47,0.0,1.1344,3301.64,0.0,erp_recepciones_compra_det,RCD_00031,2910.47,3301.64
MST_000258,COSECHA_INGRESO,2024-05-18,PROD_0002,DEP_0002,QLT_00011,311.91,0.0,95.8,29880.98,0.0,erp_lotes_calidad,QLT_00011,311.91,29880.98
MST_000255,COSECHA_INGRESO,2024-05-21,PROD_0002,DEP_0002,QLT_00008,379.53,0.0,110.99,42124.03,0.0,erp_lotes_calidad,QLT_00008,379.53,42124.03
MST_000257,COSECHA_INGRESO,2024-05-21,PROD_0002,DEP_0002,QLT_00010,394.88,0.0,95.6,37750.53,0.0,erp_lotes_calidad,QLT_00010,394.88,37750.53
MST_000027,COMPRA_INGRESO,2024-05-22,PROD_0006,DEP_0001,,22992.57,0.0,0.7019,16138.48,0.0,erp_recepciones_compra_det,RCD_00027,22992.57,16138.48
MST_000006,COMPRA_INGRESO,2024-05-27,PROD_0006,DEP_0001,,30939.63,0.0,0.6972,21571.11,0.0,erp_recepciones_compra_det,RCD_00006,30939.63,21571.11
MST_000010,COMPRA_INGRESO,2024-05-29,PROD_0012,DEP_0001,,4063.62,0.0,1.1623,4723.15,0.0,erp_recepciones_compra_det,RCD_00010,4063.62,4723.15
MST_000165,CONSUMO_INSUMO,2024-06-03,PROD_0006,DEP_0001,,0.0,22344.0,0.7014,0.0,15672.08,erp_consumo_insumos,CONS_00022,-22344.0,-15672.08
MST_000402,MANTENIMIENTO_SALIDA,2024-06-03,PROD_0013,DEP_0004,,0.0,1.0,15.0,0.0,15.0,mnt_ordenes_trabajo_det,MOTD_00085,-1.0,-15.0
MST_000403,MANTENIMIENTO_SALIDA,2024-06-03,PROD_0015,DEP_0004,,0.0,1.0,26.0,0.0,26.0,mnt_ordenes_trabajo_det,MOTD_00086,-1.0,-26.0
MST_000528,MANTENIMIENTO_SALIDA,2024-06-04,PROD_0013,DEP_0004,,0.0,1.0,15.0,0.0,15.0,mnt_ordenes_trabajo_det,MOTD_00211,-1.0,-15.0
MST_000529,MANTENIMIENTO_SALIDA,2024-06-04,PROD_0015,DEP_0004,,0.0,1.0,26.0,0.0,26.0,mnt_ordenes_trabajo_det,MOTD_00212,-1.0,-26.0
MST_000750,MANTENIMIENTO_SALIDA,2024-06-04,PROD_0013,DEP_0004,,0.0,1.0,15.0,0.0,15.0,mnt_ordenes_trabajo_det,MOTD_00433,-1.0,-15.0
MST_000751,MANTENIMIENTO_SALIDA,2024-06-04,PROD_0015,DEP_0004,,0.0,1.0,26.0,0.0,26.0,mnt_ordenes_trabajo_det,MOTD_00434,-1.0,-26.0
MST_000286,VENTA_SALIDA,2024-06-06,PROD_0001,DEP_0002,QLT_00009,0.0,415.52,61.75,0.0,25658.36,erp_despachos_venta_det,DESPD_00015,-415.52,-25658.36
MST_000291,VENTA_SALIDA,2024-06-06,PROD_0002,DEP_0003,QLT_00012,0.0,88.47,99.53,0.0,8805.42,erp_despachos_venta_det,DESPD_00020,-88.47,-8805.42
MST_000340,MANTENIMIENTO_SALIDA,2024-06-08,PROD_0013,DEP_0004,,0.0,1.0,15.0,0.0,15.0,mnt_ordenes_trabajo_det,MOTD_00023,-1.0,-15.0
MST_000341,MANTENIMIENTO_SALIDA,2024-06-08,PROD_0015,DEP_0004,,0.0,1.0,26.0,0.0,26.0,mnt_ordenes_trabajo_det,MOTD_00024,-1.0,-26.0
MST_000466,MANTENIMIENTO_SALIDA,2024-06-09,PROD_0013,DEP_0004,,0.0,1.0,15.0,0.0,15.0,mnt_ordenes_trabajo_det,MOTD_00149,-1.0,-15.0
MST_000467,MANTENIMIENTO_SALIDA,2024-06-09,PROD_0015,DEP_0004,,0.0,1.0,26.0,0.0,26.0,mnt_ordenes_trabajo_det,MOTD_00150,-1.0,-26.0
MST_000590,MANTENIMIENTO_SALIDA,2024-06-13,PROD_0013,DEP_0004,,0.0,1.0,15.0,0.0,15.0,mnt_ordenes_trabajo_det,MOTD_00273,-1.0,-15.0
MST_000591,MANTENIMIENTO_SALIDA,2024-06-13,PROD_0015,DEP_0004,,0.0,1.0,26.0,0.0,26.0,mnt_ordenes_trabajo_det,MOTD_00274,-1.0,-26.0
MST_000688,MANTENIMIENTO_SALIDA,2024-06-13,PROD_0013,DEP_0004,,0.0,1.0,15.0,0.0,15.0,mnt_ordenes_trabajo_det,MOTD_00371,-1.0,-15.0
MST_000689,MANTENIMIENTO_SALIDA,2024-06-13,PROD_0015,DEP_0004,,0.0,1.0,26.0,0.0,26.0,mnt_ordenes_trabajo_det,MOTD_00372,-1.0,-26.0
MST_000279,VENTA_SALIDA,2024-06-15,PROD_0001,DEP_0002,QLT_00005,0.0,164.37,61.12,0.0,10046.29,erp_despachos_venta_det,DESPD_00008,-164.37,-10046.29
MST_000272,VENTA_SALIDA,2024-06-18,PROD_0002,DEP_0003,QLT_00001,0.0,342.5,86.86,0.0,29749.55,erp_despachos_venta_det,DESPD_00001,-342.5,-29749.55
MST_000289,VENTA_SALIDA,2024-06-21,PROD_0002,DEP_0002,QLT_00011,0.0,88.87,95.8,0.0,8513.75,erp_despachos_venta_det,DESPD_00018,-88.87,-8513.75
MST_000148,CONSUMO_INSUMO,2024-06-23,PROD_0006,DEP_0001,,0.0,28532.0,0.7014,0.0,20012.34,erp_consumo_insumos,CONS_00005,-28532.0,-20012.34
MST_000288,VENTA_SALIDA,2024-06-24,PROD_0002,DEP_0002,QLT_00010,0.0,359.25,95.6,0.0,34344.3,erp_despachos_venta_det,DESPD_00017,-359.25,-34344.3
MST_000642,MANTENIMIENTO_SALIDA,2024-07-03,PROD_0013,DEP_0004,,0.0,1.0,15.0,0.0,15.0,mnt_ordenes_trabajo_det,MOTD_00325,-1.0,-15.0
MST_000643,MANTENIMIENTO_SALIDA,2024-07-03,PROD_0015,DEP_0004,,0.0,1.0,26.0,0.0,26.0,mnt_ordenes_trabajo_det,MOTD_00326,-1.0,-26.0
MST_000592,MANTENIMIENTO_SALIDA,2024-07-04,PROD_0013,DEP_0004,,0.0,1.0,15.0,0.0,15.0,mnt_ordenes_trabajo_det,MOTD_00275,-1.0,-15.0
MST_000593,MANTENIMIENTO_SALIDA,2024-07-04,PROD_0015,DEP_0004,,0.0,1.0,26.0,0.0,26.0,mnt_ordenes_trabajo_det,MOTD_00276,-1.0,-26.0
MST_000752,MANTENIMIENTO_SALIDA,2024-07-06,PROD_0013,DEP_0004,,0.0,1.0,15.0,0.0,15.0,mnt_ordenes_trabajo_det,MOTD_00435,-1.0,-15.0
MST_000753,MANTENIMIENTO_SALIDA,2024-07-06,PROD_0015,DEP_0004,,0.0,1.0,26.0,0.0,26.0,mnt_ordenes_trabajo_det,MOTD_00436,-1.0,-26.0
MST_000404,MANTENIMIENTO_SALIDA,2024-07-07,PROD_0013,DEP_0004,,0.0,1.0,15.0,0.0,15.0,mnt_ordenes_trabajo_det,MOTD_00087,-1.0,-15.0
MST_000405,MANTENIMIENTO_SALIDA,2024-07-07,PROD_0015,DEP_0004,,0.0,1.0,26.0,0.0,26.0,mnt_ordenes_trabajo_det,MOTD_00088,-1.0,-26.0
MST_000530,MANTENIMIENTO_SALIDA,2024-07-08,PROD_0013,DEP_0004,,0.0,1.0,15.0,0.0,15.0,mnt_ordenes_trabajo_det,MOTD_00213,-1.0,-15.0
MST_000531,MANTENIMIENTO_SALIDA,2024-07-08,PROD_0015,DEP_0004,,0.0,1.0,26.0,0.0,26.0,mnt_ordenes_trabajo_det,MOTD_00214,-1.0,-26.0
MST_000342,MANTENIMIENTO_SALIDA,2024-07-09,PROD_0013,DEP_0004,,0.0,1.0,15.0,0.0,15.0,mnt_ordenes_trabajo_det,MOTD_00025,-1.0,-15.0
MST_000343,MANTENIMIENTO_SALIDA,2024-07-09,PROD_0015,DEP_0004,,0.0,1.0,26.0,0.0,26.0,mnt_ordenes_trabajo_det,MOTD_00026,-1.0,-26.0
MST_000690,MANTENIMIENTO_SALIDA,2024-07-11,PROD_0013,DEP_0004,,0.0,1.0,15.0,0.0,15.0,mnt_ordenes_trabajo_det,MOTD_00373,-1.0,-15.0
MST_000691,MANTENIMIENTO_SALIDA,2024-07-11,PROD_0015,DEP_0004,,0.0,1.0,26.0,0.0,26.0,mnt_ordenes_trabajo_det,MOTD_00374,-1.0,-26.0
MST_000468,MANTENIMIENTO_SALIDA,2024-07-13,PROD_0013,DEP_0004,,0.0,1.0,15.0,0.0,15.0,mnt_ordenes_trabajo_det,MOTD_00151,-1.0,-15.0
MST_000469,MANTENIMIENTO_SALIDA,2024-07-13,PROD_0015,DEP_0004,,0.0,1.0,26.0,0.0,26.0,mnt_ordenes_trabajo_det,MOTD_00152,-1.0,-26.0
MST_000082,COMPRA_INGRESO,2024-07-16,PROD_0008,DEP_0001,,11675.51,0.0,0.8071,9423.3,0.0,erp_recepciones_compra_det,RCD_00082,11675.51,9423.3
MST_000292,VENTA_SALIDA,2024-07-16,PROD_0002,DEP_0003,QLT_00012,0.0,103.78,99.53,0.0,10329.22,erp_despachos_venta_det,DESPD_00021,-103.78,-10329.22
MST_000081,COMPRA_INGRESO,2024-07-19,PROD_0007,DEP_0001,,21083.25,0.0,0.6221,13115.89,0.0,erp_recepciones_compra_det,RCD_00081,21083.25,13115.89
MST_000109,COMPRA_INGRESO,2024-07-24,PROD_0008,DEP_0001,,11384.42,0.0,0.7882,8973.2,0.0,erp_recepciones_compra_det,RCD_00109,11384.42,8973.2
MST_000108,COMPRA_INGRESO,2024-07-29,PROD_0007,DEP_0001,,21554.98,0.0,0.6794,14644.45,0.0,erp_recepciones_compra_det,RCD_00108,21554.98,14644.45
MST_000283,VENTA_SALIDA,2024-07-31,PROD_0002,DEP_0002,QLT_00007,0.0,597.5,80.68,0.0,48206.3,erp_despachos_venta_det,DESPD_00012,-597.5,-48206.3
MST_000231,CONSUMO_INSUMO,2024-08-03,PROD_0007,DEP_0001,,0.0,20670.0,0.6409,0.0,13247.4,erp_consumo_insumos,CONS_00088,-20670.0,-13247.4
MST_000232,CONSUMO_INSUMO,2024-08-03,PROD_0008,DEP_0001,,0.0,11130.0,0.7695,0.0,8564.53,erp_consumo_insumos,CONS_00089,-11130.0,-8564.53
MST_000277,VENTA_SALIDA,2024-08-04,PROD_0002,DEP_0003,QLT_00004,0.0,386.02,106.55,0.0,41130.43,erp_despachos_venta_det,DESPD_00006,-386.02,-41130.43
MST_000754,MANTENIMIENTO_SALIDA,2024-08-05,PROD_0013,DEP_0004,,0.0,1.0,15.0,0.0,15.0,mnt_ordenes_trabajo_det,MOTD_00437,-1.0,-15.0
MST_000755,MANTENIMIENTO_SALIDA,2024-08-05,PROD_0015,DEP_0004,,0.0,1.0,26.0,0.0,26.0,mnt_ordenes_trabajo_det,MOTD_00438,-1.0,-26.0
MST_000276,VENTA_SALIDA,2024-08-06,PROD_0002,DEP_0003,QLT_00003,0.0,284.66,90.92,0.0,25881.29,erp_despachos_venta_det,DESPD_00005,-284.66,-25881.29
MST_000594,MANTENIMIENTO_SALIDA,2024-08-06,PROD_0013,DEP_0004,,0.0,1.0,15.0,0.0,15.0,mnt_ordenes_trabajo_det,MOTD_00277,-1.0,-15.0
MST_000595,MANTENIMIENTO_SALIDA,2024-08-06,PROD_0015,DEP_0004,,0.0,1.0,26.0,0.0,26.0,mnt_ordenes_trabajo_det,MOTD_00278,-1.0,-26.0
MST_000470,MANTENIMIENTO_SALIDA,2024-08-07,PROD_0013,DEP_0004,,0.0,1.0,15.0,0.0,15.0,mnt_ordenes_trabajo_det,MOTD_00153,-1.0,-15.0
MST_000471,MANTENIMIENTO_SALIDA,2024-08-07,PROD_0015,DEP_0004,,0.0,1.0,26.0,0.0,26.0,mnt_ordenes_trabajo_det,MOTD_00154,-1.0,-26.0
MST_000692,MANTENIMIENTO_SALIDA,2024-08-07,PROD_0013,DEP_0004,,0.0,1.0,15.0,0.0,15.0,mnt_ordenes_trabajo_det,MOTD_00375,-1.0,-15.0
MST_000693,MANTENIMIENTO_SALIDA,2024-08-07,PROD_0015,DEP_0004,,0.0,1.0,26.0,0.0,26.0,mnt_ordenes_trabajo_det,MOTD_00376,-1.0,-26.0
MST_000079,COMPRA_INGRESO,2024-08-08,PROD_0012,DEP_0001,,1964.85,0.0,1.2287,2414.21,0.0,erp_recepciones_compra_det,RCD_00079,1964.85,2414.21
MST_000532,MANTENIMIENTO_SALIDA,2024-08-08,PROD_0013,DEP_0004,,0.0,1.0,15.0,0.0,15.0,mnt_ordenes_trabajo_det,MOTD_00215,-1.0,-15.0
MST_000533,MANTENIMIENTO_SALIDA,2024-08-08,PROD_0015,DEP_0004,,0.0,1.0,26.0,0.0,26.0,mnt_ordenes_trabajo_det,MOTD_00216,-1.0,-26.0
MST_000110,COMPRA_INGRESO,2024-08-09,PROD_0011,DEP_0001,,73.21,0.0,23.1474,1694.62,0.0,erp_recepciones_compra_det,RCD_00110,73.21,1694.62
MST_000344,MANTENIMIENTO_SALIDA,2024-08-12,PROD_0013,DEP_0004,,0.0,1.0,15.0,0.0,15.0,mnt_ordenes_trabajo_det,MOTD_00027,-1.0,-15.0
MST_000345,MANTENIMIENTO_SALIDA,2024-08-12,PROD_0015,DEP_0004,,0.0,1.0,26.0,0.0,26.0,mnt_ordenes_trabajo_det,MOTD_00028,-1.0,-26.0
MST_000068,COMPRA_INGRESO,2024-08-13,PROD_0004,DEP_0001,,4456.54,0.0,5.3597,23885.72,0.0,erp_recepciones_compra_det,RCD_00068,4456.54,23885.72
MST_000112,COMPRA_INGRESO,2024-08-13,PROD_0004,DEP_0001,,2748.49,0.0,5.1456,14142.63,0.0,erp_recepciones_compra_det,RCD_00112,2748.49,14142.63
MST_000134,COMPRA_INGRESO,2024-08-13,PROD_0015,DEP_0004,,123.44,0.0,24.5701,3032.93,0.0,erp_recepciones_compra_det,RCD_00134,123.44,3032.93
MST_000133,COMPRA_INGRESO,2024-08-14,PROD_0014,DEP_0004,,44.54,0.0,40.4087,1799.8,0.0,erp_recepciones_compra_det,RCD_00133,44.54,1799.8
MST_000406,MANTENIMIENTO_SALIDA,2024-08-14,PROD_0013,DEP_0004,,0.0,1.0,15.0,0.0,15.0,mnt_ordenes_trabajo_det,MOTD_00089,-1.0,-15.0
MST_000407,MANTENIMIENTO_SALIDA,2024-08-14,PROD_0015,DEP_0004,,0.0,1.0,26.0,0.0,26.0,mnt_ordenes_trabajo_det,MOTD_00090,-1.0,-26.0
MST_000085,COMPRA_INGRESO,2024-08-16,PROD_0004,DEP_0001,,2444.15,0.0,4.6936,11471.86,0.0,erp_recepciones_compra_det,RCD_00085,2444.15,11471.86
MST_000090,COMPRA_INGRESO,2024-08-16,PROD_0012,DEP_0001,,2256.07,0.0,1.152,2598.99,0.0,erp_recepciones_compra_det,RCD_00090,2256.07,2598.99
MST_000209,CONSUMO_INSUMO,2024-08-17,PROD_0007,DEP_0001,,0.0,20202.0,0.6409,0.0,12947.46,erp_consumo_insumos,CONS_00066,-20202.0,-12947.46
MST_000210,CONSUMO_INSUMO,2024-08-17,PROD_0008,DEP_0001,,0.0,10878.0,0.7695,0.0,8370.62,erp_consumo_insumos,CONS_00067,-10878.0,-8370.62
MST_000287,VENTA_SALIDA,2024-08-17,PROD_0001,DEP_0002,QLT_00009,0.0,387.31,61.75,0.0,23916.39,erp_despachos_venta_det,DESPD_00016,-387.31,-23916.39
MST_000091,COMPRA_INGRESO,2024-08-20,PROD_0004,DEP_0001,,3775.65,0.0,5.1069,19281.87,0.0,erp_recepciones_compra_det,RCD_00091,3775.65,19281.87
MST_000074,COMPRA_INGRESO,2024-08-23,PROD_0004,DEP_0001,,2201.27,0.0,4.9014,10789.3,0.0,erp_recepciones_compra_det,RCD_00074,2201.27,10789.3
MST_000123,COMPRA_INGRESO,2024-08-23,PROD_0004,DEP_0001,,3126.33,0.0,5.0928,15921.77,0.0,erp_recepciones_compra_det,RCD_00123,3126.33,15921.77
MST_000096,COMPRA_INGRESO,2024-08-24,PROD_0012,DEP_0001,,3797.52,0.0,1.1958,4541.07,0.0,erp_recepciones_compra_det,RCD_00096,3797.52,4541.07
MST_000128,COMPRA_INGRESO,2024-08-24,PROD_0012,DEP_0001,,2437.95,0.0,1.1801,2877.02,0.0,erp_recepciones_compra_det,RCD_00128,2437.95,2877.02
MST_000073,COMPRA_INGRESO,2024-08-25,PROD_0012,DEP_0001,,4236.71,0.0,1.1924,5051.85,0.0,erp_recepciones_compra_det,RCD_00073,4236.71,5051.85
MST_000083,COMPRA_INGRESO,2024-08-25,PROD_0011,DEP_0001,,76.1,0.0,20.4984,1559.93,0.0,erp_recepciones_compra_det,RCD_00083,76.1,1559.93
MST_000284,VENTA_SALIDA,2024-08-26,PROD_0002,DEP_0002,QLT_00008,0.0,275.93,110.99,0.0,30625.47,erp_despachos_venta_det,DESPD_00013,-275.93,-30625.47
MST_000378,MANTENIMIENTO_SALIDA,2024-08-26,PROD_0014,DEP_0004,,0.0,1.0,42.0,0.0,42.0,mnt_ordenes_trabajo_det,MOTD_00061,-1.0,-42.0
MST_000379,MANTENIMIENTO_SALIDA,2024-08-26,PROD_0015,DEP_0004,,0.0,1.0,26.0,0.0,26.0,mnt_ordenes_trabajo_det,MOTD_00062,-1.0,-26.0
MST_000117,COMPRA_INGRESO,2024-08-28,PROD_0012,DEP_0001,,2290.44,0.0,1.1363,2602.63,0.0,erp_recepciones_compra_det,RCD_00117,2290.44,2602.63
MST_000132,COMPRA_INGRESO,2024-08-30,PROD_0013,DEP_0004,,94.93,0.0,15.2058,1443.49,0.0,erp_recepciones_compra_det,RCD_00132,94.93,1443.49
MST_000280,VENTA_SALIDA,2024-09-02,PROD_0001,DEP_0002,QLT_00005,0.0,256.16,61.12,0.0,15656.5,erp_despachos_venta_det,DESPD_00009,-256.16,-15656.5
MST_000644,MANTENIMIENTO_SALIDA,2024-09-04,PROD_0013,DEP_0004,,0.0,1.0,15.0,0.0,15.0,mnt_ordenes_trabajo_det,MOTD_00327,-1.0,-15.0
MST_000645,MANTENIMIENTO_SALIDA,2024-09-04,PROD_0015,DEP_0004,,0.0,1.0,26.0,0.0,26.0,mnt_ordenes_trabajo_det,MOTD_00328,-1.0,-26.0
MST_000756,MANTENIMIENTO_SALIDA,2024-09-07,PROD_0013,DEP_0004,,0.0,1.0,15.0,0.0,15.0,mnt_ordenes_trabajo_det,MOTD_00439,-1.0,-15.0
MST_000757,MANTENIMIENTO_SALIDA,2024-09-07,PROD_0015,DEP_0004,,0.0,1.0,26.0,0.0,26.0,mnt_ordenes_trabajo_det,MOTD_00440,-1.0,-26.0
MST_000472,MANTENIMIENTO_SALIDA,2024-09-10,PROD_0013,DEP_0004,,0.0,1.0,15.0,0.0,15.0,mnt_ordenes_trabajo_det,MOTD_00155,-1.0,-15.0
MST_000473,MANTENIMIENTO_SALIDA,2024-09-10,PROD_0015,DEP_0004,,0.0,1.0,26.0,0.0,26.0,mnt_ordenes_trabajo_det,MOTD_00156,-1.0,-26.0
MST_000596,MANTENIMIENTO_SALIDA,2024-09-10,PROD_0013,DEP_0004,,0.0,1.0,15.0,0.0,15.0,mnt_ordenes_trabajo_det,MOTD_00279,-1.0,-15.0
MST_000597,MANTENIMIENTO_SALIDA,2024-09-10,PROD_0015,DEP_0004,,0.0,1.0,26.0,0.0,26.0,mnt_ordenes_trabajo_det,MOTD_00280,-1.0,-26.0
MST_000534,MANTENIMIENTO_SALIDA,2024-09-11,PROD_0013,DEP_0004,,0.0,1.0,15.0,0.0,15.0,mnt_ordenes_trabajo_det,MOTD_00217,-1.0,-15.0
MST_000535,MANTENIMIENTO_SALIDA,2024-09-11,PROD_0015,DEP_0004,,0.0,1.0,26.0,0.0,26.0,mnt_ordenes_trabajo_det,MOTD_00218,-1.0,-26.0
MST_000211,CONSUMO_INSUMO,2024-09-13,PROD_0011,DEP_0001,,0.0,69.93,21.8704,0.0,1529.4,erp_consumo_insumos,CONS_00068,-69.93,-1529.4
MST_000346,MANTENIMIENTO_SALIDA,2024-09-13,PROD_0013,DEP_0004,,0.0,1.0,15.0,0.0,15.0,mnt_ordenes_trabajo_det,MOTD_00029,-1.0,-15.0
MST_000347,MANTENIMIENTO_SALIDA,2024-09-13,PROD_0015,DEP_0004,,0.0,1.0,26.0,0.0,26.0,mnt_ordenes_trabajo_det,MOTD_00030,-1.0,-26.0
MST_000408,MANTENIMIENTO_SALIDA,2024-09-13,PROD_0013,DEP_0004,,0.0,1.0,15.0,0.0,15.0,mnt_ordenes_trabajo_det,MOTD_00091,-1.0,-15.0
MST_000409,MANTENIMIENTO_SALIDA,2024-09-13,PROD_0015,DEP_0004,,0.0,1.0,26.0,0.0,26.0,mnt_ordenes_trabajo_det,MOTD_00092,-1.0,-26.0
MST_000234,CONSUMO_INSUMO,2024-09-14,PROD_0004,DEP_0001,,0.0,2677.4,5.1219,0.0,13713.38,erp_consumo_insumos,CONS_00091,-2677.4,-13713.38
MST_000694,MANTENIMIENTO_SALIDA,2024-09-14,PROD_0013,DEP_0004,,0.0,1.0,15.0,0.0,15.0,mnt_ordenes_trabajo_det,MOTD_00377,-1.0,-15.0
MST_000695,MANTENIMIENTO_SALIDA,2024-09-14,PROD_0015,DEP_0004,,0.0,1.0,26.0,0.0,26.0,mnt_ordenes_trabajo_det,MOTD_00378,-1.0,-26.0
MST_000233,CONSUMO_INSUMO,2024-09-15,PROD_0011,DEP_0001,,0.0,71.55,21.8704,0.0,1564.83,erp_consumo_insumos,CONS_00090,-71.55,-1564.83
MST_000243,CONSUMO_INSUMO,2024-09-17,PROD_0004,DEP_0001,,0.0,2948.0,5.1219,0.0,15099.36,erp_consumo_insumos,CONS_00100,-2948.0,-15099.36
MST_000212,CONSUMO_INSUMO,2024-09-19,PROD_0004,DEP_0001,,0.0,2351.8,5.1219,0.0,12045.68,erp_consumo_insumos,CONS_00069,-2351.8,-12045.68
MST_000198,CONSUMO_INSUMO,2024-09-23,PROD_0004,DEP_0001,,0.0,4349.4,5.1219,0.0,22277.19,erp_consumo_insumos,CONS_00055,-4349.4,-22277.19
MST_000217,CONSUMO_INSUMO,2024-09-23,PROD_0004,DEP_0001,,0.0,3511.2,5.1219,0.0,17984.02,erp_consumo_insumos,CONS_00074,-3511.2,-17984.02
MST_000203,CONSUMO_INSUMO,2024-09-24,PROD_0004,DEP_0001,,0.0,2116.4,5.1219,0.0,10839.99,erp_consumo_insumos,CONS_00060,-2116.4,-10839.99
MST_000293,VENTA_SALIDA,2024-09-24,PROD_0002,DEP_0003,QLT_00012,0.0,115.39,99.53,0.0,11484.77,erp_despachos_venta_det,DESPD_00022,-115.39,-11484.77
MST_000290,VENTA_SALIDA,2024-09-28,PROD_0002,DEP_0002,QLT_00011,0.0,159.3,95.8,0.0,15260.94,erp_despachos_venta_det,DESPD_00019,-159.3,-15260.94
MST_000348,MANTENIMIENTO_SALIDA,2024-10-04,PROD_0013,DEP_0004,,0.0,1.0,15.0,0.0,15.0,mnt_ordenes_trabajo_det,MOTD_00031,-1.0,-15.0
MST_000349,MANTENIMIENTO_SALIDA,2024-10-04,PROD_0015,DEP_0004,,0.0,1.0,26.0,0.0,26.0,mnt_ordenes_trabajo_det,MOTD_00032,-1.0,-26.0
MST_000474,MANTENIMIENTO_SALIDA,2024-10-06,PROD_0013,DEP_0004,,0.0,1.0,15.0,0.0,15.0,mnt_ordenes_trabajo_det,MOTD_00157,-1.0,-15.0
MST_000475,MANTENIMIENTO_SALIDA,2024-10-06,PROD_0015,DEP_0004,,0.0,1.0,26.0,0.0,26.0,mnt_ordenes_trabajo_det,MOTD_00158,-1.0,-26.0
MST_000097,COMPRA_INGRESO,2024-10-07,PROD_0005,DEP_0001,,14873.64,0.0,1.1891,17686.25,0.0,erp_recepciones_compra_det,RCD_00097,14873.64,17686.25
MST_000092,COMPRA_INGRESO,2024-10-08,PROD_0007,DEP_0001,,30900.34,0.0,0.6276,19393.05,0.0,erp_recepciones_compra_det,RCD_00092,30900.34,19393.05
MST_000086,COMPRA_INGRESO,2024-10-09,PROD_0007,DEP_0001,,20025.36,0.0,0.6933,13883.58,0.0,erp_recepciones_compra_det,RCD_00086,20025.36,13883.58
MST_000598,MANTENIMIENTO_SALIDA,2024-10-09,PROD_0013,DEP_0004,,0.0,1.0,15.0,0.0,15.0,mnt_ordenes_trabajo_det,MOTD_00281,-1.0,-15.0
MST_000599,MANTENIMIENTO_SALIDA,2024-10-09,PROD_0015,DEP_0004,,0.0,1.0,26.0,0.0,26.0,mnt_ordenes_trabajo_det,MOTD_00282,-1.0,-26.0
MST_000758,MANTENIMIENTO_SALIDA,2024-10-09,PROD_0013,DEP_0004,,0.0,1.0,15.0,0.0,15.0,mnt_ordenes_trabajo_det,MOTD_00441,-1.0,-15.0
MST_000759,MANTENIMIENTO_SALIDA,2024-10-09,PROD_0015,DEP_0004,,0.0,1.0,26.0,0.0,26.0,mnt_ordenes_trabajo_det,MOTD_00442,-1.0,-26.0
MST_000101,COMPRA_INGRESO,2024-10-10,PROD_0012,DEP_0001,,5004.37,0.0,1.2466,6238.45,0.0,erp_recepciones_compra_det,RCD_00101,5004.37,6238.45
MST_000410,MANTENIMIENTO_SALIDA,2024-10-10,PROD_0013,DEP_0004,,0.0,1.0,15.0,0.0,15.0,mnt_ordenes_trabajo_det,MOTD_00093,-1.0,-15.0
MST_000411,MANTENIMIENTO_SALIDA,2024-10-10,PROD_0015,DEP_0004,,0.0,1.0,26.0,0.0,26.0,mnt_ordenes_trabajo_det,MOTD_00094,-1.0,-26.0
MST_000087,COMPRA_INGRESO,2024-10-11,PROD_0008,DEP_0001,,10312.6,0.0,0.8276,8534.71,0.0,erp_recepciones_compra_det,RCD_00087,10312.6,8534.71
MST_000696,MANTENIMIENTO_SALIDA,2024-10-11,PROD_0013,DEP_0004,,0.0,1.0,15.0,0.0,15.0,mnt_ordenes_trabajo_det,MOTD_00379,-1.0,-15.0
MST_000697,MANTENIMIENTO_SALIDA,2024-10-11,PROD_0015,DEP_0004,,0.0,1.0,26.0,0.0,26.0,mnt_ordenes_trabajo_det,MOTD_00380,-1.0,-26.0
MST_000536,MANTENIMIENTO_SALIDA,2024-10-13,PROD_0013,DEP_0004,,0.0,1.0,15.0,0.0,15.0,mnt_ordenes_trabajo_det,MOTD_00219,-1.0,-15.0
MST_000537,MANTENIMIENTO_SALIDA,2024-10-13,PROD_0015,DEP_0004,,0.0,1.0,26.0,0.0,26.0,mnt_ordenes_trabajo_det,MOTD_00220,-1.0,-26.0
MST_000113,COMPRA_INGRESO,2024-10-14,PROD_0007,DEP_0001,,23977.74,0.0,0.6202,14870.99,0.0,erp_recepciones_compra_det,RCD_00113,23977.74,14870.99
MST_000070,COMPRA_INGRESO,2024-10-15,PROD_0008,DEP_0001,,18896.14,0.0,0.822,15532.63,0.0,erp_recepciones_compra_det,RCD_00070,18896.14,15532.63
MST_000122,COMPRA_INGRESO,2024-10-15,PROD_0012,DEP_0001,,1925.85,0.0,1.2363,2380.93,0.0,erp_recepciones_compra_det,RCD_00122,1925.85,2380.93
MST_000102,COMPRA_INGRESO,2024-10-19,PROD_0005,DEP_0001,,10312.85,0.0,1.2138,12517.74,0.0,erp_recepciones_compra_det,RCD_00102,10312.85,12517.74
MST_000118,COMPRA_INGRESO,2024-10-22,PROD_0005,DEP_0001,,7034.8,0.0,1.3807,9712.95,0.0,erp_recepciones_compra_det,RCD_00118,7034.8,9712.95
MST_000067,COMPRA_INGRESO,2024-10-23,PROD_0012,DEP_0001,,3032.43,0.0,1.1644,3530.96,0.0,erp_recepciones_compra_det,RCD_00067,3032.43,3530.96
MST_000124,COMPRA_INGRESO,2024-10-23,PROD_0007,DEP_0001,,26491.98,0.0,0.6346,16811.81,0.0,erp_recepciones_compra_det,RCD_00124,26491.98,16811.81
MST_000063,COMPRA_INGRESO,2024-10-24,PROD_0005,DEP_0001,,10175.86,0.0,1.3359,13593.93,0.0,erp_recepciones_compra_det,RCD_00063,10175.86,13593.93
MST_000106,COMPRA_INGRESO,2024-10-24,PROD_0012,DEP_0001,,2981.83,0.0,1.2546,3741.0,0.0,erp_recepciones_compra_det,RCD_00106,2981.83,3741.0
MST_000114,COMPRA_INGRESO,2024-10-24,PROD_0008,DEP_0001,,11488.35,0.0,0.7753,8906.92,0.0,erp_recepciones_compra_det,RCD_00114,11488.35,8906.92
MST_000076,COMPRA_INGRESO,2024-10-25,PROD_0008,DEP_0001,,9268.01,0.0,0.7845,7270.75,0.0,erp_recepciones_compra_det,RCD_00076,9268.01,7270.75
MST_000069,COMPRA_INGRESO,2024-10-27,PROD_0007,DEP_0001,,37836.11,0.0,0.6561,24824.27,0.0,erp_recepciones_compra_det,RCD_00069,37836.11,24824.27
MST_000125,COMPRA_INGRESO,2024-10-28,PROD_0008,DEP_0001,,12448.86,0.0,0.716,8913.38,0.0,erp_recepciones_compra_det,RCD_00125,12448.86,8913.38
MST_000093,COMPRA_INGRESO,2024-10-29,PROD_0008,DEP_0001,,15261.94,0.0,0.8092,12349.96,0.0,erp_recepciones_compra_det,RCD_00093,15261.94,12349.96
MST_000075,COMPRA_INGRESO,2024-10-31,PROD_0007,DEP_0001,,18277.48,0.0,0.6493,11867.57,0.0,erp_recepciones_compra_det,RCD_00075,18277.48,11867.57
MST_000538,MANTENIMIENTO_SALIDA,2024-11-02,PROD_0013,DEP_0004,,0.0,1.0,15.0,0.0,15.0,mnt_ordenes_trabajo_det,MOTD_00221,-1.0,-15.0
MST_000539,MANTENIMIENTO_SALIDA,2024-11-02,PROD_0015,DEP_0004,,0.0,1.0,26.0,0.0,26.0,mnt_ordenes_trabajo_det,MOTD_00222,-1.0,-26.0
MST_000222,CONSUMO_INSUMO,2024-11-03,PROD_0005,DEP_0001,,0.0,14189.0,1.2829,0.0,18203.07,erp_consumo_insumos,CONS_00079,-14189.0,-18203.07
MST_000476,MANTENIMIENTO_SALIDA,2024-11-03,PROD_0013,DEP_0004,,0.0,1.0,15.0,0.0,15.0,mnt_ordenes_trabajo_det,MOTD_00159,-1.0,-15.0
MST_000477,MANTENIMIENTO_SALIDA,2024-11-03,PROD_0015,DEP_0004,,0.0,1.0,26.0,0.0,26.0,mnt_ordenes_trabajo_det,MOTD_00160,-1.0,-26.0
MST_000350,MANTENIMIENTO_SALIDA,2024-11-04,PROD_0013,DEP_0004,,0.0,1.0,15.0,0.0,15.0,mnt_ordenes_trabajo_det,MOTD_00033,-1.0,-15.0
MST_000351,MANTENIMIENTO_SALIDA,2024-11-04,PROD_0015,DEP_0004,,0.0,1.0,26.0,0.0,26.0,mnt_ordenes_trabajo_det,MOTD_00034,-1.0,-26.0
MST_000089,COMPRA_INGRESO,2024-11-06,PROD_0010,DEP_0001,,38.64,0.0,18.4274,712.03,0.0,erp_recepciones_compra_det,RCD_00089,38.64,712.03
MST_000103,COMPRA_INGRESO,2024-11-06,PROD_0008,DEP_0001,,7731.41,0.0,0.7646,5911.44,0.0,erp_recepciones_compra_det,RCD_00103,7731.41,5911.44
MST_000199,CONSUMO_INSUMO,2024-11-06,PROD_0007,DEP_0001,,0.0,35586.0,0.6409,0.0,22807.07,erp_consumo_insumos,CONS_00056,-35586.0,-22807.07
MST_000200,CONSUMO_INSUMO,2024-11-06,PROD_0008,DEP_0001,,0.0,17793.0,0.7695,0.0,13691.71,erp_consumo_insumos,CONS_00057,-17793.0,-13691.71
MST_000760,MANTENIMIENTO_SALIDA,2024-11-07,PROD_0013,DEP_0004,,0.0,1.0,15.0,0.0,15.0,mnt_ordenes_trabajo_det,MOTD_00443,-1.0,-15.0
MST_000761,MANTENIMIENTO_SALIDA,2024-11-07,PROD_0015,DEP_0004,,0.0,1.0,26.0,0.0,26.0,mnt_ordenes_trabajo_det,MOTD_00444,-1.0,-26.0
MST_000094,COMPRA_INGRESO,2024-11-09,PROD_0009,DEP_0001,,356.91,0.0,6.788,2422.71,0.0,erp_recepciones_compra_det,RCD_00094,356.91,2422.71
MST_000698,MANTENIMIENTO_SALIDA,2024-11-09,PROD_0013,DEP_0004,,0.0,1.0,15.0,0.0,15.0,mnt_ordenes_trabajo_det,MOTD_00381,-1.0,-15.0
MST_000699,MANTENIMIENTO_SALIDA,2024-11-09,PROD_0015,DEP_0004,,0.0,1.0,26.0,0.0,26.0,mnt_ordenes_trabajo_det,MOTD_00382,-1.0,-26.0
MST_000095,COMPRA_INGRESO,2024-11-11,PROD_0010,DEP_0001,,59.71,0.0,18.8966,1128.32,0.0,erp_recepciones_compra_det,RCD_00095,59.71,1128.32
MST_000412,MANTENIMIENTO_SALIDA,2024-11-11,PROD_0013,DEP_0004,,0.0,1.0,15.0,0.0,15.0,mnt_ordenes_trabajo_det,MOTD_00095,-1.0,-15.0
MST_000413,MANTENIMIENTO_SALIDA,2024-11-11,PROD_0015,DEP_0004,,0.0,1.0,26.0,0.0,26.0,mnt_ordenes_trabajo_det,MOTD_00096,-1.0,-26.0
MST_000646,MANTENIMIENTO_SALIDA,2024-11-11,PROD_0013,DEP_0004,,0.0,1.0,15.0,0.0,15.0,mnt_ordenes_trabajo_det,MOTD_00329,-1.0,-15.0
MST_000647,MANTENIMIENTO_SALIDA,2024-11-11,PROD_0015,DEP_0004,,0.0,1.0,26.0,0.0,26.0,mnt_ordenes_trabajo_det,MOTD_00330,-1.0,-26.0
MST_000077,COMPRA_INGRESO,2024-11-12,PROD_0009,DEP_0001,,216.38,0.0,6.72,1454.07,0.0,erp_recepciones_compra_det,RCD_00077,216.38,1454.07
MST_000127,COMPRA_INGRESO,2024-11-12,PROD_0010,DEP_0001,,49.65,0.0,18.0565,896.51,0.0,erp_recepciones_compra_det,RCD_00127,49.65,896.51
MST_000600,MANTENIMIENTO_SALIDA,2024-11-12,PROD_0013,DEP_0004,,0.0,1.0,15.0,0.0,15.0,mnt_ordenes_trabajo_det,MOTD_00283,-1.0,-15.0
MST_000601,MANTENIMIENTO_SALIDA,2024-11-12,PROD_0015,DEP_0004,,0.0,1.0,26.0,0.0,26.0,mnt_ordenes_trabajo_det,MOTD_00284,-1.0,-26.0
MST_000126,COMPRA_INGRESO,2024-11-13,PROD_0009,DEP_0001,,287.48,0.0,5.9591,1713.12,0.0,erp_recepciones_compra_det,RCD_00126,287.48,1713.12
MST_000072,COMPRA_INGRESO,2024-11-15,PROD_0010,DEP_0001,,74.79,0.0,17.5542,1312.88,0.0,erp_recepciones_compra_det,RCD_00072,74.79,1312.88
MST_000239,CONSUMO_INSUMO,2024-11-15,PROD_0005,DEP_0001,,0.0,6776.0,1.2829,0.0,8692.93,erp_consumo_insumos,CONS_00096,-6776.0,-8692.93
MST_000078,COMPRA_INGRESO,2024-11-16,PROD_0010,DEP_0001,,35.85,0.0,19.0156,681.71,0.0,erp_recepciones_compra_det,RCD_00078,35.85,681.71
MST_000218,CONSUMO_INSUMO,2024-11-16,PROD_0007,DEP_0001,,0.0,28728.0,0.6409,0.0,18411.78,erp_consumo_insumos,CONS_00075,-28728.0,-18411.78
MST_000219,CONSUMO_INSUMO,2024-11-16,PROD_0008,DEP_0001,,0.0,14364.0,0.7695,0.0,11053.1,erp_consumo_insumos,CONS_00076,-14364.0,-11053.1
MST_000204,CONSUMO_INSUMO,2024-11-17,PROD_0007,DEP_0001,,0.0,17316.0,0.6409,0.0,11097.82,erp_consumo_insumos,CONS_00061,-17316.0,-11097.82
MST_000205,CONSUMO_INSUMO,2024-11-17,PROD_0008,DEP_0001,,0.0,8658.0,0.7695,0.0,6662.33,erp_consumo_insumos,CONS_00062,-8658.0,-6662.33
MST_000213,CONSUMO_INSUMO,2024-11-18,PROD_0007,DEP_0001,,0.0,19242.0,0.6409,0.0,12332.2,erp_consumo_insumos,CONS_00070,-19242.0,-12332.2
MST_000214,CONSUMO_INSUMO,2024-11-18,PROD_0008,DEP_0001,,0.0,9621.0,0.7695,0.0,7403.36,erp_consumo_insumos,CONS_00071,-9621.0,-7403.36
MST_000235,CONSUMO_INSUMO,2024-11-18,PROD_0007,DEP_0001,,0.0,21906.0,0.6409,0.0,14039.56,erp_consumo_insumos,CONS_00092,-21906.0,-14039.56
MST_000236,CONSUMO_INSUMO,2024-11-18,PROD_0008,DEP_0001,,0.0,10953.0,0.7695,0.0,8428.33,erp_consumo_insumos,CONS_00093,-10953.0,-8428.33
MST_000194,CONSUMO_INSUMO,2024-11-19,PROD_0005,DEP_0001,,0.0,9247.0,1.2829,0.0,11862.98,erp_consumo_insumos,CONS_00051,-9247.0,-11862.98
MST_000226,CONSUMO_INSUMO,2024-11-19,PROD_0005,DEP_0001,,0.0,9555.0,1.2829,0.0,12258.11,erp_consumo_insumos,CONS_00083,-9555.0,-12258.11
MST_000115,COMPRA_INGRESO,2024-11-20,PROD_0009,DEP_0001,,282.36,0.0,6.5174,1840.25,0.0,erp_recepciones_compra_det,RCD_00115,282.36,1840.25
MST_000119,COMPRA_INGRESO,2024-11-20,PROD_0008,DEP_0001,,5687.19,0.0,0.7773,4420.65,0.0,erp_recepciones_compra_det,RCD_00119,5687.19,4420.65
MST_000071,COMPRA_INGRESO,2024-11-21,PROD_0009,DEP_0001,,434.86,0.0,6.6276,2882.08,0.0,erp_recepciones_compra_det,RCD_00071,434.86,2882.08
MST_000244,CONSUMO_INSUMO,2024-11-24,PROD_0007,DEP_0001,,0.0,24120.0,0.6409,0.0,15458.51,erp_consumo_insumos,CONS_00101,-24120.0,-15458.51
MST_000245,CONSUMO_INSUMO,2024-11-24,PROD_0008,DEP_0001,,0.0,12060.0,0.7695,0.0,9280.17,erp_consumo_insumos,CONS_00102,-12060.0,-9280.17
MST_000064,COMPRA_INGRESO,2024-11-25,PROD_0008,DEP_0001,,7855.77,0.0,0.7284,5722.14,0.0,erp_recepciones_compra_det,RCD_00064,7855.77,5722.14
MST_000116,COMPRA_INGRESO,2024-11-25,PROD_0010,DEP_0001,,45.15,0.0,18.6206,840.72,0.0,erp_recepciones_compra_det,RCD_00116,45.15,840.72
MST_000098,COMPRA_INGRESO,2024-11-26,PROD_0008,DEP_0001,,11678.66,0.0,0.7827,9140.89,0.0,erp_recepciones_compra_det,RCD_00098,11678.66,9140.89
MST_000088,COMPRA_INGRESO,2024-11-30,PROD_0009,DEP_0001,,231.84,0.0,6.3038,1461.47,0.0,erp_recepciones_compra_det,RCD_00088,231.84,1461.47
MST_000227,CONSUMO_INSUMO,2024-12-05,PROD_0008,DEP_0001,,0.0,7507.5,0.7695,0.0,5777.02,erp_consumo_insumos,CONS_00084,-7507.5,-5777.02
MST_000540,MANTENIMIENTO_SALIDA,2024-12-05,PROD_0013,DEP_0004,,0.0,1.0,15.0,0.0,15.0,mnt_ordenes_trabajo_det,MOTD_00223,-1.0,-15.0
MST_000541,MANTENIMIENTO_SALIDA,2024-12-05,PROD_0015,DEP_0004,,0.0,1.0,26.0,0.0,26.0,mnt_ordenes_trabajo_det,MOTD_00224,-1.0,-26.0
MST_000700,MANTENIMIENTO_SALIDA,2024-12-05,PROD_0013,DEP_0004,,0.0,1.0,15.0,0.0,15.0,mnt_ordenes_trabajo_det,MOTD_00383,-1.0,-15.0
MST_000701,MANTENIMIENTO_SALIDA,2024-12-05,PROD_0015,DEP_0004,,0.0,1.0,26.0,0.0,26.0,mnt_ordenes_trabajo_det,MOTD_00384,-1.0,-26.0
MST_000220,CONSUMO_INSUMO,2024-12-06,PROD_0009,DEP_0001,,0.0,335.16,6.5747,0.0,2203.58,erp_consumo_insumos,CONS_00077,-335.16,-2203.58
MST_000478,MANTENIMIENTO_SALIDA,2024-12-06,PROD_0013,DEP_0004,,0.0,1.0,15.0,0.0,15.0,mnt_ordenes_trabajo_det,MOTD_00161,-1.0,-15.0
MST_000479,MANTENIMIENTO_SALIDA,2024-12-06,PROD_0015,DEP_0004,,0.0,1.0,26.0,0.0,26.0,mnt_ordenes_trabajo_det,MOTD_00162,-1.0,-26.0
MST_000246,CONSUMO_INSUMO,2024-12-07,PROD_0009,DEP_0001,,0.0,281.4,6.5747,0.0,1850.12,erp_consumo_insumos,CONS_00103,-281.4,-1850.12
MST_000602,MANTENIMIENTO_SALIDA,2024-12-07,PROD_0013,DEP_0004,,0.0,1.0,15.0,0.0,15.0,mnt_ordenes_trabajo_det,MOTD_00285,-1.0,-15.0
MST_000603,MANTENIMIENTO_SALIDA,2024-12-07,PROD_0015,DEP_0004,,0.0,1.0,26.0,0.0,26.0,mnt_ordenes_trabajo_det,MOTD_00286,-1.0,-26.0
MST_000104,COMPRA_INGRESO,2024-12-09,PROD_0009,DEP_0001,,390.37,0.0,6.9207,2701.63,0.0,erp_recepciones_compra_det,RCD_00104,390.37,2701.63
MST_000762,MANTENIMIENTO_SALIDA,2024-12-09,PROD_0013,DEP_0004,,0.0,1.0,15.0,0.0,15.0,mnt_ordenes_trabajo_det,MOTD_00445,-1.0,-15.0
MST_000763,MANTENIMIENTO_SALIDA,2024-12-09,PROD_0015,DEP_0004,,0.0,1.0,26.0,0.0,26.0,mnt_ordenes_trabajo_det,MOTD_00446,-1.0,-26.0
MST_000065,COMPRA_INGRESO,2024-12-10,PROD_0009,DEP_0001,,354.55,0.0,6.6754,2366.76,0.0,erp_recepciones_compra_det,RCD_00065,354.55,2366.76
MST_000268,COSECHA_INGRESO,2024-12-11,PROD_0003,DEP_0002,QLT_00021,739.11,0.0,82.13,60703.1,0.0,erp_lotes_calidad,QLT_00021,739.11,60703.1
MST_000414,MANTENIMIENTO_SALIDA,2024-12-12,PROD_0013,DEP_0004,,0.0,1.0,15.0,0.0,15.0,mnt_ordenes_trabajo_det,MOTD_00097,-1.0,-15.0
MST_000415,MANTENIMIENTO_SALIDA,2024-12-12,PROD_0015,DEP_0004,,0.0,1.0,26.0,0.0,26.0,mnt_ordenes_trabajo_det,MOTD_00098,-1.0,-26.0
MST_000223,CONSUMO_INSUMO,2024-12-13,PROD_0008,DEP_0001,,0.0,11148.5,0.7695,0.0,8578.77,erp_consumo_insumos,CONS_00080,-11148.5,-8578.77
MST_000352,MANTENIMIENTO_SALIDA,2024-12-13,PROD_0013,DEP_0004,,0.0,1.0,15.0,0.0,15.0,mnt_ordenes_trabajo_det,MOTD_00035,-1.0,-15.0
MST_000353,MANTENIMIENTO_SALIDA,2024-12-13,PROD_0015,DEP_0004,,0.0,1.0,26.0,0.0,26.0,mnt_ordenes_trabajo_det,MOTD_00036,-1.0,-26.0
MST_000263,COSECHA_INGRESO,2024-12-14,PROD_0003,DEP_0003,QLT_00016,741.74,0.0,80.49,59702.65,0.0,erp_lotes_calidad,QLT_00016,741.74,59702.65
MST_000066,COMPRA_INGRESO,2024-12-15,PROD_0010,DEP_0001,,39.87,0.0,17.575,700.72,0.0,erp_recepciones_compra_det,RCD_00066,39.87,700.72
MST_000201,CONSUMO_INSUMO,2024-12-15,PROD_0009,DEP_0001,,0.0,415.17,6.5747,0.0,2729.62,erp_consumo_insumos,CONS_00058,-415.17,-2729.62
MST_000195,CONSUMO_INSUMO,2024-12-17,PROD_0008,DEP_0001,,0.0,7265.5,0.7695,0.0,5590.8,erp_consumo_insumos,CONS_00052,-7265.5,-5590.8
MST_000206,CONSUMO_INSUMO,2024-12-21,PROD_0009,DEP_0001,,0.0,202.02,6.5747,0.0,1328.22,erp_consumo_insumos,CONS_00063,-202.02,-1328.22
MST_000099,COMPRA_INGRESO,2024-12-23,PROD_0009,DEP_0001,,580.9,0.0,6.3933,3713.87,0.0,erp_recepciones_compra_det,RCD_00099,580.9,3713.87
MST_000240,CONSUMO_INSUMO,2024-12-23,PROD_0008,DEP_0001,,0.0,5324.0,0.7695,0.0,4096.82,erp_consumo_insumos,CONS_00097,-5324.0,-4096.82
MST_000105,COMPRA_INGRESO,2024-12-24,PROD_0010,DEP_0001,,40.5,0.0,17.3595,703.06,0.0,erp_recepciones_compra_det,RCD_00105,40.5,703.06
MST_000215,CONSUMO_INSUMO,2024-12-24,PROD_0009,DEP_0001,,0.0,224.49,6.5747,0.0,1475.95,erp_consumo_insumos,CONS_00072,-224.49,-1475.95
MST_000237,CONSUMO_INSUMO,2024-12-24,PROD_0009,DEP_0001,,0.0,255.57,6.5747,0.0,1680.3,erp_consumo_insumos,CONS_00094,-255.57,-1680.3
MST_000100,COMPRA_INGRESO,2024-12-27,PROD_0010,DEP_0001,,61.83,0.0,19.3053,1193.65,0.0,erp_recepciones_compra_det,RCD_00100,61.83,1193.65
MST_000121,COMPRA_INGRESO,2024-12-27,PROD_0010,DEP_0001,,28.26,0.0,19.7754,558.85,0.0,erp_recepciones_compra_det,RCD_00121,28.26,558.85
MST_000120,COMPRA_INGRESO,2024-12-30,PROD_0009,DEP_0001,,269.53,0.0,6.1444,1656.1,0.0,erp_recepciones_compra_det,RCD_00120,269.53,1656.1
MST_000542,MANTENIMIENTO_SALIDA,2025-01-04,PROD_0013,DEP_0004,,0.0,1.0,15.0,0.0,15.0,mnt_ordenes_trabajo_det,MOTD_00225,-1.0,-15.0
MST_000543,MANTENIMIENTO_SALIDA,2025-01-04,PROD_0015,DEP_0004,,0.0,1.0,26.0,0.0,26.0,mnt_ordenes_trabajo_det,MOTD_00226,-1.0,-26.0
MST_000648,MANTENIMIENTO_SALIDA,2025-01-04,PROD_0013,DEP_0004,,0.0,1.0,15.0,0.0,15.0,mnt_ordenes_trabajo_det,MOTD_00331,-1.0,-15.0
MST_000649,MANTENIMIENTO_SALIDA,2025-01-04,PROD_0015,DEP_0004,,0.0,1.0,26.0,0.0,26.0,mnt_ordenes_trabajo_det,MOTD_00332,-1.0,-26.0
MST_000480,MANTENIMIENTO_SALIDA,2025-01-05,PROD_0013,DEP_0004,,0.0,1.0,15.0,0.0,15.0,mnt_ordenes_trabajo_det,MOTD_00163,-1.0,-15.0
MST_000481,MANTENIMIENTO_SALIDA,2025-01-05,PROD_0015,DEP_0004,,0.0,1.0,26.0,0.0,26.0,mnt_ordenes_trabajo_det,MOTD_00164,-1.0,-26.0
MST_000202,CONSUMO_INSUMO,2025-01-06,PROD_0010,DEP_0001,,0.0,69.19,18.5745,0.0,1285.17,erp_consumo_insumos,CONS_00059,-69.19,-1285.17
MST_000764,MANTENIMIENTO_SALIDA,2025-01-06,PROD_0013,DEP_0004,,0.0,1.0,15.0,0.0,15.0,mnt_ordenes_trabajo_det,MOTD_00447,-1.0,-15.0
MST_000765,MANTENIMIENTO_SALIDA,2025-01-06,PROD_0015,DEP_0004,,0.0,1.0,26.0,0.0,26.0,mnt_ordenes_trabajo_det,MOTD_00448,-1.0,-26.0
MST_000207,CONSUMO_INSUMO,2025-01-07,PROD_0010,DEP_0001,,0.0,33.67,18.5745,0.0,625.4,erp_consumo_insumos,CONS_00064,-33.67,-625.4
MST_000224,CONSUMO_INSUMO,2025-01-07,PROD_0009,DEP_0001,,0.0,527.02,6.5747,0.0,3465.0,erp_consumo_insumos,CONS_00081,-527.02,-3465.0
MST_000702,MANTENIMIENTO_SALIDA,2025-01-08,PROD_0013,DEP_0004,,0.0,1.0,15.0,0.0,15.0,mnt_ordenes_trabajo_det,MOTD_00385,-1.0,-15.0
MST_000703,MANTENIMIENTO_SALIDA,2025-01-08,PROD_0015,DEP_0004,,0.0,1.0,26.0,0.0,26.0,mnt_ordenes_trabajo_det,MOTD_00386,-1.0,-26.0
MST_000241,CONSUMO_INSUMO,2025-01-10,PROD_0009,DEP_0001,,0.0,251.68,6.5747,0.0,1654.72,erp_consumo_insumos,CONS_00098,-251.68,-1654.72
MST_000354,MANTENIMIENTO_SALIDA,2025-01-10,PROD_0013,DEP_0004,,0.0,1.0,15.0,0.0,15.0,mnt_ordenes_trabajo_det,MOTD_00037,-1.0,-15.0
MST_000355,MANTENIMIENTO_SALIDA,2025-01-10,PROD_0015,DEP_0004,,0.0,1.0,26.0,0.0,26.0,mnt_ordenes_trabajo_det,MOTD_00038,-1.0,-26.0
MST_000416,MANTENIMIENTO_SALIDA,2025-01-10,PROD_0013,DEP_0004,,0.0,1.0,15.0,0.0,15.0,mnt_ordenes_trabajo_det,MOTD_00099,-1.0,-15.0
MST_000417,MANTENIMIENTO_SALIDA,2025-01-10,PROD_0015,DEP_0004,,0.0,1.0,26.0,0.0,26.0,mnt_ordenes_trabajo_det,MOTD_00100,-1.0,-26.0
MST_000221,CONSUMO_INSUMO,2025-01-11,PROD_0010,DEP_0001,,0.0,55.86,18.5745,0.0,1037.57,erp_consumo_insumos,CONS_00078,-55.86,-1037.57
MST_000604,MANTENIMIENTO_SALIDA,2025-01-15,PROD_0013,DEP_0004,,0.0,1.0,15.0,0.0,15.0,mnt_ordenes_trabajo_det,MOTD_00287,-1.0,-15.0
MST_000605,MANTENIMIENTO_SALIDA,2025-01-15,PROD_0015,DEP_0004,,0.0,1.0,26.0,0.0,26.0,mnt_ordenes_trabajo_det,MOTD_00288,-1.0,-26.0
MST_000228,CONSUMO_INSUMO,2025-01-18,PROD_0009,DEP_0001,,0.0,354.9,6.5747,0.0,2333.36,erp_consumo_insumos,CONS_00085,-354.9,-2333.36
MST_000196,CONSUMO_INSUMO,2025-01-20,PROD_0009,DEP_0001,,0.0,343.46,6.5747,0.0,2258.15,erp_consumo_insumos,CONS_00053,-343.46,-2258.15
MST_000247,CONSUMO_INSUMO,2025-01-21,PROD_0010,DEP_0001,,0.0,46.9,18.5745,0.0,871.14,erp_consumo_insumos,CONS_00104,-46.9,-871.14
MST_000300,VENTA_SALIDA,2025-01-21,PROD_0003,DEP_0003,QLT_00016,0.0,574.49,80.49,0.0,46240.7,erp_despachos_venta_det,DESPD_00029,-574.49,-46240.7
MST_000310,VENTA_SALIDA,2025-01-21,PROD_0003,DEP_0002,QLT_00021,0.0,544.16,82.13,0.0,44691.86,erp_despachos_venta_det,DESPD_00039,-544.16,-44691.86
MST_000238,CONSUMO_INSUMO,2025-01-23,PROD_0010,DEP_0001,,0.0,42.59,18.5745,0.0,791.09,erp_consumo_insumos,CONS_00095,-42.59,-791.09
MST_000216,CONSUMO_INSUMO,2025-01-24,PROD_0010,DEP_0001,,0.0,37.41,18.5745,0.0,694.87,erp_consumo_insumos,CONS_00073,-37.41,-694.87
MST_000788,MANTENIMIENTO_SALIDA,2025-01-28,PROD_0014,DEP_0004,,0.0,2.0,42.0,0.0,84.0,mnt_ordenes_trabajo_det,MOTD_00471,-2.0,-84.0
MST_000789,MANTENIMIENTO_SALIDA,2025-01-28,PROD_0015,DEP_0004,,0.0,2.0,26.0,0.0,52.0,mnt_ordenes_trabajo_det,MOTD_00472,-2.0,-52.0
MST_000660,MANTENIMIENTO_SALIDA,2025-02-01,PROD_0014,DEP_0004,,0.0,2.0,42.0,0.0,84.0,mnt_ordenes_trabajo_det,MOTD_00343,-2.0,-84.0
MST_000661,MANTENIMIENTO_SALIDA,2025-02-01,PROD_0015,DEP_0004,,0.0,2.0,26.0,0.0,52.0,mnt_ordenes_trabajo_det,MOTD_00344,-2.0,-52.0
MST_000356,MANTENIMIENTO_SALIDA,2025-02-03,PROD_0013,DEP_0004,,0.0,1.0,15.0,0.0,15.0,mnt_ordenes_trabajo_det,MOTD_00039,-1.0,-15.0
MST_000357,MANTENIMIENTO_SALIDA,2025-02-03,PROD_0015,DEP_0004,,0.0,1.0,26.0,0.0,26.0,mnt_ordenes_trabajo_det,MOTD_00040,-1.0,-26.0
MST_000225,CONSUMO_INSUMO,2025-02-04,PROD_0010,DEP_0001,,0.0,56.76,18.5745,0.0,1054.29,erp_consumo_insumos,CONS_00082,-56.76,-1054.29
MST_000242,CONSUMO_INSUMO,2025-02-06,PROD_0010,DEP_0001,,0.0,27.1,18.5745,0.0,503.37,erp_consumo_insumos,CONS_00099,-27.1,-503.37
MST_000606,MANTENIMIENTO_SALIDA,2025-02-07,PROD_0013,DEP_0004,,0.0,1.0,15.0,0.0,15.0,mnt_ordenes_trabajo_det,MOTD_00289,-1.0,-15.0
MST_000607,MANTENIMIENTO_SALIDA,2025-02-07,PROD_0015,DEP_0004,,0.0,1.0,26.0,0.0,26.0,mnt_ordenes_trabajo_det,MOTD_00290,-1.0,-26.0
MST_000197,CONSUMO_INSUMO,2025-02-08,PROD_0010,DEP_0001,,0.0,36.99,18.5745,0.0,687.07,erp_consumo_insumos,CONS_00054,-36.99,-687.07
MST_000418,MANTENIMIENTO_SALIDA,2025-02-09,PROD_0013,DEP_0004,,0.0,1.0,15.0,0.0,15.0,mnt_ordenes_trabajo_det,MOTD_00101,-1.0,-15.0
MST_000419,MANTENIMIENTO_SALIDA,2025-02-09,PROD_0015,DEP_0004,,0.0,1.0,26.0,0.0,26.0,mnt_ordenes_trabajo_det,MOTD_00102,-1.0,-26.0
MST_000544,MANTENIMIENTO_SALIDA,2025-02-10,PROD_0013,DEP_0004,,0.0,1.0,15.0,0.0,15.0,mnt_ordenes_trabajo_det,MOTD_00227,-1.0,-15.0
MST_000545,MANTENIMIENTO_SALIDA,2025-02-10,PROD_0015,DEP_0004,,0.0,1.0,26.0,0.0,26.0,mnt_ordenes_trabajo_det,MOTD_00228,-1.0,-26.0
MST_000482,MANTENIMIENTO_SALIDA,2025-02-12,PROD_0013,DEP_0004,,0.0,1.0,15.0,0.0,15.0,mnt_ordenes_trabajo_det,MOTD_00165,-1.0,-15.0
MST_000483,MANTENIMIENTO_SALIDA,2025-02-12,PROD_0015,DEP_0004,,0.0,1.0,26.0,0.0,26.0,mnt_ordenes_trabajo_det,MOTD_00166,-1.0,-26.0
MST_000766,MANTENIMIENTO_SALIDA,2025-02-13,PROD_0013,DEP_0004,,0.0,1.0,15.0,0.0,15.0,mnt_ordenes_trabajo_det,MOTD_00449,-1.0,-15.0
MST_000767,MANTENIMIENTO_SALIDA,2025-02-13,PROD_0015,DEP_0004,,0.0,1.0,26.0,0.0,26.0,mnt_ordenes_trabajo_det,MOTD_00450,-1.0,-26.0
MST_000229,CONSUMO_INSUMO,2025-02-14,PROD_0010,DEP_0001,,0.0,38.22,18.5745,0.0,709.92,erp_consumo_insumos,CONS_00086,-38.22,-709.92
MST_000704,MANTENIMIENTO_SALIDA,2025-02-15,PROD_0013,DEP_0004,,0.0,1.0,15.0,0.0,15.0,mnt_ordenes_trabajo_det,MOTD_00387,-1.0,-15.0
MST_000705,MANTENIMIENTO_SALIDA,2025-02-15,PROD_0015,DEP_0004,,0.0,1.0,26.0,0.0,26.0,mnt_ordenes_trabajo_det,MOTD_00388,-1.0,-26.0
MST_000608,MANTENIMIENTO_SALIDA,2025-03-04,PROD_0013,DEP_0004,,0.0,1.0,15.0,0.0,15.0,mnt_ordenes_trabajo_det,MOTD_00291,-1.0,-15.0
MST_000609,MANTENIMIENTO_SALIDA,2025-03-04,PROD_0015,DEP_0004,,0.0,1.0,26.0,0.0,26.0,mnt_ordenes_trabajo_det,MOTD_00292,-1.0,-26.0
MST_000420,MANTENIMIENTO_SALIDA,2025-03-06,PROD_0013,DEP_0004,,0.0,1.0,15.0,0.0,15.0,mnt_ordenes_trabajo_det,MOTD_00103,-1.0,-15.0
MST_000421,MANTENIMIENTO_SALIDA,2025-03-06,PROD_0015,DEP_0004,,0.0,1.0,26.0,0.0,26.0,mnt_ordenes_trabajo_det,MOTD_00104,-1.0,-26.0
MST_000768,MANTENIMIENTO_SALIDA,2025-03-06,PROD_0013,DEP_0004,,0.0,1.0,15.0,0.0,15.0,mnt_ordenes_trabajo_det,MOTD_00451,-1.0,-15.0
MST_000769,MANTENIMIENTO_SALIDA,2025-03-06,PROD_0015,DEP_0004,,0.0,1.0,26.0,0.0,26.0,mnt_ordenes_trabajo_det,MOTD_00452,-1.0,-26.0
MST_000358,MANTENIMIENTO_SALIDA,2025-03-08,PROD_0013,DEP_0004,,0.0,1.0,15.0,0.0,15.0,mnt_ordenes_trabajo_det,MOTD_00041,-1.0,-15.0
MST_000359,MANTENIMIENTO_SALIDA,2025-03-08,PROD_0015,DEP_0004,,0.0,1.0,26.0,0.0,26.0,mnt_ordenes_trabajo_det,MOTD_00042,-1.0,-26.0
MST_000546,MANTENIMIENTO_SALIDA,2025-03-10,PROD_0013,DEP_0004,,0.0,1.0,15.0,0.0,15.0,mnt_ordenes_trabajo_det,MOTD_00229,-1.0,-15.0
MST_000547,MANTENIMIENTO_SALIDA,2025-03-10,PROD_0015,DEP_0004,,0.0,1.0,26.0,0.0,26.0,mnt_ordenes_trabajo_det,MOTD_00230,-1.0,-26.0
MST_000706,MANTENIMIENTO_SALIDA,2025-03-12,PROD_0013,DEP_0004,,0.0,1.0,15.0,0.0,15.0,mnt_ordenes_trabajo_det,MOTD_00389,-1.0,-15.0
MST_000707,MANTENIMIENTO_SALIDA,2025-03-12,PROD_0015,DEP_0004,,0.0,1.0,26.0,0.0,26.0,mnt_ordenes_trabajo_det,MOTD_00390,-1.0,-26.0
MST_000484,MANTENIMIENTO_SALIDA,2025-03-13,PROD_0013,DEP_0004,,0.0,1.0,15.0,0.0,15.0,mnt_ordenes_trabajo_det,MOTD_00167,-1.0,-15.0
MST_000485,MANTENIMIENTO_SALIDA,2025-03-13,PROD_0015,DEP_0004,,0.0,1.0,26.0,0.0,26.0,mnt_ordenes_trabajo_det,MOTD_00168,-1.0,-26.0
MST_000650,MANTENIMIENTO_SALIDA,2025-03-13,PROD_0013,DEP_0004,,0.0,1.0,15.0,0.0,15.0,mnt_ordenes_trabajo_det,MOTD_00333,-1.0,-15.0
MST_000651,MANTENIMIENTO_SALIDA,2025-03-13,PROD_0015,DEP_0004,,0.0,1.0,26.0,0.0,26.0,mnt_ordenes_trabajo_det,MOTD_00334,-1.0,-26.0
MST_000610,MANTENIMIENTO_SALIDA,2025-04-02,PROD_0013,DEP_0004,,0.0,1.0,15.0,0.0,15.0,mnt_ordenes_trabajo_det,MOTD_00293,-1.0,-15.0
MST_000611,MANTENIMIENTO_SALIDA,2025-04-02,PROD_0015,DEP_0004,,0.0,1.0,26.0,0.0,26.0,mnt_ordenes_trabajo_det,MOTD_00294,-1.0,-26.0
MST_000261,COSECHA_INGRESO,2025-04-03,PROD_0001,DEP_0002,QLT_00014,2049.06,0.0,47.51,97350.84,0.0,erp_lotes_calidad,QLT_00014,2049.06,97350.84
MST_000548,MANTENIMIENTO_SALIDA,2025-04-03,PROD_0013,DEP_0004,,0.0,1.0,15.0,0.0,15.0,mnt_ordenes_trabajo_det,MOTD_00231,-1.0,-15.0
MST_000549,MANTENIMIENTO_SALIDA,2025-04-03,PROD_0015,DEP_0004,,0.0,1.0,26.0,0.0,26.0,mnt_ordenes_trabajo_det,MOTD_00232,-1.0,-26.0
MST_000422,MANTENIMIENTO_SALIDA,2025-04-05,PROD_0013,DEP_0004,,0.0,1.0,15.0,0.0,15.0,mnt_ordenes_trabajo_det,MOTD_00105,-1.0,-15.0
MST_000423,MANTENIMIENTO_SALIDA,2025-04-05,PROD_0015,DEP_0004,,0.0,1.0,26.0,0.0,26.0,mnt_ordenes_trabajo_det,MOTD_00106,-1.0,-26.0
MST_000486,MANTENIMIENTO_SALIDA,2025-04-08,PROD_0013,DEP_0004,,0.0,1.0,15.0,0.0,15.0,mnt_ordenes_trabajo_det,MOTD_00169,-1.0,-15.0
MST_000487,MANTENIMIENTO_SALIDA,2025-04-08,PROD_0015,DEP_0004,,0.0,1.0,26.0,0.0,26.0,mnt_ordenes_trabajo_det,MOTD_00170,-1.0,-26.0
MST_000360,MANTENIMIENTO_SALIDA,2025-04-09,PROD_0013,DEP_0004,,0.0,1.0,15.0,0.0,15.0,mnt_ordenes_trabajo_det,MOTD_00043,-1.0,-15.0
MST_000361,MANTENIMIENTO_SALIDA,2025-04-09,PROD_0015,DEP_0004,,0.0,1.0,26.0,0.0,26.0,mnt_ordenes_trabajo_det,MOTD_00044,-1.0,-26.0
MST_000708,MANTENIMIENTO_SALIDA,2025-04-09,PROD_0013,DEP_0004,,0.0,1.0,15.0,0.0,15.0,mnt_ordenes_trabajo_det,MOTD_00391,-1.0,-15.0
MST_000709,MANTENIMIENTO_SALIDA,2025-04-09,PROD_0015,DEP_0004,,0.0,1.0,26.0,0.0,26.0,mnt_ordenes_trabajo_det,MOTD_00392,-1.0,-26.0
MST_000265,COSECHA_INGRESO,2025-04-10,PROD_0001,DEP_0003,QLT_00018,1605.77,0.0,48.49,77863.79,0.0,erp_lotes_calidad,QLT_00018,1605.77,77863.79
MST_000770,MANTENIMIENTO_SALIDA,2025-04-10,PROD_0013,DEP_0004,,0.0,1.0,15.0,0.0,15.0,mnt_ordenes_trabajo_det,MOTD_00453,-1.0,-15.0
MST_000771,MANTENIMIENTO_SALIDA,2025-04-10,PROD_0015,DEP_0004,,0.0,1.0,26.0,0.0,26.0,mnt_ordenes_trabajo_det,MOTD_00454,-1.0,-26.0
MST_000271,COSECHA_INGRESO,2025-04-12,PROD_0001,DEP_0003,QLT_00024,1144.47,0.0,56.91,65131.79,0.0,erp_lotes_calidad,QLT_00024,1144.47,65131.79
MST_000262,COSECHA_INGRESO,2025-04-22,PROD_0001,DEP_0003,QLT_00015,872.54,0.0,53.88,47012.46,0.0,erp_lotes_calidad,QLT_00015,872.54,47012.46
MST_000264,COSECHA_INGRESO,2025-04-22,PROD_0001,DEP_0002,QLT_00017,917.41,0.0,56.45,51787.79,0.0,erp_lotes_calidad,QLT_00017,917.41,51787.79
MST_000269,COSECHA_INGRESO,2025-04-23,PROD_0001,DEP_0002,QLT_00022,1099.14,0.0,53.93,59276.62,0.0,erp_lotes_calidad,QLT_00022,1099.14,59276.62
MST_000304,VENTA_SALIDA,2025-04-26,PROD_0001,DEP_0003,QLT_00018,0.0,581.26,48.49,0.0,28185.3,erp_despachos_venta_det,DESPD_00033,-581.26,-28185.3
MST_000266,COSECHA_INGRESO,2025-05-05,PROD_0002,DEP_0002,QLT_00019,781.34,0.0,76.66,59897.52,0.0,erp_lotes_calidad,QLT_00019,781.34,59897.52
MST_000488,MANTENIMIENTO_SALIDA,2025-05-05,PROD_0013,DEP_0004,,0.0,1.0,15.0,0.0,15.0,mnt_ordenes_trabajo_det,MOTD_00171,-1.0,-15.0
MST_000489,MANTENIMIENTO_SALIDA,2025-05-05,PROD_0015,DEP_0004,,0.0,1.0,26.0,0.0,26.0,mnt_ordenes_trabajo_det,MOTD_00172,-1.0,-26.0
MST_000612,MANTENIMIENTO_SALIDA,2025-05-05,PROD_0013,DEP_0004,,0.0,1.0,15.0,0.0,15.0,mnt_ordenes_trabajo_det,MOTD_00295,-1.0,-15.0
MST_000613,MANTENIMIENTO_SALIDA,2025-05-05,PROD_0015,DEP_0004,,0.0,1.0,26.0,0.0,26.0,mnt_ordenes_trabajo_det,MOTD_00296,-1.0,-26.0
MST_000260,COSECHA_INGRESO,2025-05-06,PROD_0002,DEP_0003,QLT_00013,520.17,0.0,77.39,40255.96,0.0,erp_lotes_calidad,QLT_00013,520.17,40255.96
MST_000424,MANTENIMIENTO_SALIDA,2025-05-06,PROD_0013,DEP_0004,,0.0,1.0,15.0,0.0,15.0,mnt_ordenes_trabajo_det,MOTD_00107,-1.0,-15.0
MST_000425,MANTENIMIENTO_SALIDA,2025-05-06,PROD_0015,DEP_0004,,0.0,1.0,26.0,0.0,26.0,mnt_ordenes_trabajo_det,MOTD_00108,-1.0,-26.0
MST_000652,MANTENIMIENTO_SALIDA,2025-05-07,PROD_0013,DEP_0004,,0.0,1.0,15.0,0.0,15.0,mnt_ordenes_trabajo_det,MOTD_00335,-1.0,-15.0
MST_000653,MANTENIMIENTO_SALIDA,2025-05-07,PROD_0015,DEP_0004,,0.0,1.0,26.0,0.0,26.0,mnt_ordenes_trabajo_det,MOTD_00336,-1.0,-26.0
MST_000550,MANTENIMIENTO_SALIDA,2025-05-09,PROD_0013,DEP_0004,,0.0,1.0,15.0,0.0,15.0,mnt_ordenes_trabajo_det,MOTD_00233,-1.0,-15.0
MST_000551,MANTENIMIENTO_SALIDA,2025-05-09,PROD_0015,DEP_0004,,0.0,1.0,26.0,0.0,26.0,mnt_ordenes_trabajo_det,MOTD_00234,-1.0,-26.0
MST_000362,MANTENIMIENTO_SALIDA,2025-05-11,PROD_0013,DEP_0004,,0.0,1.0,15.0,0.0,15.0,mnt_ordenes_trabajo_det,MOTD_00045,-1.0,-15.0
MST_000363,MANTENIMIENTO_SALIDA,2025-05-11,PROD_0015,DEP_0004,,0.0,1.0,26.0,0.0,26.0,mnt_ordenes_trabajo_det,MOTD_00046,-1.0,-26.0
MST_000710,MANTENIMIENTO_SALIDA,2025-05-12,PROD_0013,DEP_0004,,0.0,1.0,15.0,0.0,15.0,mnt_ordenes_trabajo_det,MOTD_00393,-1.0,-15.0
MST_000711,MANTENIMIENTO_SALIDA,2025-05-12,PROD_0015,DEP_0004,,0.0,1.0,26.0,0.0,26.0,mnt_ordenes_trabajo_det,MOTD_00394,-1.0,-26.0
MST_000270,COSECHA_INGRESO,2025-05-13,PROD_0002,DEP_0002,QLT_00023,318.06,0.0,92.09,29290.15,0.0,erp_lotes_calidad,QLT_00023,318.06,29290.15
MST_000311,VENTA_SALIDA,2025-05-15,PROD_0001,DEP_0002,QLT_00022,0.0,248.03,53.93,0.0,13376.26,erp_despachos_venta_det,DESPD_00040,-248.03,-13376.26
MST_000772,MANTENIMIENTO_SALIDA,2025-05-15,PROD_0013,DEP_0004,,0.0,1.0,15.0,0.0,15.0,mnt_ordenes_trabajo_det,MOTD_00455,-1.0,-15.0
MST_000773,MANTENIMIENTO_SALIDA,2025-05-15,PROD_0015,DEP_0004,,0.0,1.0,26.0,0.0,26.0,mnt_ordenes_trabajo_det,MOTD_00456,-1.0,-26.0
MST_000295,VENTA_SALIDA,2025-05-17,PROD_0001,DEP_0002,QLT_00014,0.0,569.47,47.51,0.0,27055.52,erp_despachos_venta_det,DESPD_00024,-569.47,-27055.52
MST_000107,COMPRA_INGRESO,2025-05-19,PROD_0006,DEP_0001,,24172.16,0.0,0.69,16678.79,0.0,erp_recepciones_compra_det,RCD_00107,24172.16,16678.79
MST_000315,VENTA_SALIDA,2025-05-19,PROD_0001,DEP_0003,QLT_00024,0.0,353.91,56.91,0.0,20141.02,erp_despachos_venta_det,DESPD_00044,-353.91,-20141.02
MST_000298,VENTA_SALIDA,2025-05-21,PROD_0001,DEP_0003,QLT_00015,0.0,245.0,53.88,0.0,13200.6,erp_despachos_venta_det,DESPD_00027,-245.0,-13200.6
MST_000267,COSECHA_INGRESO,2025-05-23,PROD_0002,DEP_0002,QLT_00020,400.34,0.0,101.41,40598.48,0.0,erp_lotes_calidad,QLT_00020,400.34,40598.48
MST_000080,COMPRA_INGRESO,2025-05-27,PROD_0006,DEP_0001,,23535.94,0.0,0.7183,16905.87,0.0,erp_recepciones_compra_det,RCD_00080,23535.94,16905.87
MST_000084,COMPRA_INGRESO,2025-05-29,PROD_0012,DEP_0001,,3420.41,0.0,1.1774,4027.19,0.0,erp_recepciones_compra_det,RCD_00084,3420.41,4027.19
MST_000111,COMPRA_INGRESO,2025-05-30,PROD_0012,DEP_0001,,3581.99,0.0,1.2447,4458.5,0.0,erp_recepciones_compra_det,RCD_00111,3581.99,4458.5
MST_000301,VENTA_SALIDA,2025-06-02,PROD_0001,DEP_0002,QLT_00017,0.0,304.67,56.45,0.0,17198.62,erp_despachos_venta_det,DESPD_00030,-304.67,-17198.62
MST_000306,VENTA_SALIDA,2025-06-03,PROD_0002,DEP_0002,QLT_00019,0.0,187.73,76.66,0.0,14391.38,erp_despachos_venta_det,DESPD_00035,-187.73,-14391.38
MST_000552,MANTENIMIENTO_SALIDA,2025-06-07,PROD_0013,DEP_0004,,0.0,1.0,15.0,0.0,15.0,mnt_ordenes_trabajo_det,MOTD_00235,-1.0,-15.0
MST_000553,MANTENIMIENTO_SALIDA,2025-06-07,PROD_0015,DEP_0004,,0.0,1.0,26.0,0.0,26.0,mnt_ordenes_trabajo_det,MOTD_00236,-1.0,-26.0
MST_000364,MANTENIMIENTO_SALIDA,2025-06-08,PROD_0013,DEP_0004,,0.0,1.0,15.0,0.0,15.0,mnt_ordenes_trabajo_det,MOTD_00047,-1.0,-15.0
MST_000365,MANTENIMIENTO_SALIDA,2025-06-08,PROD_0015,DEP_0004,,0.0,1.0,26.0,0.0,26.0,mnt_ordenes_trabajo_det,MOTD_00048,-1.0,-26.0
MST_000712,MANTENIMIENTO_SALIDA,2025-06-08,PROD_0013,DEP_0004,,0.0,1.0,15.0,0.0,15.0,mnt_ordenes_trabajo_det,MOTD_00395,-1.0,-15.0
MST_000713,MANTENIMIENTO_SALIDA,2025-06-08,PROD_0015,DEP_0004,,0.0,1.0,26.0,0.0,26.0,mnt_ordenes_trabajo_det,MOTD_00396,-1.0,-26.0
MST_000294,VENTA_SALIDA,2025-06-09,PROD_0002,DEP_0003,QLT_00013,0.0,440.86,77.39,0.0,34118.16,erp_despachos_venta_det,DESPD_00023,-440.86,-34118.16
MST_000208,CONSUMO_INSUMO,2025-06-10,PROD_0006,DEP_0001,,0.0,21756.0,0.7014,0.0,15259.66,erp_consumo_insumos,CONS_00065,-21756.0,-15259.66
MST_000774,MANTENIMIENTO_SALIDA,2025-06-10,PROD_0013,DEP_0004,,0.0,1.0,15.0,0.0,15.0,mnt_ordenes_trabajo_det,MOTD_00457,-1.0,-15.0
MST_000775,MANTENIMIENTO_SALIDA,2025-06-10,PROD_0015,DEP_0004,,0.0,1.0,26.0,0.0,26.0,mnt_ordenes_trabajo_det,MOTD_00458,-1.0,-26.0
MST_000490,MANTENIMIENTO_SALIDA,2025-06-11,PROD_0013,DEP_0004,,0.0,1.0,15.0,0.0,15.0,mnt_ordenes_trabajo_det,MOTD_00173,-1.0,-15.0
MST_000491,MANTENIMIENTO_SALIDA,2025-06-11,PROD_0015,DEP_0004,,0.0,1.0,26.0,0.0,26.0,mnt_ordenes_trabajo_det,MOTD_00174,-1.0,-26.0
MST_000426,MANTENIMIENTO_SALIDA,2025-06-13,PROD_0013,DEP_0004,,0.0,1.0,15.0,0.0,15.0,mnt_ordenes_trabajo_det,MOTD_00109,-1.0,-15.0
MST_000427,MANTENIMIENTO_SALIDA,2025-06-13,PROD_0015,DEP_0004,,0.0,1.0,26.0,0.0,26.0,mnt_ordenes_trabajo_det,MOTD_00110,-1.0,-26.0
MST_000614,MANTENIMIENTO_SALIDA,2025-06-14,PROD_0013,DEP_0004,,0.0,1.0,15.0,0.0,15.0,mnt_ordenes_trabajo_det,MOTD_00297,-1.0,-15.0
MST_000615,MANTENIMIENTO_SALIDA,2025-06-14,PROD_0015,DEP_0004,,0.0,1.0,26.0,0.0,26.0,mnt_ordenes_trabajo_det,MOTD_00298,-1.0,-26.0
MST_000308,VENTA_SALIDA,2025-06-15,PROD_0002,DEP_0002,QLT_00020,0.0,137.32,101.41,0.0,13925.62,erp_despachos_venta_det,DESPD_00037,-137.32,-13925.62
MST_000230,CONSUMO_INSUMO,2025-06-20,PROD_0006,DEP_0001,,0.0,22260.0,0.7014,0.0,15613.16,erp_consumo_insumos,CONS_00087,-22260.0,-15613.16
MST_000296,VENTA_SALIDA,2025-06-24,PROD_0001,DEP_0002,QLT_00014,0.0,564.34,47.51,0.0,26811.79,erp_despachos_venta_det,DESPD_00025,-564.34,-26811.79
MST_000302,VENTA_SALIDA,2025-06-29,PROD_0001,DEP_0002,QLT_00017,0.0,211.76,56.45,0.0,11953.85,erp_despachos_venta_det,DESPD_00031,-211.76,-11953.85
MST_000314,VENTA_SALIDA,2025-06-30,PROD_0002,DEP_0002,QLT_00023,0.0,264.44,92.09,0.0,24352.28,erp_despachos_venta_det,DESPD_00043,-264.44,-24352.28
MST_000616,MANTENIMIENTO_SALIDA,2025-07-03,PROD_0013,DEP_0004,,0.0,1.0,15.0,0.0,15.0,mnt_ordenes_trabajo_det,MOTD_00299,-1.0,-15.0
MST_000617,MANTENIMIENTO_SALIDA,2025-07-03,PROD_0015,DEP_0004,,0.0,1.0,26.0,0.0,26.0,mnt_ordenes_trabajo_det,MOTD_00300,-1.0,-26.0
MST_000662,MANTENIMIENTO_SALIDA,2025-07-03,PROD_0014,DEP_0004,,0.0,2.0,42.0,0.0,84.0,mnt_ordenes_trabajo_det,MOTD_00345,-2.0,-84.0
MST_000663,MANTENIMIENTO_SALIDA,2025-07-03,PROD_0015,DEP_0004,,0.0,2.0,26.0,0.0,52.0,mnt_ordenes_trabajo_det,MOTD_00346,-2.0,-52.0
MST_000428,MANTENIMIENTO_SALIDA,2025-07-04,PROD_0013,DEP_0004,,0.0,1.0,15.0,0.0,15.0,mnt_ordenes_trabajo_det,MOTD_00111,-1.0,-15.0
MST_000429,MANTENIMIENTO_SALIDA,2025-07-04,PROD_0015,DEP_0004,,0.0,1.0,26.0,0.0,26.0,mnt_ordenes_trabajo_det,MOTD_00112,-1.0,-26.0
MST_000554,MANTENIMIENTO_SALIDA,2025-07-05,PROD_0013,DEP_0004,,0.0,1.0,15.0,0.0,15.0,mnt_ordenes_trabajo_det,MOTD_00237,-1.0,-15.0
MST_000555,MANTENIMIENTO_SALIDA,2025-07-05,PROD_0015,DEP_0004,,0.0,1.0,26.0,0.0,26.0,mnt_ordenes_trabajo_det,MOTD_00238,-1.0,-26.0
MST_000654,MANTENIMIENTO_SALIDA,2025-07-05,PROD_0013,DEP_0004,,0.0,1.0,15.0,0.0,15.0,mnt_ordenes_trabajo_det,MOTD_00337,-1.0,-15.0
MST_000655,MANTENIMIENTO_SALIDA,2025-07-05,PROD_0015,DEP_0004,,0.0,1.0,26.0,0.0,26.0,mnt_ordenes_trabajo_det,MOTD_00338,-1.0,-26.0
MST_000776,MANTENIMIENTO_SALIDA,2025-07-07,PROD_0013,DEP_0004,,0.0,1.0,15.0,0.0,15.0,mnt_ordenes_trabajo_det,MOTD_00459,-1.0,-15.0
MST_000777,MANTENIMIENTO_SALIDA,2025-07-07,PROD_0015,DEP_0004,,0.0,1.0,26.0,0.0,26.0,mnt_ordenes_trabajo_det,MOTD_00460,-1.0,-26.0
MST_000135,COMPRA_INGRESO,2025-07-08,PROD_0012,DEP_0001,,3924.92,0.0,1.1925,4680.47,0.0,erp_recepciones_compra_det,RCD_00135,3924.92,4680.47
MST_000714,MANTENIMIENTO_SALIDA,2025-07-08,PROD_0013,DEP_0004,,0.0,1.0,15.0,0.0,15.0,mnt_ordenes_trabajo_det,MOTD_00397,-1.0,-15.0
MST_000715,MANTENIMIENTO_SALIDA,2025-07-08,PROD_0015,DEP_0004,,0.0,1.0,26.0,0.0,26.0,mnt_ordenes_trabajo_det,MOTD_00398,-1.0,-26.0
MST_000316,VENTA_SALIDA,2025-07-10,PROD_0001,DEP_0003,QLT_00024,0.0,396.42,56.91,0.0,22560.26,erp_despachos_venta_det,DESPD_00045,-396.42,-22560.26
MST_000492,MANTENIMIENTO_SALIDA,2025-07-12,PROD_0013,DEP_0004,,0.0,1.0,15.0,0.0,15.0,mnt_ordenes_trabajo_det,MOTD_00175,-1.0,-15.0
MST_000493,MANTENIMIENTO_SALIDA,2025-07-12,PROD_0015,DEP_0004,,0.0,1.0,26.0,0.0,26.0,mnt_ordenes_trabajo_det,MOTD_00176,-1.0,-26.0
MST_000664,MANTENIMIENTO_SALIDA,2025-07-12,PROD_0014,DEP_0004,,0.0,2.0,42.0,0.0,84.0,mnt_ordenes_trabajo_det,MOTD_00347,-2.0,-84.0
MST_000665,MANTENIMIENTO_SALIDA,2025-07-12,PROD_0015,DEP_0004,,0.0,2.0,26.0,0.0,52.0,mnt_ordenes_trabajo_det,MOTD_00348,-2.0,-52.0
MST_000366,MANTENIMIENTO_SALIDA,2025-07-13,PROD_0013,DEP_0004,,0.0,1.0,15.0,0.0,15.0,mnt_ordenes_trabajo_det,MOTD_00049,-1.0,-15.0
MST_000367,MANTENIMIENTO_SALIDA,2025-07-13,PROD_0015,DEP_0004,,0.0,1.0,26.0,0.0,26.0,mnt_ordenes_trabajo_det,MOTD_00050,-1.0,-26.0
MST_000312,VENTA_SALIDA,2025-07-22,PROD_0001,DEP_0002,QLT_00022,0.0,387.54,53.93,0.0,20900.03,erp_despachos_venta_det,DESPD_00041,-387.54,-20900.03
MST_000305,VENTA_SALIDA,2025-07-25,PROD_0001,DEP_0003,QLT_00018,0.0,826.1,48.49,0.0,40057.59,erp_despachos_venta_det,DESPD_00034,-826.1,-40057.59
MST_000556,MANTENIMIENTO_SALIDA,2025-08-04,PROD_0013,DEP_0004,,0.0,1.0,15.0,0.0,15.0,mnt_ordenes_trabajo_det,MOTD_00239,-1.0,-15.0
MST_000557,MANTENIMIENTO_SALIDA,2025-08-04,PROD_0015,DEP_0004,,0.0,1.0,26.0,0.0,26.0,mnt_ordenes_trabajo_det,MOTD_00240,-1.0,-26.0
MST_000618,MANTENIMIENTO_SALIDA,2025-08-07,PROD_0013,DEP_0004,,0.0,1.0,15.0,0.0,15.0,mnt_ordenes_trabajo_det,MOTD_00301,-1.0,-15.0
MST_000619,MANTENIMIENTO_SALIDA,2025-08-07,PROD_0015,DEP_0004,,0.0,1.0,26.0,0.0,26.0,mnt_ordenes_trabajo_det,MOTD_00302,-1.0,-26.0
MST_000368,MANTENIMIENTO_SALIDA,2025-08-09,PROD_0013,DEP_0004,,0.0,1.0,15.0,0.0,15.0,mnt_ordenes_trabajo_det,MOTD_00051,-1.0,-15.0
MST_000369,MANTENIMIENTO_SALIDA,2025-08-09,PROD_0015,DEP_0004,,0.0,1.0,26.0,0.0,26.0,mnt_ordenes_trabajo_det,MOTD_00052,-1.0,-26.0
MST_000494,MANTENIMIENTO_SALIDA,2025-08-13,PROD_0013,DEP_0004,,0.0,1.0,15.0,0.0,15.0,mnt_ordenes_trabajo_det,MOTD_00177,-1.0,-15.0
MST_000495,MANTENIMIENTO_SALIDA,2025-08-13,PROD_0015,DEP_0004,,0.0,1.0,26.0,0.0,26.0,mnt_ordenes_trabajo_det,MOTD_00178,-1.0,-26.0
MST_000716,MANTENIMIENTO_SALIDA,2025-08-13,PROD_0013,DEP_0004,,0.0,1.0,15.0,0.0,15.0,mnt_ordenes_trabajo_det,MOTD_00399,-1.0,-15.0
MST_000717,MANTENIMIENTO_SALIDA,2025-08-13,PROD_0015,DEP_0004,,0.0,1.0,26.0,0.0,26.0,mnt_ordenes_trabajo_det,MOTD_00400,-1.0,-26.0
MST_000297,VENTA_SALIDA,2025-08-14,PROD_0001,DEP_0002,QLT_00014,0.0,366.24,47.51,0.0,17400.06,erp_despachos_venta_det,DESPD_00026,-366.24,-17400.06
MST_000430,MANTENIMIENTO_SALIDA,2025-08-14,PROD_0013,DEP_0004,,0.0,1.0,15.0,0.0,15.0,mnt_ordenes_trabajo_det,MOTD_00113,-1.0,-15.0
MST_000431,MANTENIMIENTO_SALIDA,2025-08-14,PROD_0015,DEP_0004,,0.0,1.0,26.0,0.0,26.0,mnt_ordenes_trabajo_det,MOTD_00114,-1.0,-26.0
MST_000778,MANTENIMIENTO_SALIDA,2025-08-14,PROD_0013,DEP_0004,,0.0,1.0,15.0,0.0,15.0,mnt_ordenes_trabajo_det,MOTD_00461,-1.0,-15.0
MST_000779,MANTENIMIENTO_SALIDA,2025-08-14,PROD_0015,DEP_0004,,0.0,1.0,26.0,0.0,26.0,mnt_ordenes_trabajo_det,MOTD_00462,-1.0,-26.0
MST_000790,MANTENIMIENTO_SALIDA,2025-08-16,PROD_0014,DEP_0004,,0.0,2.0,42.0,0.0,84.0,mnt_ordenes_trabajo_det,MOTD_00473,-2.0,-84.0
MST_000791,MANTENIMIENTO_SALIDA,2025-08-16,PROD_0015,DEP_0004,,0.0,1.0,26.0,0.0,26.0,mnt_ordenes_trabajo_det,MOTD_00474,-1.0,-26.0
MST_000299,VENTA_SALIDA,2025-08-18,PROD_0001,DEP_0003,QLT_00015,0.0,471.49,53.88,0.0,25403.88,erp_despachos_venta_det,DESPD_00028,-471.49,-25403.88
MST_000136,COMPRA_INGRESO,2025-08-25,PROD_0012,DEP_0001,,3688.23,0.0,1.2159,4484.52,0.0,erp_recepciones_compra_det,RCD_00137,3688.23,4484.52
MST_000138,COMPRA_INGRESO,2025-08-30,PROD_0015,DEP_0004,,31.61,0.0,25.6563,811.0,0.0,erp_recepciones_compra_det,RCD_00140,31.61,811.0
MST_000137,COMPRA_INGRESO,2025-09-02,PROD_0013,DEP_0004,,30.51,0.0,16.3236,498.03,0.0,erp_recepciones_compra_det,RCD_00139,30.51,498.03
MST_000726,MANTENIMIENTO_SALIDA,2025-09-02,PROD_0014,DEP_0004,,0.0,1.0,42.0,0.0,42.0,mnt_ordenes_trabajo_det,MOTD_00409,-1.0,-42.0
MST_000727,MANTENIMIENTO_SALIDA,2025-09-02,PROD_0015,DEP_0004,,0.0,1.0,26.0,0.0,26.0,mnt_ordenes_trabajo_det,MOTD_00410,-1.0,-26.0
MST_000317,VENTA_SALIDA,2025-09-04,PROD_0001,DEP_0003,QLT_00024,0.0,165.91,56.91,0.0,9441.94,erp_despachos_venta_det,DESPD_00046,-165.91,-9441.94
MST_000656,MANTENIMIENTO_SALIDA,2025-09-04,PROD_0013,DEP_0004,,0.0,1.0,15.0,0.0,15.0,mnt_ordenes_trabajo_det,MOTD_00339,-1.0,-15.0
MST_000657,MANTENIMIENTO_SALIDA,2025-09-04,PROD_0015,DEP_0004,,0.0,1.0,26.0,0.0,26.0,mnt_ordenes_trabajo_det,MOTD_00340,-1.0,-26.0
MST_000432,MANTENIMIENTO_SALIDA,2025-09-05,PROD_0013,DEP_0004,,0.0,1.0,15.0,0.0,15.0,mnt_ordenes_trabajo_det,MOTD_00115,-1.0,-15.0
MST_000433,MANTENIMIENTO_SALIDA,2025-09-05,PROD_0015,DEP_0004,,0.0,1.0,26.0,0.0,26.0,mnt_ordenes_trabajo_det,MOTD_00116,-1.0,-26.0
MST_000620,MANTENIMIENTO_SALIDA,2025-09-05,PROD_0013,DEP_0004,,0.0,1.0,15.0,0.0,15.0,mnt_ordenes_trabajo_det,MOTD_00303,-1.0,-15.0
MST_000621,MANTENIMIENTO_SALIDA,2025-09-05,PROD_0015,DEP_0004,,0.0,1.0,26.0,0.0,26.0,mnt_ordenes_trabajo_det,MOTD_00304,-1.0,-26.0
MST_000558,MANTENIMIENTO_SALIDA,2025-09-06,PROD_0013,DEP_0004,,0.0,1.0,15.0,0.0,15.0,mnt_ordenes_trabajo_det,MOTD_00241,-1.0,-15.0
MST_000559,MANTENIMIENTO_SALIDA,2025-09-06,PROD_0015,DEP_0004,,0.0,1.0,26.0,0.0,26.0,mnt_ordenes_trabajo_det,MOTD_00242,-1.0,-26.0
MST_000370,MANTENIMIENTO_SALIDA,2025-09-07,PROD_0013,DEP_0004,,0.0,1.0,15.0,0.0,15.0,mnt_ordenes_trabajo_det,MOTD_00053,-1.0,-15.0
MST_000371,MANTENIMIENTO_SALIDA,2025-09-07,PROD_0015,DEP_0004,,0.0,1.0,26.0,0.0,26.0,mnt_ordenes_trabajo_det,MOTD_00054,-1.0,-26.0
MST_000303,VENTA_SALIDA,2025-09-10,PROD_0001,DEP_0002,QLT_00017,0.0,241.24,56.45,0.0,13618.0,erp_despachos_venta_det,DESPD_00032,-241.24,-13618.0
MST_000313,VENTA_SALIDA,2025-09-11,PROD_0001,DEP_0002,QLT_00022,0.0,277.19,53.93,0.0,14948.86,erp_despachos_venta_det,DESPD_00042,-277.19,-14948.86
MST_000496,MANTENIMIENTO_SALIDA,2025-09-12,PROD_0013,DEP_0004,,0.0,1.0,15.0,0.0,15.0,mnt_ordenes_trabajo_det,MOTD_00179,-1.0,-15.0
MST_000497,MANTENIMIENTO_SALIDA,2025-09-12,PROD_0015,DEP_0004,,0.0,1.0,26.0,0.0,26.0,mnt_ordenes_trabajo_det,MOTD_00180,-1.0,-26.0
MST_000718,MANTENIMIENTO_SALIDA,2025-09-13,PROD_0013,DEP_0004,,0.0,1.0,15.0,0.0,15.0,mnt_ordenes_trabajo_det,MOTD_00401,-1.0,-15.0
MST_000719,MANTENIMIENTO_SALIDA,2025-09-13,PROD_0015,DEP_0004,,0.0,1.0,26.0,0.0,26.0,mnt_ordenes_trabajo_det,MOTD_00402,-1.0,-26.0
MST_000780,MANTENIMIENTO_SALIDA,2025-09-15,PROD_0013,DEP_0004,,0.0,1.0,15.0,0.0,15.0,mnt_ordenes_trabajo_det,MOTD_00463,-1.0,-15.0
MST_000781,MANTENIMIENTO_SALIDA,2025-09-15,PROD_0015,DEP_0004,,0.0,1.0,26.0,0.0,26.0,mnt_ordenes_trabajo_det,MOTD_00464,-1.0,-26.0
MST_000139,COMPRA_INGRESO,2025-09-17,PROD_0012,DEP_0001,,3434.33,0.0,1.1304,3882.17,0.0,erp_recepciones_compra_det,RCD_00141,3434.33,3882.17
MST_000307,VENTA_SALIDA,2025-09-23,PROD_0002,DEP_0002,QLT_00019,0.0,412.48,76.66,0.0,31620.72,erp_despachos_venta_det,DESPD_00036,-412.48,-31620.72
MST_000372,MANTENIMIENTO_SALIDA,2025-10-05,PROD_0013,DEP_0004,,0.0,1.0,15.0,0.0,15.0,mnt_ordenes_trabajo_det,MOTD_00055,-1.0,-15.0
MST_000373,MANTENIMIENTO_SALIDA,2025-10-05,PROD_0015,DEP_0004,,0.0,1.0,26.0,0.0,26.0,mnt_ordenes_trabajo_det,MOTD_00056,-1.0,-26.0
MST_000140,COMPRA_INGRESO,2025-10-08,PROD_0012,DEP_0001,,5415.74,0.0,1.1635,6301.21,0.0,erp_recepciones_compra_det,RCD_00143,5415.74,6301.21
MST_000782,MANTENIMIENTO_SALIDA,2025-10-09,PROD_0013,DEP_0004,,0.0,1.0,15.0,0.0,15.0,mnt_ordenes_trabajo_det,MOTD_00465,-1.0,-15.0
MST_000783,MANTENIMIENTO_SALIDA,2025-10-09,PROD_0015,DEP_0004,,0.0,1.0,26.0,0.0,26.0,mnt_ordenes_trabajo_det,MOTD_00466,-1.0,-26.0
MST_000142,COMPRA_INGRESO,2025-10-11,PROD_0015,DEP_0004,,37.89,0.0,27.2841,1033.79,0.0,erp_recepciones_compra_det,RCD_00146,37.89,1033.79
MST_000141,COMPRA_INGRESO,2025-10-12,PROD_0013,DEP_0004,,33.13,0.0,16.779,555.89,0.0,erp_recepciones_compra_det,RCD_00145,33.13,555.89
MST_000498,MANTENIMIENTO_SALIDA,2025-10-12,PROD_0013,DEP_0004,,0.0,1.0,15.0,0.0,15.0,mnt_ordenes_trabajo_det,MOTD_00181,-1.0,-15.0
MST_000499,MANTENIMIENTO_SALIDA,2025-10-12,PROD_0015,DEP_0004,,0.0,1.0,26.0,0.0,26.0,mnt_ordenes_trabajo_det,MOTD_00182,-1.0,-26.0
MST_000560,MANTENIMIENTO_SALIDA,2025-10-12,PROD_0013,DEP_0004,,0.0,1.0,15.0,0.0,15.0,mnt_ordenes_trabajo_det,MOTD_00243,-1.0,-15.0
MST_000561,MANTENIMIENTO_SALIDA,2025-10-12,PROD_0015,DEP_0004,,0.0,1.0,26.0,0.0,26.0,mnt_ordenes_trabajo_det,MOTD_00244,-1.0,-26.0
MST_000309,VENTA_SALIDA,2025-10-13,PROD_0002,DEP_0002,QLT_00020,0.0,225.39,101.41,0.0,22856.8,erp_despachos_venta_det,DESPD_00038,-225.39,-22856.8
MST_000720,MANTENIMIENTO_SALIDA,2025-10-13,PROD_0013,DEP_0004,,0.0,1.0,15.0,0.0,15.0,mnt_ordenes_trabajo_det,MOTD_00403,-1.0,-15.0
MST_000721,MANTENIMIENTO_SALIDA,2025-10-13,PROD_0015,DEP_0004,,0.0,1.0,26.0,0.0,26.0,mnt_ordenes_trabajo_det,MOTD_00404,-1.0,-26.0
MST_000434,MANTENIMIENTO_SALIDA,2025-10-14,PROD_0013,DEP_0004,,0.0,1.0,15.0,0.0,15.0,mnt_ordenes_trabajo_det,MOTD_00117,-1.0,-15.0
MST_000435,MANTENIMIENTO_SALIDA,2025-10-14,PROD_0015,DEP_0004,,0.0,1.0,26.0,0.0,26.0,mnt_ordenes_trabajo_det,MOTD_00118,-1.0,-26.0
MST_000622,MANTENIMIENTO_SALIDA,2025-10-14,PROD_0013,DEP_0004,,0.0,1.0,15.0,0.0,15.0,mnt_ordenes_trabajo_det,MOTD_00305,-1.0,-15.0
MST_000623,MANTENIMIENTO_SALIDA,2025-10-14,PROD_0015,DEP_0004,,0.0,1.0,26.0,0.0,26.0,mnt_ordenes_trabajo_det,MOTD_00306,-1.0,-26.0
MST_000442,MANTENIMIENTO_SALIDA,2025-11-03,PROD_0014,DEP_0004,,0.0,2.0,42.0,0.0,84.0,mnt_ordenes_trabajo_det,MOTD_00125,-2.0,-84.0
MST_000443,MANTENIMIENTO_SALIDA,2025-11-03,PROD_0015,DEP_0004,,0.0,1.0,26.0,0.0,26.0,mnt_ordenes_trabajo_det,MOTD_00126,-1.0,-26.0
MST_000624,MANTENIMIENTO_SALIDA,2025-11-03,PROD_0013,DEP_0004,,0.0,1.0,15.0,0.0,15.0,mnt_ordenes_trabajo_det,MOTD_00307,-1.0,-15.0
MST_000625,MANTENIMIENTO_SALIDA,2025-11-03,PROD_0015,DEP_0004,,0.0,1.0,26.0,0.0,26.0,mnt_ordenes_trabajo_det,MOTD_00308,-1.0,-26.0
MST_000436,MANTENIMIENTO_SALIDA,2025-11-05,PROD_0013,DEP_0004,,0.0,1.0,15.0,0.0,15.0,mnt_ordenes_trabajo_det,MOTD_00119,-1.0,-15.0
MST_000437,MANTENIMIENTO_SALIDA,2025-11-05,PROD_0015,DEP_0004,,0.0,1.0,26.0,0.0,26.0,mnt_ordenes_trabajo_det,MOTD_00120,-1.0,-26.0
MST_000658,MANTENIMIENTO_SALIDA,2025-11-05,PROD_0013,DEP_0004,,0.0,1.0,15.0,0.0,15.0,mnt_ordenes_trabajo_det,MOTD_00341,-1.0,-15.0
MST_000659,MANTENIMIENTO_SALIDA,2025-11-05,PROD_0015,DEP_0004,,0.0,1.0,26.0,0.0,26.0,mnt_ordenes_trabajo_det,MOTD_00342,-1.0,-26.0
MST_000374,MANTENIMIENTO_SALIDA,2025-11-06,PROD_0013,DEP_0004,,0.0,1.0,15.0,0.0,15.0,mnt_ordenes_trabajo_det,MOTD_00057,-1.0,-15.0
MST_000375,MANTENIMIENTO_SALIDA,2025-11-06,PROD_0015,DEP_0004,,0.0,1.0,26.0,0.0,26.0,mnt_ordenes_trabajo_det,MOTD_00058,-1.0,-26.0
MST_000500,MANTENIMIENTO_SALIDA,2025-11-06,PROD_0013,DEP_0004,,0.0,1.0,15.0,0.0,15.0,mnt_ordenes_trabajo_det,MOTD_00183,-1.0,-15.0
MST_000501,MANTENIMIENTO_SALIDA,2025-11-06,PROD_0015,DEP_0004,,0.0,1.0,26.0,0.0,26.0,mnt_ordenes_trabajo_det,MOTD_00184,-1.0,-26.0
MST_000722,MANTENIMIENTO_SALIDA,2025-11-07,PROD_0013,DEP_0004,,0.0,1.0,15.0,0.0,15.0,mnt_ordenes_trabajo_det,MOTD_00405,-1.0,-15.0
MST_000723,MANTENIMIENTO_SALIDA,2025-11-07,PROD_0015,DEP_0004,,0.0,1.0,26.0,0.0,26.0,mnt_ordenes_trabajo_det,MOTD_00406,-1.0,-26.0
MST_000784,MANTENIMIENTO_SALIDA,2025-11-10,PROD_0013,DEP_0004,,0.0,1.0,15.0,0.0,15.0,mnt_ordenes_trabajo_det,MOTD_00467,-1.0,-15.0
MST_000785,MANTENIMIENTO_SALIDA,2025-11-10,PROD_0015,DEP_0004,,0.0,1.0,26.0,0.0,26.0,mnt_ordenes_trabajo_det,MOTD_00468,-1.0,-26.0
MST_000143,COMPRA_INGRESO,2025-11-13,PROD_0012,DEP_0001,,5841.14,0.0,1.1887,6943.36,0.0,erp_recepciones_compra_det,RCD_00147,5841.14,6943.36
MST_000562,MANTENIMIENTO_SALIDA,2025-11-13,PROD_0013,DEP_0004,,0.0,1.0,15.0,0.0,15.0,mnt_ordenes_trabajo_det,MOTD_00245,-1.0,-15.0
MST_000563,MANTENIMIENTO_SALIDA,2025-11-13,PROD_0015,DEP_0004,,0.0,1.0,26.0,0.0,26.0,mnt_ordenes_trabajo_det,MOTD_00246,-1.0,-26.0
MST_000376,MANTENIMIENTO_SALIDA,2025-12-02,PROD_0013,DEP_0004,,0.0,1.0,15.0,0.0,15.0,mnt_ordenes_trabajo_det,MOTD_00059,-1.0,-15.0
MST_000377,MANTENIMIENTO_SALIDA,2025-12-02,PROD_0015,DEP_0004,,0.0,1.0,26.0,0.0,26.0,mnt_ordenes_trabajo_det,MOTD_00060,-1.0,-26.0
MST_000564,MANTENIMIENTO_SALIDA,2025-12-04,PROD_0013,DEP_0004,,0.0,1.0,15.0,0.0,15.0,mnt_ordenes_trabajo_det,MOTD_00247,-1.0,-15.0
MST_000565,MANTENIMIENTO_SALIDA,2025-12-04,PROD_0015,DEP_0004,,0.0,1.0,26.0,0.0,26.0,mnt_ordenes_trabajo_det,MOTD_00248,-1.0,-26.0
MST_000626,MANTENIMIENTO_SALIDA,2025-12-04,PROD_0013,DEP_0004,,0.0,1.0,15.0,0.0,15.0,mnt_ordenes_trabajo_det,MOTD_00309,-1.0,-15.0
MST_000627,MANTENIMIENTO_SALIDA,2025-12-04,PROD_0015,DEP_0004,,0.0,1.0,26.0,0.0,26.0,mnt_ordenes_trabajo_det,MOTD_00310,-1.0,-26.0
MST_000724,MANTENIMIENTO_SALIDA,2025-12-04,PROD_0013,DEP_0004,,0.0,1.0,15.0,0.0,15.0,mnt_ordenes_trabajo_det,MOTD_00407,-1.0,-15.0
MST_000725,MANTENIMIENTO_SALIDA,2025-12-04,PROD_0015,DEP_0004,,0.0,1.0,26.0,0.0,26.0,mnt_ordenes_trabajo_det,MOTD_00408,-1.0,-26.0
MST_000786,MANTENIMIENTO_SALIDA,2025-12-06,PROD_0013,DEP_0004,,0.0,1.0,15.0,0.0,15.0,mnt_ordenes_trabajo_det,MOTD_00469,-1.0,-15.0
MST_000787,MANTENIMIENTO_SALIDA,2025-12-06,PROD_0015,DEP_0004,,0.0,1.0,26.0,0.0,26.0,mnt_ordenes_trabajo_det,MOTD_00470,-1.0,-26.0
MST_000438,MANTENIMIENTO_SALIDA,2025-12-08,PROD_0013,DEP_0004,,0.0,1.0,15.0,0.0,15.0,mnt_ordenes_trabajo_det,MOTD_00121,-1.0,-15.0
MST_000439,MANTENIMIENTO_SALIDA,2025-12-08,PROD_0015,DEP_0004,,0.0,1.0,26.0,0.0,26.0,mnt_ordenes_trabajo_det,MOTD_00122,-1.0,-26.0
MST_000502,MANTENIMIENTO_SALIDA,2025-12-09,PROD_0013,DEP_0004,,0.0,1.0,15.0,0.0,15.0,mnt_ordenes_trabajo_det,MOTD_00185,-1.0,-15.0
MST_000503,MANTENIMIENTO_SALIDA,2025-12-09,PROD_0015,DEP_0004,,0.0,1.0,26.0,0.0,26.0,mnt_ordenes_trabajo_det,MOTD_00186,-1.0,-26.0
MST_000440,MANTENIMIENTO_SALIDA,2025-12-25,PROD_0014,DEP_0004,,0.0,1.0,42.0,0.0,42.0,mnt_ordenes_trabajo_det,MOTD_00123,-1.0,-42.0
MST_000441,MANTENIMIENTO_SALIDA,2025-12-25,PROD_0015,DEP_0004,,0.0,1.0,26.0,0.0,26.0,mnt_ordenes_trabajo_det,MOTD_00124,-1.0,-26.0
